state,year,Ratio between the Democrate and Republican Proportion,Liberalism of Social Policy,Liberalism of Economic Policy,Liberalism of Social Resident,Liberalism of Economic Resident
Alabama,1946,0.5730166187702845,0.7729834131549599,-0.8263391280797671,-1.2475526586562546,-0.25475777447799747
Alabama,1947,0.5725632157588045,0.7242258964080033,-0.8185907785590063,-0.7853804870224445,-0.22186753675978038
Alabama,1948,0.5798446523215993,0.7137592273999004,-0.7771124300668689,-0.6781893426015155,-0.24912960748484866
Alabama,1949,0.5863253168816731,0.6321392769998798,-1.1171920803323667,-0.3349404096482349,0.29195108274364207
Alabama,1950,0.6062156414956891,0.6254939410793895,-1.242604250225928,-0.37943679076692244,0.8687145344837084
Alabama,1951,0.6269738070535942,0.5714939617904423,-0.9391058950997669,-0.26803791045743824,1.5758879423719165
Alabama,1952,0.6534680134785628,0.5564440320603069,-0.8854197689875702,-0.46303742789695546,0.513757842606378
Alabama,1953,0.688178669707453,0.5676162774945763,-1.2644586473333093,-1.4165085055675652,1.283061428941104
Alabama,1954,0.7645981148845806,0.4928590322535838,-1.0814160687079741,-1.876773269051664,1.9339031551350048
Alabama,1955,0.8128911170720631,0.4260746476017602,-0.9726765613274159,-1.7618206742882143,0.8773260490825607
Alabama,1956,0.8633462307343727,0.4162941498198936,-1.575711726432908,-1.7285818633551193,2.620388609255473
Alabama,1957,0.8216433103718425,0.4689285204367038,-1.2246128765894073,-1.7006081439816567,0.2209382049082202
Alabama,1958,0.8333276819535516,0.42715498411182623,-1.618259006711506,-2.1101653938818847,2.1862840163623645
Alabama,1959,0.85832247099675,0.29727013608915054,-1.42029981228194,-1.8485934371357824,0.3821666656971092
Alabama,1960,0.849841809027111,0.27760046736563665,-1.4022517028273582,-2.2035449794052995,1.0766667049149736
Alabama,1961,0.8191489350665756,0.06751688603349998,-1.3573156720214563,-1.8503306572700386,1.1768441398774074
Alabama,1962,0.7738129877268338,0.041392068853911626,-1.2812448724297627,-2.2793988542219075,1.2772800388460197
Alabama,1963,0.7319178690681984,-0.03172914569596336,-1.4319468269697602,-1.1560551641446342,1.3215437719780938
Alabama,1964,0.7216044062662688,-0.07161077048506476,-1.1274314432287396,-2.1931759755493023,1.5527347030918874
Alabama,1965,0.7229103308392112,-0.26924304394529547,-1.2675468600022293,-1.6324818168678692,-0.137209726399939
Alabama,1966,0.7839578403612673,-0.13768146570210968,-1.4026367293386544,-2.247707157214709,0.32138825539713467
Alabama,1967,0.9580778105777771,-0.23561515675861486,-1.601973430016991,-2.224363543481551,-0.10658807856009317
Alabama,1968,1.0991032606253202,-0.23044465823822827,-1.2082550223051727,-1.592958229864633,0.012505085349546636
Alabama,1969,1.1577483567671667,-0.41876675800272195,-1.4876517017696889,-1.8162742735492017,0.19875131097822385
Alabama,1970,1.162639514951747,-0.4723462182395508,-1.5227857640231217,-1.3327112488972706,-0.1378771423356457
Alabama,1971,1.2115064266191617,-0.6685003793683165,-1.633199402279232,-1.5394751827553184,-0.06926158284849195
Alabama,1972,1.2960037389934418,-0.7815687824818468,-1.2870317084409821,-0.8907125917912367,0.01954735280051254
Alabama,1973,1.4310999737731236,-0.6262940024719096,-1.652971258471766,-0.6018989020396138,-1.003493623460646
Alabama,1974,1.5726664254144116,-0.9564170156413503,-1.5779568617267563,-0.6913490125195084,0.3632858208471819
Alabama,1975,1.6950267361269287,-1.0050456447102118,-1.6823013177287949,-0.4100450197828471,-0.4299687160440952
Alabama,1976,1.786535659603733,-0.9795605553905521,-1.5909318319002526,-0.43539600767678566,0.39815773766673274
Alabama,1977,1.8684692225820647,-0.9872197136063887,-1.5252801048563647,-0.40116917792465123,0.09174568413412842
Alabama,1978,1.9761334384621652,-1.0124152785351452,-1.632973987304705,-0.6328797967983006,0.5002726810420433
Alabama,1979,2.019560324522499,-1.0289055522440615,-1.6739973459355058,-1.0949064638176933,0.08022986936228288
Alabama,1980,2.084811999418035,-0.9580610108894501,-1.9700825964730628,-1.387407548771712,0.37733038186736945
Alabama,1981,2.0793289617067745,-1.0732603539231207,-1.914929439903945,-1.5119104291141503,0.16010963397959546
Alabama,1982,2.03419509332781,-1.0530666343135793,-1.9795080735652633,-1.3510230441544737,0.20905344285389763
Alabama,1983,1.89272600382154,-1.0765721113139264,-2.1273835167423982,-1.3654603621609331,-0.06571693665125648
Alabama,1984,1.7633480054757218,-1.0973692472891499,-1.9706879040075913,-1.35579837927697,0.38922206421247146
Alabama,1985,1.5819317533129968,-1.0758375154024482,-2.1245520762817165,-1.471041808661379,-0.09834900297669616
Alabama,1986,1.4253475577299564,-1.1022845406705024,-2.0953017824176445,-1.141696040813247,0.24913514896407915
Alabama,1987,1.166738276246564,-1.2682501184910253,-2.1457236595901965,-1.7959815568621285,0.44022450925446194
Alabama,1988,0.9954285955005341,-1.3106919776191217,-2.1594411314295727,-1.432171641299327,-0.11798510291118915
Alabama,1989,0.8671132929312755,-1.3303869808188429,-2.18831816108347,-1.6079124596455774,0.3126750775174511
Alabama,1990,0.7877204517728916,-1.262169252706027,-2.011423755649676,-1.418883737105526,0.12247123304823637
Alabama,1991,0.6729438684318929,-1.298536938382109,-1.8542972569847687,-1.4065521221619695,0.2258368431227156
Alabama,1992,0.598207845151226,-1.239889604182748,-1.761254446382456,-1.6717950111976934,0.7546586600513424
Alabama,1993,0.5733249264115297,-1.247832040194937,-1.8887371764442071,-1.7201996163352828,-0.2260918041618086
Alabama,1994,0.5109240362703791,-1.2342662172537513,-1.6536313466263808,-1.854958998285491,0.5220876464884157
Alabama,1995,0.4731856332555172,-1.1655645015185916,-1.4570806103032896,-1.7090618970240876,0.13155177302733528
Alabama,1996,0.4181189652814327,-1.1247692142621046,-1.509237371637562,-1.7972260936934477,0.6823313187745157
Alabama,1997,0.3060310655448189,-1.2859704734832698,-1.0898492646976459,-1.586046802475226,0.4955150704043335
Alabama,1998,0.215100647251081,-1.2623459011892362,-1.06734482913674,-1.5178870140910714,0.642910408242257
Alabama,1999,0.15339431736130052,-1.2399109502482217,-1.1394581158663681,-1.350273066406226,0.55518054275345
Alabama,2000,0.06455021497550857,-1.3276826870154195,-1.2355221487539445,-1.3066846233160196,0.3792894695091487
Alabama,2001,-0.05176735619689733,-1.205413844888774,-1.034132136929848,-1.3665484054551689,0.22232057802414337
Alabama,2002,-0.13895514531448297,-1.382562520045498,-1.2427652995110572,-1.387910507948517,0.035731429602641945
Alabama,2003,-0.2184034034625799,-1.4090989967771903,-1.2797947765089037,-1.415447409267533,0.29362346099736647
Alabama,2004,-0.2810774446872682,-1.3177625321847652,-1.1371427121881006,-1.4370229563262287,0.03148965855677804
Alabama,2005,-0.33635782706570133,-1.2546628988911428,-1.0957258658337259,-1.5088950907337957,0.1820078502938946
Alabama,2006,-0.39356702905319124,-1.3402132631821981,-1.130364205884514,-1.38562061290224,0.1278427027753579
Alabama,2007,-0.44047865258046315,-1.3279939006672932,-1.2219649591823056,-1.4262384141846842,0.22402638299833927
Alabama,2008,-0.5318659791407285,-1.3179441336427076,-1.1989371592444775,-1.530885031761055,-0.39316917295251236
Alabama,2009,-0.5629957373895011,-1.3641948138370794,-0.9338476577543763,-1.4130882179680038,-0.7911338807883687
Alabama,2010,-0.5869565747110008,-1.3040779616090847,-0.8820215077335406,-1.4886562897896418,-0.6874592308548511
Alabama,2011,-0.6056821506091983,-1.2899078097044716,-0.8432830098496094,-1.4196265613614911,-0.771007933992232
Alabama,2012,-0.5769797528720091,-1.2703827190202674,-0.7969412963947441,-1.4600332941538787,-0.4698542389388012
Alabama,2013,-0.5467818309228082,-1.261582782680548,-1.2073530494411515,-1.4668923401187777,-0.9898621610011045
Alabama,2014,-0.5419504541753174,-1.2441253453484484,-1.1009540097839396,-1.4832097986483805,-0.6883856282036752
Alaska,1946,-0.9072906690808339,0.4275999181056087,-0.5194674981307024,0.3274813706215838,0.03716570347798971
Alaska,1947,-0.8958982747415793,0.4048625100168701,-0.3598267804298127,0.29600375414491614,-0.5295920857776948
Alaska,1948,-0.8855153984482738,0.44477960756001134,-0.3568221096749545,0.6742143732096088,-0.8800915408619511
Alaska,1949,-0.8775508644804253,0.39157506280520893,-0.4760985213436101,0.8451472471193022,-0.5027583842911666
Alaska,1950,-0.8661707692479023,0.4224131752561317,-0.45558948833098584,0.3124403788301154,0.19722616288689873
Alaska,1951,-0.8588316467569305,0.42788117675235304,-0.38570535468386513,1.198865731007504,-0.2907510602605776
Alaska,1952,-0.8499306922132032,0.4342352544793249,-0.39043424858034054,1.2603623599956153,-0.3251841179495203
Alaska,1953,-0.8258846384325126,0.4499679496220183,-0.498359717451431,1.6485656171373857,-0.26972187104368933
Alaska,1954,-0.8177842631293121,0.4499804533691949,-0.4456304474778822,1.1250363353027215,-0.5671299942081077
Alaska,1955,-0.8084782657206451,0.4266688356345419,-0.4216080919642437,0.5487748084762365,-1.4590709825353856
Alaska,1956,-0.8075565431207204,0.45891636518036893,-0.4793661784808923,1.368229356939914,-0.8779238270359541
Alaska,1957,-0.8090829034894716,0.47780002116764336,-0.42623178402778733,0.9763898345573068,-1.9347402472745567
Alaska,1958,-0.8299838676564333,0.49916372008785825,-0.42241470420934335,1.0449064908037016,-0.16623705374985479
Alaska,1959,-0.8530118743067943,0.4095391632139105,-0.43953997477802115,1.1346730259748605,-0.5452928843702843
Alaska,1960,-0.8764785792706989,0.40395548273865584,-0.15534871679713366,1.2690820449288251,-0.4149020499886938
Alaska,1961,-0.8973743146606941,0.409888793646428,-0.14276501005341796,1.409030036618313,-0.6445884301216608
Alaska,1962,-0.9047538729738864,0.3138431664358425,-0.2270545310387149,1.7172135714991654,-0.5234910979285428
Alaska,1963,-0.913767139877838,0.3239443491187393,0.002865662170649314,1.5982227008877774,-0.5973927146914102
Alaska,1964,-0.9335305555282837,0.23599865775186507,0.1607729154402623,1.5512683251837645,-0.36921170130529946
Alaska,1965,-0.9493103935325324,0.009447097454562398,-0.13026143742059382,2.049234693866444,-0.30162519077540884
Alaska,1966,-0.9553121470145319,-0.0501824181020393,-0.06536543471937369,2.351123041826367,-0.290128929682141
Alaska,1967,-0.959830481462021,-0.2008296302090668,-0.1253178170864993,2.6410595927150053,-0.23639675183191128
Alaska,1968,-0.9669980876906316,-0.15967937425785858,0.54514479795228,3.337883538119974,-0.3187742962714184
Alaska,1969,-0.9816789083792123,0.30556628052236456,0.46870137722627087,2.3929559730439838,-0.3813143094793041
Alaska,1970,-0.9963096387337855,0.24187839467759378,0.9866837959278871,2.2310192435926046,-0.401165523076128
Alaska,1971,-1.01852686332679,0.05696267490632855,0.9499483670513038,1.9080935159810464,-0.3142933661534836
Alaska,1972,-1.0384320084043177,0.3659983779157619,1.0171829335041738,1.773962445855728,-0.2840272822541411
Alaska,1973,-1.073343203072744,0.16009488185336096,0.7447850177646352,2.0541056894521237,-0.31430376279475664
Alaska,1974,-1.1093954551074168,0.13421208050388364,0.8655113529786715,2.07109344284841,-0.21948670321671884
Alaska,1975,-1.1313402918190572,0.15242280590459953,0.6183236746515993,2.03283164142034,-0.25204291146683827
Alaska,1976,-1.1479353074629535,0.09263621519656441,0.6534255291751356,1.982576559456221,-0.24661672389120592
Alaska,1977,-1.1813203880327259,0.027938280120708342,0.7880567412586758,2.0466980520616302,-0.27665206981224316
Alaska,1978,-1.2113918766704928,-0.01695303464374519,0.7202469535645187,2.098867746331287,-0.29746355436897726
Alaska,1979,-1.2255322220036569,0.01738850500450236,0.2589149082640435,1.8792143265967112,-0.3154445392543104
Alaska,1980,-1.235726223588658,0.2516701432448676,0.5779299813732749,1.9186037282834214,-0.33084599417349436
Alaska,1981,-1.248888601299024,0.5282108257959169,0.6387381061451987,1.7831590506860717,-0.3478477690704943
Alaska,1982,-1.2790173671518867,0.4577626217564964,0.9523623890995605,1.9256351815156083,-0.34912848853201733
Alaska,1983,-1.2983603421115597,0.46712633929461866,0.9008659247019101,1.9115113143440645,-0.3579648144800203
Alaska,1984,-1.292685364644211,0.3998674463475431,0.5321459145918949,1.8564886310361972,-0.4329277282229233
Alaska,1985,-1.2947546740282123,0.37914139948561804,0.9155595078947163,1.8224622083392155,-0.34377759428483545
Alaska,1986,-1.30953436761869,0.37043658350353476,0.8296560696266941,1.6249257154480428,-0.34975682825297094
Alaska,1987,-1.3214236791736553,0.354318184460172,0.5202776454386027,1.4109339727586392,-0.34491639339483665
Alaska,1988,-1.3326479963302218,0.295804552094422,0.19918286350723408,1.2426944260019808,-0.37533002839054447
Alaska,1989,-1.3293210879107595,0.5820027437346182,0.15186656942506055,1.029427398696301,-0.38262633580752814
Alaska,1990,-1.3130405808725378,0.500950088403913,0.38816337945078033,0.8066928269717835,-0.4732523325900474
Alaska,1991,-1.3020112587211599,0.4185251637680181,0.7653208414727318,0.5861675391041833,-0.43570488794249324
Alaska,1992,-1.3025965832996216,0.3819780751656893,0.8138547264162406,0.4319092152412152,-0.49755091093898307
Alaska,1993,-1.2875059617226905,0.3181674555724085,0.6767233025259778,0.2782460402453404,-0.4304850432842146
Alaska,1994,-1.2520494452386302,0.41728419878048606,-0.08891510483477763,0.41393480101538327,-0.47189816591436634
Alaska,1995,-1.2118915569025128,0.4271569230868644,0.2184005783839555,0.33909090766502836,-0.43024989215589526
Alaska,1996,-1.2221216406602713,0.3949804282187053,0.6817597975203661,0.39798553076001075,-0.525495514661189
Alaska,1997,-1.2397463580773191,0.4182388168913355,0.6247557362625696,0.5010725119475463,-0.4369770650561815
Alaska,1998,-1.2557945474016239,0.34397991957185536,0.25967727069105356,0.6650530456082717,-0.45478985218224527
Alaska,1999,-1.2597144922417731,0.4612970073568408,0.41399409957793115,0.7890512693859271,-0.46449843512891204
Alaska,2000,-1.2400277411702512,0.21356241205087534,0.29333393561305837,0.885635809823202,-0.4098071565120314
Alaska,2001,-1.2292308413671087,0.4893141945488103,0.17267875753040737,0.9640687761057868,-0.4631853291300866
Alaska,2002,-1.2152264685278644,0.4582492711983329,0.17653811949489742,1.0013887495279332,-0.40680223524782905
Alaska,2003,-1.2219145023634117,0.4034264918087721,-0.03155534899995154,1.0799153384696978,-0.43103730904820986
Alaska,2004,-1.2379633930919913,0.2489332888179892,0.11119717316811915,0.9106965154365892,-0.4190192269230403
Alaska,2005,-1.2737829946879136,0.20572218711016854,0.010228731403636386,0.7007440082455939,-0.4033881107576095
Alaska,2006,-1.3161024343194663,0.20466477546311004,-0.08158459697162108,0.2845716150938364,-0.4539088186414378
Alaska,2007,-1.3367097000474277,0.13230776976687594,-0.27102881091854086,0.06353608524877623,-0.49059491717630704
Alaska,2008,-1.3670888070675342,0.14351845692119788,-0.22375154005855982,-0.16797571363629582,-0.46844297346636915
Alaska,2009,-1.365170950822868,0.08306675902936274,-0.4264640887272163,-0.2300114113189261,-0.5255723768541405
Alaska,2010,-1.3463277065803303,0.04494679559183176,-0.22605462342037766,-0.7147934838215656,-0.5038348274431435
Alaska,2011,-1.3159797150034298,-0.004239118051750368,-0.20520560903793975,-0.8009997045711429,-0.4883017270265627
Alaska,2012,-1.2556880636536498,0.0041979413998411135,-0.19622010265722908,-0.9187123855578724,-0.46315351671082156
Alaska,2013,-1.2310380821220708,-0.1052548058781411,0.12458311484078585,-0.9999126828392494,-0.4315340705911485
Alaska,2014,-1.2152315871264905,-0.09881272523654758,-0.12789853815405614,-1.0477263925789624,-0.4261763672600824
Arizona,1946,-0.08777133676012411,-0.6078044201970796,0.8987635010195495,0.895057489958297,0.22203903721820858
Arizona,1947,-0.09527369008880898,-0.6071723913752771,0.2402156787294951,0.5333650402563255,-0.07593052405208371
Arizona,1948,-0.1074031010734157,-0.6668536981937334,0.21954754936687934,0.23571263715155402,-1.4558709708186095
Arizona,1949,-0.11091562044837985,-0.7323670399131244,0.47029648135207375,0.7136291998654049,-1.547113826426445
Arizona,1950,-0.11487341158302695,-0.7110831397968199,0.5543854655599249,0.9599011480847279,-0.8943591170856637
Arizona,1951,-0.11391572430448937,-0.7196090002479087,-0.017868347830242735,0.7490951333717344,-0.2214291934587272
Arizona,1952,-0.11089307472816402,-0.7279336543500213,0.01365307803336793,0.0646755853976481,0.2018949694149611
Arizona,1953,-0.1177026606865947,-0.7234323175026564,0.16565784206222722,-0.6741055967228793,0.7268869271252508
Arizona,1954,-0.10976458675818265,-0.7875951666656548,0.04319455891495582,-0.25167597236584366,-0.460420275866676
Arizona,1955,-0.10561194220391713,-0.8235759370132336,0.03395291148393709,0.07096681064363632,0.7957467484573882
Arizona,1956,-0.12610052446542613,-0.8691943004023643,-0.14736831983758616,0.4180710938318417,-0.4081516429483727
Arizona,1957,-0.1453707012728344,-0.8527993037477203,-0.21744635803608608,0.31133058519308177,-0.20668063897448438
Arizona,1958,-0.15950254564546099,-0.9225084710466555,-0.33005159955811275,0.39277128469797645,-0.41946320608449994
Arizona,1959,-0.17789891058580826,-0.9136249760859799,-0.15110429077315685,-0.0719032497421163,-0.3921647373266754
Arizona,1960,-0.1908264711100544,-0.8853738790089763,-0.14981039118294928,0.23325550321400632,-0.653043334312669
Arizona,1961,-0.2245257439044855,-0.8644251344769609,-0.21868574285564032,-0.2983754435781065,-1.4542999890124695
Arizona,1962,-0.2561290475410549,0.06293601091362606,0.022698367520223316,0.44174920008512564,-1.265433155981632
Arizona,1963,-0.27227620334000807,0.033993025830454014,-0.10941989721809696,-1.923153130380853,-1.4978773687835913
Arizona,1964,-0.29542785986943493,-0.00396898028957336,-0.3347807643583643,0.6676056747543826,-0.8899183674862432
Arizona,1965,-0.31604703440981874,0.4861012214893669,-0.40815493260597685,-1.6623493707471382,-0.9630542669807426
Arizona,1966,-0.3142801679636887,0.4198866635775689,-0.20681168652907947,0.2482769736346355,-0.43158820374488505
Arizona,1967,-0.3179678941022827,0.29559793622128505,-0.4113395468130271,-0.7985649769535249,-0.6913404285868491
Arizona,1968,-0.3231494538464258,0.2352043467212465,-0.4448499300931799,-0.6809877298149309,-0.4729865317142196
Arizona,1969,-0.34099323724429,0.02537251740235412,-0.4006362270229065,0.7194482452486216,-0.28015322298516937
Arizona,1970,-0.3563367862229883,0.006965968323169404,-0.5850255365041129,-0.3493945548485771,-0.2884362450461626
Arizona,1971,-0.37474359901905246,-0.22124112186579906,-0.7132722446005197,-0.30144930426226846,-0.2032709803713159
Arizona,1972,-0.39934612722972757,-0.4595624671586834,-0.5825451497912216,-0.09025429995875471,-0.18858011336743935
Arizona,1973,-0.4309895521314418,-0.631941363364757,-0.6540617958459973,-0.7721659205913378,-0.3836461341821474
Arizona,1974,-0.46556408086763434,-0.7377501359840078,-0.7322218079030243,-0.5537651810522519,-0.10045433335255925
Arizona,1975,-0.49257372376277453,-0.7723798112348791,-0.8878865668876924,-0.9777071211146088,-0.31572013998888476
Arizona,1976,-0.5092503896629901,-0.9203694051353718,-0.7218610050185595,-0.7013476585177401,-0.28779548089354856
Arizona,1977,-0.5380256026422836,-0.9080978231706625,-0.7373095112134203,-0.7764515354729995,-0.09469693878636098
Arizona,1978,-0.5655329012108792,-0.8538198076048706,-0.8312806988322412,-0.501610319827147,-0.8916005352091324
Arizona,1979,-0.5816450183933829,-0.9513458755854356,-0.788490142421891,-0.5323136794536767,-0.7445320114749263
Arizona,1980,-0.5721985708864035,-0.8801755736942659,-1.1133883276622552,-0.3622875981668224,-1.1246641865159985
Arizona,1981,-0.5852895144106339,-0.663330355404824,-1.430641691822172,-0.34045497279255055,-0.9718935409662235
Arizona,1982,-0.6220450382449874,-0.6615070296190159,-1.2923369138078387,-0.038929558319854715,-0.9185261116964417
Arizona,1983,-0.6653608222585884,-0.8741259954553061,-1.051396434659331,0.22340214531505323,-0.8887518063003954
Arizona,1984,-0.7176626655774939,-0.8989423677946935,-0.9846433452790998,0.061583590344396984,-0.6522598157130608
Arizona,1985,-0.7589301834760174,-0.8338955369503528,-0.870764699305637,0.2939618600298699,-1.002780194854109
Arizona,1986,-0.8005874625166565,-0.8643754917845031,-0.8646270001341051,0.6087861642263492,-1.039635757164735
Arizona,1987,-0.8580697266728942,-0.8822450313166958,-0.9268227812577,0.6542937418801137,-0.9072166761009046
Arizona,1988,-0.8935216583716693,-0.7457537995221053,-0.9156700627685587,0.6494326129444014,-1.1077377126906176
Arizona,1989,-0.9399096125952517,-0.8267603683394407,-0.9075526495583754,0.4177497982472072,-0.4628053705203842
Arizona,1990,-0.9952459483193431,-0.7792657635143199,-0.9106742541527624,0.7184056943615306,-0.926637193150686
Arizona,1991,-0.9987062142368708,-0.8052628303502136,-0.8786824411872105,0.47617473852498043,-0.7387261116383305
Arizona,1992,-1.007981254153015,-0.8139133612942523,-0.8292751099200548,0.7547782749964057,-0.5150376863835618
Arizona,1993,-1.026431959063992,-0.8171801503893275,-1.0210295674718042,0.5155747513508743,-0.6310642339168363
Arizona,1994,-1.037540434382992,-0.834569003131021,-1.0435690065365355,0.5089713872600637,-0.8801424964942633
Arizona,1995,-1.0460542691348,-0.7989606947350945,-1.0153536158487042,0.4078524455324347,-0.7567960345460979
Arizona,1996,-1.0456380316820386,-0.8313140798385612,-1.035784325873649,0.3248087362965905,-0.6588906731723494
Arizona,1997,-1.0385656937317755,-0.7395107979922356,-0.769301242384962,0.08561179198173367,-0.9327877674751062
Arizona,1998,-1.0320853803310752,-0.7401046866283114,-0.9485174304721339,0.06678249423709746,-0.46787734139930953
Arizona,1999,-1.0079407900249153,-0.6501603214546906,-0.7108761923303515,-0.10042672968588504,-1.003113175430344
Arizona,2000,-0.9431998852472581,-0.6351980684204944,-0.7961317342547538,-0.12086192140451502,-0.4939269874936709
Arizona,2001,-0.9005297184262149,-0.5992821333324303,-0.5571478817308616,-0.09573542796591022,-0.5220552326739948
Arizona,2002,-0.8738603379806117,-0.31046338820605957,-0.8482155078523022,0.08587794122386876,-0.6446486762404852
Arizona,2003,-0.8415997181444752,-0.3072625414816161,-0.799828240712301,0.08674053748965956,-0.4330465226838726
Arizona,2004,-0.8377826984820437,-0.3676176834459884,-0.8393224550406528,0.25423947893948723,-0.6392453802912619
Arizona,2005,-0.8290259105814362,-0.3989164301185134,-0.871236668258508,0.24336989256571523,-0.2981606003399342
Arizona,2006,-0.8460565339801208,-0.5415401122704014,-0.7091521645529864,0.39791954123704376,-0.6315858095423398
Arizona,2007,-0.8558888760070968,-0.4292918850781824,-0.4571463235572146,0.22397820587669537,-0.6371935169623076
Arizona,2008,-0.8453193944871841,-0.4198782880857343,-0.6781516555300289,0.37963679162248126,-0.31484719432107067
Arizona,2009,-0.886766480521196,-0.43343473228063395,-1.0205008527757073,0.11694702570329821,-0.45237994465004594
Arizona,2010,-0.8991420754419029,-0.455158188871372,-0.8451058612178224,0.22245636972439878,-0.5223891908934639
Arizona,2011,-0.8644712972380039,-0.5503067086914438,-0.6214576202291877,0.0819948387455814,-0.22088119363621173
Arizona,2012,-0.8125772709777854,-0.5136620552168807,-0.6318389022383076,0.046309839219135514,-0.03836192015809281
Arizona,2013,-0.8132954619548951,-0.5616340235340203,-1.0330740934881946,0.06005599387467977,-0.24073296739949823
Arizona,2014,-0.8283157927402081,-0.5127601670402637,-0.9791680202983661,0.08537052594064631,-0.38517611688009046
Arkansas,1946,1.6550077157653607,-0.588949162817406,-1.5030622880354556,-1.4469148201277697,0.11944149987576202
Arkansas,1947,1.641521020923525,-0.6092072386066618,-1.1529687290422872,-1.6458888950682613,-0.5539477243011353
Arkansas,1948,1.622150557601747,-0.6846878408690799,-1.3654437462069722,-1.7846112578203774,0.8469240697644279
Arkansas,1949,1.5833707716147272,-0.7262067472457215,-1.2704348150652525,-1.3770067109821411,-0.3374849407515903
Arkansas,1950,1.537069245831669,-0.6877678503279997,-1.2310589817999504,-1.3245706495009373,-0.17991400366349505
Arkansas,1951,1.5272213058043762,-0.7421311218856524,-1.670672221240244,-1.4711611256899146,0.45227254394614314
Arkansas,1952,1.4971756228249637,-0.699919363922324,-1.4345347578414933,-1.267548883487395,-0.2798791196733924
Arkansas,1953,1.4956309158522352,-0.8048526246623552,-1.3258154874004082,-0.8721733934500584,0.5244014634631523
Arkansas,1954,1.4616760076302922,-0.7527065731663141,-1.168261491614253,-0.8592262982621124,2.266252865248166
Arkansas,1955,1.3607631042143058,0.2963249516544705,-1.0653121763868973,-0.9644185672094998,-0.03555924670175825
Arkansas,1956,1.3276277083607504,0.22933619614141282,-1.1785250074798546,-1.509423335092532,0.47414507366801384
Arkansas,1957,1.317019380564408,0.22261393988548206,-0.9833661642602141,-1.9279507647850638,0.33010148411689244
Arkansas,1958,1.4142034435322361,0.23115878859605526,-1.0150950760429232,-1.8712763398270416,-0.018487370587849456
Arkansas,1959,1.4960208820033518,0.06113006050172805,-1.0727783949024468,-1.411900726048638,-0.2224556006446905
Arkansas,1960,1.5859043850137935,0.11709030318231331,-1.08061858629491,-1.3226140113245524,-1.3832501144978688
Arkansas,1961,1.660727042963378,0.07492476888685379,-1.4048820996377134,-1.0476236538505375,-0.7530333553862986
Arkansas,1962,1.588940449335923,0.044081747982213905,-1.257314263996825,-1.2914225143758402,0.20014371939652478
Arkansas,1963,1.522427381565567,-0.044282285187333945,-1.056496964665706,-0.10003991895250544,0.001435607354305935
Arkansas,1964,1.5650995137173518,-0.007559586856907457,-1.1084039077103993,-1.38105633184875,0.32745656831541514
Arkansas,1965,1.6081326236953333,-0.30711805771470674,-0.9183647667539384,0.15092301631236887,0.6252414275790951
Arkansas,1966,1.605475501313294,-0.4395789820256962,-0.8661534952246187,-1.4490193773791746,0.3319909627346909
Arkansas,1967,1.6204234593106195,-0.4993455593328107,-1.0844967582311038,-0.9298921720391796,-0.8171751527813366
Arkansas,1968,1.672498307962355,-0.5587740951513966,-1.2217979901786624,-0.8563457435083565,-1.456906433915625
Arkansas,1969,1.7908794286496723,-0.727665291166274,-0.9658471149145504,-1.002459433601611,-0.7469019368742793
Arkansas,1970,1.9404269555442424,-0.7791023845588,-0.838381421881881,-1.6053583658910069,-1.044131652545468
Arkansas,1971,2.091763857252848,-0.9079889834123253,-0.8418536714964888,-1.473910397325931,-0.24955441433083775
Arkansas,1972,2.125155183360267,-1.1106457314313116,-0.9841785548295187,-1.6560492457839553,-0.1399073555549184
Arkansas,1973,2.091986236621081,-1.5136789951357073,-0.9361430591751728,-1.1880219200939366,-0.21584132734290992
Arkansas,1974,2.0732475081084147,-1.9732587366046066,-1.0079134016226738,-1.244412927305372,-0.12366321960284268
Arkansas,1975,2.06150933392931,-1.9629121683124398,-1.0954688212990291,-1.0830179432890552,0.09905107478441746
Arkansas,1976,2.0625510871687607,-1.4423388853260497,-1.2062326408705926,-1.1027715095459445,-0.085315297104888
Arkansas,1977,2.1147227372725967,-2.01719734268624,-1.1682311353345791,-1.2105271468851195,-0.2573189925822527
Arkansas,1978,2.1927195994501623,-2.057765438131366,-1.2382765134374325,-1.2464946125032073,-0.3776243605385436
Arkansas,1979,2.243924122430792,-2.034132337988137,-1.0391154184221836,-1.0956093351631,-0.33678262693284905
Arkansas,1980,2.3082285451576974,-2.0257472330231185,-1.056860218456762,-1.276802657815268,-0.3098017195833975
Arkansas,1981,2.3635979707930654,-2.1191926975296522,-1.234891473067749,-1.0897700486305872,-0.3250595356215785
Arkansas,1982,2.4203748790652133,-2.1219057906958363,-1.2659176558626453,-1.3362835391778116,-0.14553532638465166
Arkansas,1983,2.4347659857933124,-2.0603659182217564,-1.2168513560705108,-1.131768530960598,-0.058821794510244885
Arkansas,1984,2.540848142410484,-2.0636007192014056,-1.2210336134294422,-1.441287374471161,0.07879288566794368
Arkansas,1985,2.529076907036443,-2.0469611261076524,-1.2491357549092232,-1.236266164199916,-0.14513372075747524
Arkansas,1986,2.408305995303488,-2.0398243482642022,-1.2629661097832676,-1.3700930382718703,-0.15058644318812572
Arkansas,1987,2.37939734829411,-2.1934439813505344,-1.2376805005295133,-1.3780743822345778,-0.05826937905871271
Arkansas,1988,2.2257313454336565,-2.2082143117022843,-1.381651590980754,-1.6867730887738877,-0.039598693170353486
Arkansas,1989,2.167955564019766,-2.409766817896101,-1.4324313172029421,-1.6053516297496029,-0.14378377265520428
Arkansas,1990,2.195551310975202,-2.3691792040779394,-1.4202459665908533,-1.6977861550456814,0.19109247184074993
Arkansas,1991,2.2800424679519464,-2.269840228170923,-1.17548970962788,-1.5608534938874166,-0.13659302152110786
Arkansas,1992,2.334646965388942,-2.049824535796565,-1.2443829782541542,-1.6102131519751945,0.6017997819428199
Arkansas,1993,2.4593786568683105,-1.9310444327359162,-1.0512313754849865,-1.5600415477605292,0.3853573516352068
Arkansas,1994,2.49975919980765,-1.8211461053450066,-1.0354111213560737,-1.4635342283603416,0.7369901052160799
Arkansas,1995,2.517430172909519,-1.8928067378022215,-1.0733239901429281,-1.381473911274046,0.9512933362066586
Arkansas,1996,2.4682807091502488,-1.8159914368041723,-1.125254840250153,-1.3387551305763914,0.7963064571147399
Arkansas,1997,2.4077776054210043,-1.67388944565161,-1.102344147000893,-1.4449008650892565,1.134300081539289
Arkansas,1998,2.3104302739401446,-1.585530105388542,-0.8530641178749163,-1.350858126345701,0.7964040431517213
Arkansas,1999,2.1051474212809107,-1.6281964715127348,-0.941472434073603,-1.439749321780501,0.7414871060911871
Arkansas,2000,1.898361506397851,-1.5474758553606196,-0.9896086715682085,-1.4442949440745758,0.6060489537855067
Arkansas,2001,1.7155110762109427,-2.107639574968192,-0.9212856446823097,-1.4143740562948963,0.4797223090252297
Arkansas,2002,1.5637912421293148,-2.1220301616594353,-0.8323778517567136,-1.4531252143483202,0.037134552088003904
Arkansas,2003,1.4293779386389527,-1.841025842038211,-0.9134852777557988,-1.4603043780895915,0.19196020315592627
Arkansas,2004,1.3084082354465438,-2.028863361884028,-0.8583225967869237,-1.5477522869331637,-0.33557967707206254
Arkansas,2005,1.212439505797203,-2.101497992589396,-0.7991262048515093,-1.4251500370540677,-0.0792785034274369
Arkansas,2006,1.0647157022963702,-1.793489886991885,-0.5948063466544354,-1.502186817018175,-0.8108070706156265
Arkansas,2007,0.8704530994824159,-1.7663801475668472,-0.519318816494747,-1.501829980528336,-0.48251808941266655
Arkansas,2008,0.7187810337634398,-1.7750471292309666,-0.6711250139212935,-1.519674438951213,-0.9413305973100318
Arkansas,2009,0.5765812821466143,-1.6927167200117812,-0.6613700417751609,-1.4860289574825651,-0.28668894042638726
Arkansas,2010,0.4814662202950069,-1.505791923816654,-0.8664632209479362,-1.4445043946130047,-0.7667912167230473
Arkansas,2011,0.4023866647753322,-1.4484820944716417,-0.9447665332230175,-1.5542103341458648,-0.3337850853820957
Arkansas,2012,0.3219342005062346,-1.4094270451267112,-0.9534596423206169,-1.5496488860603548,-0.42820743616528956
Arkansas,2013,0.28044607445105146,-1.4247651525820553,-1.0235364272151783,-1.6003190732673884,-0.36171841362273666
Arkansas,2014,0.2612387697987854,-1.4543157074764896,-0.9119168047426709,-1.583960244609797,-0.07189227538171615
California,1946,-0.17624074023879363,0.3298747483151599,2.5551256263811077,0.854300537133274,0.8595003201685095
California,1947,-0.1765807580793326,0.29548294282334553,2.6645640191426287,0.7346852598915762,1.1109910517529487
California,1948,-0.17642929971530824,0.26424732906435994,2.5022421457876436,1.0132174889862013,0.8042595061102716
California,1949,-0.15015813044907653,0.9241625837016292,2.6335610413974266,0.9641052217924125,1.123400161435454
California,1950,-0.16626066768644324,0.905780210068335,2.534935841063531,1.201895167669335,0.7817089020278319
California,1951,-0.19270509758511584,0.9484235641137861,1.8760463294642507,1.597064448278687,0.44890726481849463
California,1952,-0.21753765901584424,0.8819918244760825,1.9688021676667604,1.1262084557634129,0.8677946038935934
California,1953,-0.28834903566825865,1.1140338729766595,1.810185224942409,0.7338345442614259,0.5351484707534738
California,1954,-0.36174298323741694,1.3294124500286348,1.731217036026312,0.7907096736756559,-0.23071100947051623
California,1955,-0.4087434854410512,1.2669095513131745,1.549098717505675,1.0411319121445064,0.6014146170902374
California,1956,-0.31904402655408937,1.2898058778205843,1.5054645354972578,0.5256772989987264,1.2235032680003097
California,1957,-0.28959167517303896,1.288652190164254,1.7432056639218672,0.9907617329909864,0.4545328639203791
California,1958,-0.2921227525260886,1.3019455822274384,1.8912971572715527,0.4716919911042034,1.5537308938532777
California,1959,-0.3178489542859649,1.1006341434397828,1.8502957325048754,0.42950608606996515,0.1943129054383101
California,1960,-0.2983180064022239,1.0840319338115476,1.903445024942603,0.7087872979127444,0.05826618502394716
California,1961,-0.2802043305569251,1.139708329098669,1.7620658932548903,0.9334723038083005,0.09667713820923815
California,1962,-0.30516080348614494,1.0951725096145613,1.951261729041303,1.2142785049186458,1.0998169499962827
California,1963,-0.3426880457951537,1.0221950021578667,2.259438819092369,-0.28164098181834646,1.1656209370553454
California,1964,-0.35132285299165006,0.9683635580182529,2.3181852636197684,1.3706303144818166,0.1092297744794409
California,1965,-0.41946015018818067,0.7796648936032324,2.0641522455934473,-0.05496237501562025,-0.9538233165311184
California,1966,-0.44677459072845876,0.5752731698387801,1.937795094104367,0.6260282071496162,1.1046324225967783
California,1967,-0.47501444022751893,0.5076990797285655,2.140453207610152,0.06900090220147916,0.8706479936848577
California,1968,-0.44858449125207656,0.4431853797569564,1.9317944342471332,1.3451509845674752,0.6502731138267163
California,1969,-0.44441034929168965,0.8755761815978412,1.7969964454362761,1.7615931945938301,-0.39629058425332786
California,1970,-0.42298651986638525,1.2900463132531887,2.0480394862232183,1.0176094662232578,0.7125672450179377
California,1971,-0.36936681773906493,1.200489109506086,1.7660301130189073,0.7880902827006135,0.5204277029827801
California,1972,-0.3288105175120953,0.9000532488270842,1.6255683588029668,1.0835521099444734,0.670497223651335
California,1973,-0.26640910353903735,1.1077516345574177,1.3219335789672975,1.734838457545884,2.247609255148129
California,1974,-0.1868332754653326,1.0555137029485067,1.2967082591587276,1.2047585160510186,1.1662431882813145
California,1975,-0.12903532001517773,0.9758285383970366,1.2627829626741875,1.0821144721334452,0.9246235735589351
California,1976,-0.15362623334384026,1.17943855605436,1.231162463107168,1.417142755059975,0.5362825092205411
California,1977,-0.1062233538034585,1.1172608803209814,1.5911529078056716,1.2711617012127037,0.9597589884178339
California,1978,-0.06206155078599191,1.115007415239381,1.4244581595837928,1.1832669075897726,0.4763467953923868
California,1979,-0.10381348722761384,1.0849031829255902,1.508840913768432,0.8831255955146855,0.43250630855271016
California,1980,-0.17222700652316594,1.0928366812811108,1.6773437501006172,1.0625942360053149,0.33081272923804744
California,1981,-0.21828502249818954,1.1919295785913868,1.3529182750875255,0.8939919572211795,0.6520799272105408
California,1982,-0.220417857154988,1.1554413150667076,1.1654944695978213,1.0701876714672152,0.44522385175441803
California,1983,-0.2322415786904131,1.1095743572497594,0.9898418661641092,1.1366727990457535,0.25427264964386276
California,1984,-0.4085928324250678,1.1808586996147916,1.241371321322354,1.590378664513725,0.5518408868343895
California,1985,-0.45265771786143416,1.159618778395264,1.2866905750553053,1.2749414813363988,0.5532294879708675
California,1986,-0.4965522028511339,1.3797684608753515,1.218486118862433,1.5224524287084256,0.44900144607929593
California,1987,-0.5058052489124257,1.4351364990557225,1.3421698533535544,1.412722861432422,0.15676317882742266
California,1988,-0.5554416788480774,1.4009693166563757,1.4068048412038652,1.3451722708614273,0.4155021465473915
California,1989,-0.5098196318358571,2.1678601100829513,1.325342212217795,1.3379421633899102,0.2827873856041444
California,1990,-0.43011657627151334,2.353609625191074,1.3888657499409285,1.6365314546633143,0.04592611505073513
California,1991,-0.2878372276085747,2.2847978697768134,1.3300651971285529,1.3978678405749563,0.1798207530837715
California,1992,-0.17202321894256736,2.3606345395773403,1.4343371509835385,1.4504749816654543,0.1195933474484125
California,1993,-0.1309675953873311,2.2144064936388768,1.22446642649219,1.386415268312995,0.4668339382388495
California,1994,-0.0482048529391649,2.15418737855242,1.43637363482532,1.2541933379744894,0.3918391684389631
California,1995,-0.05861636890053239,2.1342894193787596,1.1970935200408577,1.3811729760654798,-0.10765703792325348
California,1996,-0.027641549310927056,2.246131899664436,1.4930723856773682,1.0501548760995845,0.5117533871955251
California,1997,0.1314825836776191,2.2135123248073802,1.3875156358276197,1.214320278416812,-0.06845394171020183
California,1998,0.35551699240588197,2.265080772358761,1.538013904293259,1.064673451479583,0.6565499756802291
California,1999,0.3971277056503658,2.359400406228343,1.8584472701213617,0.97892207372208,0.14071306521701002
California,2000,0.43717517305486386,2.282282152761861,1.8241418812143058,0.8335962814881799,0.4169368658187447
California,2001,0.4925653243001176,2.2643098723836275,1.8210044723119663,0.9014594037667064,0.7629229146736537
California,2002,0.4426902901702873,2.225826130298857,1.931911165915845,0.9924990989144086,0.624079096180713
California,2003,0.39017745280959876,2.53625208384158,2.0401559493079113,1.0159099415775312,1.1698105505135776
California,2004,0.33133588560247795,2.390532956500105,1.9251428402214856,1.1022471003888672,-0.10361477642512197
California,2005,0.3391787418749421,2.4264578449240175,1.6878342326879119,1.237832222474712,1.0734279032083704
California,2006,0.38402939581102713,2.233473316193117,1.532228272407957,1.1031068157714439,0.7271080577268616
California,2007,0.45770778988463057,2.0801420838578797,1.6993874958309745,0.9872068574465699,0.5543162065934006
California,2008,0.6063248047111859,2.0042839005494693,1.5299742302775483,0.9482863739349644,1.030961986866299
California,2009,0.6631620257177354,1.916674899763387,1.3859153930084203,0.9386423149961952,0.8313506994636973
California,2010,0.6851487517935179,1.903506370940787,1.5099823587081018,0.9241763064972894,1.0835387082049526
California,2011,0.7671977697801794,2.074280914011593,1.4466608011196422,1.0273534658630554,1.1457048810044888
California,2012,0.8650021944875449,2.002853815463008,1.480096784163962,0.985906114570433,1.1206602441616065
California,2013,0.9996876558290391,2.120220069027092,1.3556063764614705,0.9964679286191366,1.3779856419133931
California,2014,1.1588371023129949,1.9992434717286656,1.296014899144166,1.0407134124417787,1.5515078214778626
Colorado,1946,-0.4759106475017383,-0.5631257019617919,1.80501513996371,-0.3451844373132317,0.40698453266959916
Colorado,1947,-0.4718156501562964,-0.5811308739413514,2.077220760252247,-0.3427947758196808,0.3409466448062827
Colorado,1948,-0.47097813271034333,-0.7085711710496441,2.0761370248625997,0.37529676872329076,-0.0012414944059866836
Colorado,1949,-0.4681985349234853,-0.7600497081510547,1.91321536418925,0.2542044098607756,0.4459153096264759
Colorado,1950,-0.4581271528069062,-0.7125827897693484,1.9753539467181827,0.30087230656095276,0.022065525175457602
Colorado,1951,-0.45598026856466384,-0.7263567318683184,2.128389674970301,-0.09514141640795183,-0.26731530967009354
Colorado,1952,-0.45291400965757195,-0.7016638280316415,1.773523664346762,-0.3848581872284239,-0.538736074078266
Colorado,1953,-0.5106323129209498,-0.6952423623894585,1.5477063306141234,-0.43379906207953683,-1.1755336846593383
Colorado,1954,-0.5417224345517279,-0.7626995464709675,1.3807169691733698,0.20381451232828368,-1.762455771554407
Colorado,1955,-0.5266490821250869,0.29713538982510934,1.3573805156183518,0.8689386285906164,-0.4267826114311747
Colorado,1956,-0.5224102475755843,0.1857790985100872,1.2556445630792694,0.1781806113540341,1.0099529193604015
Colorado,1957,-0.517826695619808,0.2531200864929786,0.9848970006342411,0.4888862350319661,-0.02971847248526293
Colorado,1958,-0.5055688009060556,0.21130546754436155,1.0898125022032958,0.4530708776935427,-0.20448832563172106
Colorado,1959,-0.5054091756954051,0.12081534762277167,1.0113124303608036,-0.12690573193814464,0.4194366143685516
Colorado,1960,-0.4971114647699121,0.04906899186829509,0.9139456930725888,0.36471546200066557,-0.3313818602282516
Colorado,1961,-0.4909639213684212,0.11052754548912948,0.7698272065248228,0.1925723872332573,-0.77159427103233
Colorado,1962,-0.4945946276481527,0.04377607035853441,0.691649481654304,0.6880545024513731,-1.3510628989215117
Colorado,1963,-0.511602268475962,0.011602466816047112,0.7183096949939408,-0.5991613118740557,-1.2748729239698362
Colorado,1964,-0.5239873113217114,-0.014631342930617635,0.523369974627714,0.9534943746241641,-1.6059251746313463
Colorado,1965,-0.5422521270954227,-0.30019724712435325,0.5128621595912195,-0.696903363126569,-0.6941095162523946
Colorado,1966,-0.548029563214122,-0.3900445111297774,0.7409806566276045,0.48209026662323573,-0.7694089849592076
Colorado,1967,-0.5339822836361711,-0.5488699818798962,0.2950203651895888,-0.847732179902566,-0.30016492122563493
Colorado,1968,-0.5355421058927996,-0.5133872354325264,0.21466502029133394,0.5969749785742486,-1.3401592243631855
Colorado,1969,-0.5636266752050604,0.08538143244810503,0.2949903713512128,-0.04995209170852793,-0.6592242400229015
Colorado,1970,-0.5834216560744617,-0.048285127044586415,0.48859880808256184,-0.06804806202275263,-1.2844085074667366
Colorado,1971,-0.5977118672188957,-0.2247661042641721,0.32293442702853326,0.15472180821192963,-1.633916893399758
Colorado,1972,-0.6185804144501877,0.3898126983673333,0.13694436120698414,0.5579423287493127,-1.4630467264783051
Colorado,1973,-0.6414868668178524,0.3465755586406674,0.408976068470536,0.38846258900620256,-0.6799513304298289
Colorado,1974,-0.6770394847697371,0.2460920242132907,0.24602212670707677,0.3199859570826955,-1.2594060818126944
Colorado,1975,-0.717346698929277,0.22813959485304838,0.1458990215138065,0.5905727936981956,-0.9183921064988119
Colorado,1976,-0.7399972023078503,0.18682496607523677,0.074403975357924,0.6791200000559255,-0.9450376564908457
Colorado,1977,-0.7779830664056386,0.15149171317387958,0.11335022976133698,0.3235895084591147,-0.9938335950275304
Colorado,1978,-0.8304482087232204,0.17756515888867197,0.05903540322928264,0.46537828408428344,-0.5886573773644084
Colorado,1979,-0.8703606424559266,0.15199275462786352,0.09816439334840987,0.6581001836832023,-0.8875858319301223
Colorado,1980,-0.920849029302263,0.12756162701468457,0.05130380240970417,0.7489576498541048,-0.9083305158255344
Colorado,1981,-0.9487228672754142,0.02322751907984677,0.051178866804463104,0.7643739795347876,-0.8037573725685176
Colorado,1982,-0.9785902452357527,-0.00807051923541015,0.03411830391405564,0.5464605296298946,-1.0537190033664918
Colorado,1983,-1.0165914493066452,0.11564255959744806,-0.0404701960221631,0.5222691797733336,-0.8419304930317328
Colorado,1984,-1.0507734111604308,0.12057608857328163,0.055445385446716525,0.459344528108697,-1.0371763399198097
Colorado,1985,-1.0965957606859393,0.0858405739091091,-0.4411401872803876,0.42145610306129283,-0.9584184248833325
Colorado,1986,-1.1095907288788867,0.09229530662862337,-0.4574206660368865,0.5769545881591017,-0.896293780212884
Colorado,1987,-1.0839918470032512,0.07279903872677466,-0.450896075241316,0.2829085708181801,-0.8278007675434425
Colorado,1988,-1.01679903010246,-0.057549618249927624,-0.3645508102080523,0.6689706419925486,-0.4569084772398057
Colorado,1989,-0.9236687504280695,-0.11938714362423967,-0.41150442505446616,0.5161298937181557,-0.4485814543635971
Colorado,1990,-0.8849704628747989,-0.20792651451821548,-0.394508510380329,0.4596285186825958,-0.6998004463300125
Colorado,1991,-0.8514886703349891,-0.21762979567081212,-0.4586027757740393,0.6095965783828918,-1.1457847790080207
Colorado,1992,-0.8440381101348563,-0.2516531792294306,-0.4822367730570967,0.690930419242069,-0.93951238533203
Colorado,1993,-0.8669261206278258,-0.3022379855932285,-0.6005800817810864,0.6695513903000554,-1.4078908811740232
Colorado,1994,-0.9228040684574409,-0.19883437934588333,-0.6552564440066732,0.6296886363783064,-1.243878826706546
Colorado,1995,-0.9805825695392401,-0.2010837024919559,-0.6592551379565481,0.47586051055460127,-1.4435938048722263
Colorado,1996,-0.9742774600600741,-0.17965925965862495,-0.7133780335080183,0.5381446935400399,-1.4718160920219765
Colorado,1997,-0.9334450599083634,-0.15226093604079463,-0.5830867276809562,0.3990542723997907,-1.2496243100281395
Colorado,1998,-0.8991253569339096,-0.15707681961669825,-0.5854017003029764,0.47418753533819397,-1.1494508073699232
Colorado,1999,-0.837447053405531,-0.16254129076862642,-0.5399033041730762,0.22292869609915186,-0.9928051607238024
Colorado,2000,-0.819851703671304,-0.13633094090981376,-0.5597176468485277,0.23213252580552557,-0.7317441783935371
Colorado,2001,-0.7976008512207065,-0.058360775723288814,-0.5508912073985325,0.29723477535849013,-0.21387482805596178
Colorado,2002,-0.8165086768310964,-0.05715234802447381,-0.6637058422639941,0.29954648087089536,-0.5879582819914906
Colorado,2003,-0.7880607111201368,-0.19081565332639214,-0.70356741045568,0.3599235198238317,-0.021613017246486715
Colorado,2004,-0.7692908827706769,-0.28841299495154765,-0.637266345193096,0.41830183876897453,-0.29996360705079667
Colorado,2005,-0.7061397505445882,-0.14706053122870064,-0.5736892963305631,0.49860514392138927,-0.2004847148098226
Colorado,2006,-0.6481289417497226,-0.05760489184496701,-0.6441387869003942,0.633338868207124,-0.3825585007780423
Colorado,2007,-0.6382940341827794,0.15563938730615987,-0.6515926934415351,0.6682181534703812,-0.5103315042424714
Colorado,2008,-0.5798746625110544,0.21345972436077607,-0.6503758563197232,0.7927742715216457,-0.7127819176891702
Colorado,2009,-0.6169806819570547,0.19433664121160127,-0.6592208411040318,0.6617171619434753,-0.6624385383619065
Colorado,2010,-0.6283319094417806,0.17386176424065233,-0.6561601461651145,0.7950337965964975,-0.6195255912938205
Colorado,2011,-0.6818382421750018,0.12855914158133908,-0.2675515595977143,0.7274552829037826,-0.5701894307363939
Colorado,2012,-0.6919602046536313,0.11173498908788333,-0.16089333090612543,0.8297486767420835,-0.3337221322189396
Colorado,2013,-0.7393696312026407,0.3609724798189176,-0.4344253503584617,0.7667098637132008,-0.4100309183085605
Colorado,2014,-0.7510668117534829,0.3489108042747448,-0.39192656038970924,0.8413630399571562,-0.5182900206662386
Connecticut,1946,-0.64676792153393,0.7553049137019537,0.6029457850286285,1.2836371716639592,-0.16720018424348537
Connecticut,1947,-0.6442200620973856,0.7071664105932646,0.7048392019218812,1.3996922380339032,1.1711344894626552
Connecticut,1948,-0.6408204375531387,0.6633057602704955,0.7168378917470174,1.0642280076441732,0.27582458337004806
Connecticut,1949,-0.6401857193375201,1.1897358455201619,0.7091743628212045,0.9602892274529485,0.5323427230926103
Connecticut,1950,-0.6274003475358011,1.1927128732386483,0.8445612488854424,0.7773382237201378,0.061995632632318845
Connecticut,1951,-0.6187302785685378,1.2240425516017672,0.8128762537945149,0.0682116311156489,-0.6549508719477104
Connecticut,1952,-0.6112982997091477,1.1407662880819125,0.716566753617607,-0.14207504208874394,0.44727885560105446
Connecticut,1953,-0.6296057501403136,1.1236428458296763,0.9464050338404982,1.1355034728052547,0.8923714909995362
Connecticut,1954,-0.6186106060009752,1.1594441879030286,1.1898454437628392,1.5217577444755859,-1.0556260631166172
Connecticut,1955,-0.6163064539110354,1.101525020755964,1.1951477883563504,1.5907133039518508,-0.03760099134305519
Connecticut,1956,-0.6170210658511588,1.058284984231287,0.9949162104589837,1.4829304529146254,0.5299464373641962
Connecticut,1957,-0.596363132207579,1.0287859936471584,0.7993511105649196,1.0177692124779312,1.3856608214731228
Connecticut,1958,-0.5701356205606107,1.0620145780228325,1.0284210247081536,0.9599592685316782,0.21592731634775933
Connecticut,1959,-0.5584650291171972,1.13014072775619,1.090505005163078,1.5374402449694067,1.5989646087253226
Connecticut,1960,-0.5632420034793242,1.1683599211335611,0.7637226486891054,0.5775235031286226,-0.08296058242910945
Connecticut,1961,-0.5513459296980024,1.1634339827790054,1.0795555635837777,1.6775199487745833,-0.4566485229163581
Connecticut,1962,-0.5376690693875935,1.0657502241362733,0.6470818344890114,0.4419097263673062,0.2236896631284245
Connecticut,1963,-0.509215703684412,1.0656531294592546,0.3499852726536719,1.5839865946570766,1.098275142122068
Connecticut,1964,-0.49565788421815365,1.0732571709246679,0.43768613873179646,-0.036201312346702236,0.529495122767273
Connecticut,1965,-0.4729700013354797,0.7785765004267963,0.4288252976799159,1.190953747766532,0.381004012179618
Connecticut,1966,-0.45086863486827167,0.624042228542732,0.7625937100690297,0.8243937965234476,0.5281456393412963
Connecticut,1967,-0.42990009214885955,1.0782685993013241,0.7333243910792914,1.136135728106866,0.834315238492448
Connecticut,1968,-0.40029448707087817,0.9332696959323454,0.8766645239194428,0.5731797427607445,0.9360821488367501
Connecticut,1969,-0.3686552880872467,0.6066071747144028,0.6087859723979105,0.617347280547718,0.7485905324063952
Connecticut,1970,-0.33504830708349853,0.5952719567583893,0.3250181927663763,1.5929712398819789,0.9239316102772062
Connecticut,1971,-0.29394487676141656,0.7111613133160241,0.6248288820616137,1.5967465056114087,1.4031412988354024
Connecticut,1972,-0.2623600382636769,0.43740687214403995,0.6898461557515454,1.537815301914034,0.6041431869663724
Connecticut,1973,-0.2433006066176987,0.667580490775833,0.6285140760511111,1.5723868453584724,1.4494588372096653
Connecticut,1974,-0.23448220878036702,0.6057370023133747,0.38307497948076497,1.383571345726457,0.5941857292183353
Connecticut,1975,-0.2179619651980759,0.6031913920068511,0.3578641619531572,1.2269730917462682,0.7927655748908917
Connecticut,1976,-0.18096383800909072,0.5735802968993551,0.8265228297659654,1.2996645164171468,0.38842686737359067
Connecticut,1977,-0.1342064536552191,0.5110871335555227,0.9116963874261115,1.2826677435413867,0.6476808058641171
Connecticut,1978,-0.09417648338830432,0.5121670556086224,0.9493979425296393,0.9383948345816985,0.9377283809673795
Connecticut,1979,-0.04618855812503028,0.5161519031781426,1.0446392452739435,1.250545066255095,0.8140946515832578
Connecticut,1980,0.0009487287548780715,0.4883731900713664,1.222276119552366,0.9089499257482752,0.6238034260133193
Connecticut,1981,0.02217506754989072,0.36308158981448835,1.1863626301666312,1.2242714131418493,0.8908628578068062
Connecticut,1982,0.005798496192812119,0.5074391071608411,1.3782125956903384,1.4274609736389694,0.5726997188894528
Connecticut,1983,0.005806374396303334,0.4610657478253364,1.0357891827377443,1.1890843371837194,0.8839958852605283
Connecticut,1984,-0.01207153158934653,0.4560726782918759,1.1028403536816147,1.1278179536243256,0.8476555962131818
Connecticut,1985,-0.01984231050236346,0.4098400762186884,1.0534814324350534,1.0075348646393045,0.8460476103453269
Connecticut,1986,-0.02748230594948179,0.6459581494352271,1.0361614542628026,0.8424869290958806,1.2140526548294719
Connecticut,1987,-0.029428962537569218,0.6355257641750804,1.024731547704525,1.0731007997384674,1.1113538079065013
Connecticut,1988,0.0038096864269949915,0.5474670558742474,0.9285859370103471,1.058164255795614,1.271841711005492
Connecticut,1989,0.04131041874289578,0.8364958246108011,1.027785502010936,1.414868687162102,0.875278245125966
Connecticut,1990,0.07456490187128427,0.9082786661805059,1.2453409550451155,1.3619669995438421,1.2362354110037157
Connecticut,1991,0.15884622405324336,1.2447652029517613,1.3211403281511978,1.5494454366396564,0.6255181386325009
Connecticut,1992,0.21339929932859636,1.1617101814069744,1.2744913832708897,1.6149548404767768,0.7724400403025552
Connecticut,1993,0.32038622580413667,1.6949752553781603,1.499060606399578,1.7624596502115808,0.6182284841144493
Connecticut,1994,0.3985132809244799,1.8018686918007254,1.5017470124737338,1.6582958880809653,1.0524876305154816
Connecticut,1995,0.3926690658907574,1.7764217528888542,1.4587002609727033,1.705464639993621,0.8054460409333791
Connecticut,1996,0.381848583264782,1.8224593874209436,1.3289157807896776,1.599563851929275,1.0384911416590161
Connecticut,1997,0.4089873579273942,1.7864565268778143,1.2219849603069204,1.6192149958391338,0.8438695539078196
Connecticut,1998,0.4667916240986199,1.7414983951046923,1.4538872407357826,1.5239482973533003,1.0517302080292488
Connecticut,1999,0.46352762064441594,1.6656382352182468,1.5352991357665304,1.6744489784782284,1.1437210656493488
Connecticut,2000,0.4833012118755411,1.6304502633153022,1.458164900020813,1.714635775453473,1.0863250793168149
Connecticut,2001,0.5812121765930619,1.586605900360825,1.3455750156173,1.6528554701800602,1.1054714579294194
Connecticut,2002,0.6611546311656533,1.5125470720535865,1.372716892849328,1.6886479955168767,1.1806853599334854
Connecticut,2003,0.7709665257603473,1.4924476290855375,1.3941814325714934,1.650915657273658,0.6517685228945204
Connecticut,2004,0.8411498138377,1.5373205681711153,1.5324636691309597,1.6247347879677019,1.3652951900163428
Connecticut,2005,0.8984266195412012,1.5371839227848607,1.4067161018821328,1.5373127262935558,0.9957468268398527
Connecticut,2006,1.0741901865534615,1.4723289178107724,1.4322847985670624,1.4424795024918706,1.3446279547531819
Connecticut,2007,1.1615456914132134,1.3889715184757216,1.3122948474181846,1.3849008215868017,0.8579745082911159
Connecticut,2008,1.1971631836006675,1.4329832917110314,1.4243743008745635,1.4485360180023403,0.5887406275653858
Connecticut,2009,1.1988184884156452,1.397704800040952,1.4658383471206917,1.3998041649233002,0.9375398107533276
Connecticut,2010,1.0617763135375324,1.4020667253406893,1.550046315158909,1.4369459566714748,0.24713194893732784
Connecticut,2011,1.0148744504288734,1.5464522105734728,1.4554504012748863,1.4678328984470097,0.7416870386191338
Connecticut,2012,0.9371148823880158,1.6512098964289825,1.6364084675880948,1.4629301508176908,0.4540531344041896
Connecticut,2013,0.9154463844620717,1.5449807735366878,1.4453312014991528,1.5361806382792347,0.8897078909405615
Connecticut,2014,0.9227181470448221,1.7297529959778175,1.4453992202866122,1.4781869412972488,0.9640259607225616
Delaware,1946,-0.29480506848529714,0.04172570509898175,-0.9669334479799796,0.6061344303874826,-1.1552175147906398
Delaware,1947,-0.29885044118664345,-0.007206733859742684,-1.340662565648155,0.4694596575105739,0.5543856608316899
Delaware,1948,-0.298127997569728,-0.059859427942171854,-1.61102818767122,0.314595782157315,1.0554450274913814
Delaware,1949,-0.3014874432282229,-0.08375673126183841,-1.2121488991835518,0.316623191023446,1.1198600630162567
Delaware,1950,-0.3025507114287793,-0.130440493813999,-1.252768951954933,0.25466002095740015,1.165099100928756
Delaware,1951,-0.29318280725233514,-0.14028942603062744,-1.2066189535128282,0.24847500058935962,0.8815797693031819
Delaware,1952,-0.2855684720062174,-0.13254723289493295,-0.9711110098389392,0.10072258129560334,1.2928952289077604
Delaware,1953,-0.2519174643982161,-0.21328278421166852,-1.1460392157162866,-0.10752786361486871,0.9689459021999697
Delaware,1954,-0.24637144523780016,-0.11982649154544574,-1.1316905417521599,0.16194169971046896,0.4380463418243379
Delaware,1955,-0.24523779231749201,-0.2709813485605609,-1.1198274738035854,0.6749037368312996,2.2120011368664514
Delaware,1956,-0.27145485367214295,-0.2920277812217127,-1.0462432338903593,0.5177586904953324,0.5811603978703301
Delaware,1957,-0.30450325785373294,-0.29060831927516106,-1.1209804924259241,0.5702669726067787,0.5815354554995577
Delaware,1958,-0.3453764257033653,0.1447102579277649,-1.1427266097466018,0.46284305455588093,0.2854495954342691
Delaware,1959,-0.388067270711142,0.03276212986277068,-1.317825332206209,0.4713096224799204,0.24310011242635374
Delaware,1960,-0.42019405708722585,0.007455031368555928,-1.098207193332837,0.3941489111983616,0.10141864201886606
Delaware,1961,-0.4438599454336823,-0.37095029787074557,-1.269529884047294,0.44002087330842715,-0.04805712584890733
Delaware,1962,-0.4573701750427422,-0.45610070124485175,-0.7631844743991096,0.23052822968864675,0.3682780892299151
Delaware,1963,-0.46237802736875205,-0.5687677214160275,-0.6858697627959021,0.6950900531599397,-0.14354447060249031
Delaware,1964,-0.48312226809050446,-0.5393303073375298,-0.47198140819402384,0.04170629050622404,-0.7212217601156206
Delaware,1965,-0.4928645669205409,-0.7449581034460282,-0.306919604238664,0.8979063351024181,-0.1720208797564132
Delaware,1966,-0.5040111409687688,-0.8460794857166387,0.49125964212276546,0.5971631364667502,0.07079441105727606
Delaware,1967,-0.5130026105214321,-0.9927871598346792,0.6958133747775261,1.2994471824486262,0.5948712155464064
Delaware,1968,-0.5190519414169755,-0.8360098312479712,0.517810694511767,0.4407013220529056,0.30844361631209
Delaware,1969,-0.5261953420928028,-1.0941550208095003,0.40598532911018287,1.0330326646712666,0.7166275306349146
Delaware,1970,-0.538018098318987,-0.9727257312097918,0.5843319262366866,0.5478483422809179,0.6486561640031206
Delaware,1971,-0.5379409956212775,-0.5342788054243671,0.7560144940499528,0.8992687088666607,0.6569214067178448
Delaware,1972,-0.5395802206886693,-0.2660310074342891,0.5328690493506362,0.8267194073671935,0.5215555687098772
Delaware,1973,-0.5481866539595001,0.2978705229488324,0.3769744030774451,0.9224835218864262,0.3045241332362302
Delaware,1974,-0.561143053511989,0.275862885680074,0.5549482001333031,0.8370662634167046,0.40216815066429845
Delaware,1975,-0.5667132192067516,0.3454968108703356,0.48284086167621,0.9301314193409693,0.263296286572529
Delaware,1976,-0.5765065671017757,0.3279797057195313,0.5591209663924135,0.872224450911598,0.28936543501053996
Delaware,1977,-0.6155584453451788,0.24279800717545846,0.924989125499068,0.8706823316103003,0.3149175080157634
Delaware,1978,-0.6545351922879409,0.246230990817797,1.0017094076099164,0.7685889524835232,0.3711686242311867
Delaware,1979,-0.6495522423474464,0.241791347616734,1.0014283832723696,0.5656498896222528,0.5706179821446214
Delaware,1980,-0.6265134113250068,0.25566950490986295,0.9673917918730776,0.7757290224104088,0.6108182815691979
Delaware,1981,-0.5973099296031381,0.14936482972580745,1.028042790919032,0.686372921332757,0.6693403571897928
Delaware,1982,-0.5877539410016318,0.12610658108893685,1.0940802791782094,0.6117291448765995,0.7810948610515318
Delaware,1983,-0.5549498061080524,0.057037334463421574,1.0184864451664668,0.720116419224309,0.5693261815263151
Delaware,1984,-0.4796307701961634,0.05194649437642691,0.8311497497466446,0.6495477313481064,1.0306200392814142
Delaware,1985,-0.3898177545492803,0.059356961398993685,0.8061064289856542,0.853837196372827,0.7032095527890023
Delaware,1986,-0.32542100879715097,0.04721618228306289,0.6734982854690598,0.8345513205855962,0.9036324922336109
Delaware,1987,-0.2826013487715297,0.038131908794033914,0.5967887696971554,1.06465005123911,0.7124708532372803
Delaware,1988,-0.24299599279574585,-0.0009410981123333688,0.7567851660241938,0.9239939268699958,0.880887210133987
Delaware,1989,-0.1851219405672912,-0.0684291776849311,0.7034318823799577,1.2039928933003115,0.8330122444030275
Delaware,1990,-0.12684219855693965,0.2060384439493719,0.628885080124006,1.0726210743003208,1.3381048213367706
Delaware,1991,-0.05917222641199903,0.16237689695400934,0.45459523103284033,1.1457886694344352,0.8388333607269154
Delaware,1992,0.00845281940464123,-0.03887106406248188,0.512549871768246,0.989817362193503,1.518288556193929
Delaware,1993,0.10278194890383335,-0.062881638402703,0.5607969388499822,0.9546948324804475,0.9024399820222249
Delaware,1994,0.2173285474471699,-0.24965994401448877,0.5271005121399348,0.9598578084468716,1.1540095732151787
Delaware,1995,0.34163941933301983,-0.25015257158811993,0.7794884873066726,0.9292252955314508,1.115640018100188
Delaware,1996,0.4062222647653424,-0.3074380368967474,0.8181789512780893,0.9633079944441444,1.0150924520350346
Delaware,1997,0.4741726824540213,-0.1922278898056046,0.7540527053723092,0.9754011233384504,0.9335759187106757
Delaware,1998,0.5234122335997297,-0.2423870452886763,0.5071349113869213,1.0219245399954837,0.8592791767075605
Delaware,1999,0.5830046414524853,-0.26494152942815524,1.0779341135091047,1.0093687685688066,0.9598387924533847
Delaware,2000,0.6594228063100226,-0.21586803133292484,0.9539706378138765,1.0500750337882874,0.9503332437765423
Delaware,2001,0.7525351951090218,-0.15396955993346975,0.9199034612630519,0.9599738217424184,1.0275593064512563
Delaware,2002,0.8537960856393586,-0.2033018687234433,0.8692280860909312,0.8931945132252828,1.1349456012915475
Delaware,2003,0.9002852799287733,0.29672725520752696,0.8179146183131867,0.8178285572181732,1.09831649086695
Delaware,2004,0.9203400238786865,0.22576030635844957,0.7755965580696614,0.6747182624109594,1.182546647255046
Delaware,2005,0.9343517235470485,0.16456382690958377,0.7720613937059863,0.5616041477565478,0.9698578138493487
Delaware,2006,0.9248226986062151,0.18323219166287483,0.9250596728643964,0.36465184453613475,1.1704832578375486
Delaware,2007,0.8754569047544816,0.09940290901730688,0.8247420933375139,0.332528150322575,0.7891362642002101
Delaware,2008,0.8558536926459401,0.08470900299490573,0.7840121686130073,0.18253325552915112,0.8428249427102376
Delaware,2009,0.8358698718442301,0.31018426370492297,0.673567370944463,0.24134634708883315,1.0154378635825425
Delaware,2010,0.8963538989669096,0.28535590286358886,0.582916255955903,0.1801858619089617,0.9448862601375746
Delaware,2011,0.9189480813184896,0.3225737852175648,0.5026175581805673,0.2530654549201529,0.7873648039958322
Delaware,2012,0.9299135896952266,0.4050960943489587,0.4754218820723967,0.1850766436708969,0.6338248792243619
Delaware,2013,0.927378486667045,0.7763414831045421,0.8553873914927461,0.1767706699373129,0.635572589500338
Delaware,2014,0.9344083426632597,0.7968719610999742,0.9195184000275242,0.14462732874540568,0.6302480963861282
Florida,1946,0.5408714713254246,-1.1501066930405177,-0.8904455043679007,-0.11946472620410407,-0.472853549227922
Florida,1947,0.5111894368269146,-1.151131801709106,-0.8745700444678726,-0.2029351884414151,-1.0093867307951063
Florida,1948,0.4808641696602744,-1.1855951920675927,-0.9969976135415602,-0.2624706088041164,-0.6637338851259728
Florida,1949,0.464792097304048,-0.7407054596884735,-1.1572110594642224,-0.5369467714467866,0.6201495080015759
Florida,1950,0.454966322240833,-0.7078286587060034,-1.2734079202568833,-0.5748484296224398,1.5155290117312874
Florida,1951,0.4682140675491701,-0.7143883910066411,-0.8627007411217428,-0.5725841883706442,0.26981803724117737
Florida,1952,0.48246725865246476,-0.7302460183453994,-0.9498282159594701,-0.34104488465554844,-0.28207252262994054
Florida,1953,0.5157877005574281,-0.7258516646919829,-1.0030949196573953,-0.20867190600449842,0.6883066866065161
Florida,1954,0.5088098188442745,-0.7869051697328667,-0.9869918954081861,0.23032111528809285,0.9891126032297067
Florida,1955,0.46835654409435085,-0.871952285719685,-0.812077082991952,-0.8017058948283573,0.1704069536371486
Florida,1956,0.48841745188055635,-0.9061842073956804,-0.7136614877462037,-1.3551194227601322,-0.5054722856436894
Florida,1957,0.5350932610930604,-0.8130702814980828,-0.7196166808821343,-0.2467866294085132,0.06284217387295789
Florida,1958,0.5002630130846603,-0.8560987595942361,-0.6858095297187684,-0.09854849231185206,-0.6339957621957606
Florida,1959,0.42729417353879995,-0.9690824565852809,-0.6864552184337522,0.49782405305158295,-0.6541161857022917
Florida,1960,0.4184735125792226,-0.9857036200277645,-0.6771811171480733,-0.0670041789681244,-0.1871722263636531
Florida,1961,0.42726957871972127,-0.8695810322582249,-0.7977562011369167,0.3410775723146892,-0.20531576508931956
Florida,1962,0.45355987741167675,-0.911317794110355,-0.9260654946404524,-0.2901800253673614,-0.5420409948949412
Florida,1963,0.5079665722843535,-0.9989864340073878,-0.9481282207890172,0.8998727501621157,0.29109256478795087
Florida,1964,0.5360345910317372,-1.0647657023952928,-1.0358683900203898,-0.6208857715755559,-0.23997386654519373
Florida,1965,0.6112523820976898,-1.2746902833336469,-1.364837664659621,-0.10080130260419215,-0.6703843491183473
Florida,1966,0.5836001699151253,-1.3681547570359816,-1.4694036688197671,-0.2571603132755188,-0.20087115076110162
Florida,1967,0.5310660042892208,-1.549812075564762,-1.6683350498655913,-0.0871578898538699,0.06823412903217929
Florida,1968,0.4244342534600508,-1.4261130120652699,-1.312489302964945,-0.22989832824055592,-1.0287090860995833
Florida,1969,0.3414451981675209,-0.7487376056138195,-1.3998989426420365,0.5269214276434149,0.26508430015232415
Florida,1970,0.30671956034164655,-0.7609453796926211,-1.3963822726209991,-0.1765336633024806,0.34430515394502653
Florida,1971,0.31950088947519023,-0.8420192200660331,-1.3684471419551092,-0.2550680698523938,-0.06789061168877722
Florida,1972,0.3218003013335158,-1.0114278950770654,-1.1142285175028255,0.04734961001199726,0.4396078772644405
Florida,1973,0.33587956301849514,-1.4511556690680867,-1.2135690284580456,0.07213723349253487,1.476011996317234
Florida,1974,0.38993988289200865,-1.4486353671345114,-1.4363593070233907,0.3097502847422285,0.5143893515155566
Florida,1975,0.45408452041964803,-1.5586963694530358,-1.480393503232119,-0.30574965604508975,1.0031744015849422
Florida,1976,0.4336480650032665,-1.6276858720234932,-0.8176116486276405,0.22019330541173474,0.6488589755854685
Florida,1977,0.4860162292659991,-1.5367526688398345,-0.6488847552802884,0.08989579160258955,0.9109127715353983
Florida,1978,0.4277157787465757,-1.60452172471202,-0.7012066711021478,-0.15639690890632807,1.168097558262747
Florida,1979,0.28224721879739495,-1.5336235895731027,-0.9071855683502988,0.14716977609981094,0.5520050129386499
Florida,1980,0.13868255910546565,-1.5733569420547155,-0.9470842245302828,-0.18012436588308423,0.5741280506572841
Florida,1981,-0.011564845378369189,-1.6497636293350413,-0.7511513217538878,-0.22475050648963826,0.824539916008037
Florida,1982,-0.021863527721140374,-1.6525202683284625,-0.6936257589491402,-0.10968450825055172,0.7202292448233528
Florida,1983,-0.057126719689420576,-1.7063568178653046,-0.5940227426157496,-0.39781620437122095,0.5067160704760718
Florida,1984,-0.1922814829858913,-1.672530307704372,-0.6580664651771556,-0.20663542916943817,-0.16141427036496275
Florida,1985,-0.22726753476615816,-1.6157731530097141,-0.4813090433283753,-0.3150243513830585,0.23162366438854784
Florida,1986,-0.21726887685228655,-1.4015229852169426,-0.5244954957885197,-0.44011060306458255,0.18793967962806926
Florida,1987,-0.23661605326436866,-1.501942473114133,-0.6048040088664242,-0.158215312915178,-0.34480167307086046
Florida,1988,-0.3065115821218164,-1.6579834477770314,-0.5766245960152333,-0.1710140541145948,0.3230806635860036
Florida,1989,-0.3129844377501235,-1.4782137982027277,-0.46924832344320955,0.0033866764976602836,-0.15189244239733388
Florida,1990,-0.2718694740822713,-0.33374629759730234,-0.4397253817585681,0.04766035787070845,0.6086722335200038
Florida,1991,-0.2584381057378453,-0.29143712537792094,-0.3508317743306914,0.13589307744990747,0.40569321449830137
Florida,1992,-0.21265808585926013,-0.022910400048998667,-0.3113844019395999,0.2602909018163618,0.17797590812694658
Florida,1993,-0.21011727225054225,-0.06275798159907361,-0.26480717361863226,0.27986512688669696,0.3325568340146037
Florida,1994,-0.22267433977197906,-0.6958958030085123,-0.3756416804823603,0.37620616662798845,0.2174121539950838
Florida,1995,-0.20092317702849027,-0.7244392619995828,-0.34788357733394065,0.28694033848910155,0.13661442653288564
Florida,1996,-0.2479464544458719,-0.6382547617743651,-0.31588008402527407,0.42449804329219765,0.2811719298252705
Florida,1997,-0.20924785292403258,-0.5866878987505494,-0.4968893527535654,0.46015351968019114,0.15874137858218193
Florida,1998,-0.1565302638333927,-0.46186903349117275,-0.5029854740549164,0.4717687537157225,0.3316361497182376
Florida,1999,-0.0620613961424046,-0.468516182693316,-0.5655929767596426,0.6284189388196066,0.4752960496050913
Florida,2000,-0.030187710020492444,-0.488563409630689,-0.4910847294047605,0.40559591331212425,0.5327695755932355
Florida,2001,-0.03375518645785295,-0.38763360884663145,-0.6152567461780467,0.4694812604778686,0.6832580783786272
Florida,2002,-0.07099238299071794,-0.45881669650416274,-0.6661011556808414,0.37521882646990284,0.15671968908482983
Florida,2003,-0.07439408298568512,-0.38917429295248224,-0.7587767091741789,0.39334606514111364,0.42344114346775563
Florida,2004,-0.10732690091847645,-0.32051112415093674,-0.7491186526626401,0.3738380527933968,-0.138322339982326
Florida,2005,-0.14997616228274574,-0.5803721092659226,-0.7779171116427419,0.11854332949138562,0.6020163772198626
Florida,2006,-0.14614382459564096,-0.6398759956531531,-0.6905330877684525,0.14386843553157685,0.4815891020872888
Florida,2007,-0.12107696434967255,-0.6386603152481104,-0.541413060609462,0.08868584092129381,0.5027266189524972
Florida,2008,-0.15187644214569743,-0.6346218600725122,-0.6066088412033422,0.17552404658193071,0.21527720639840478
Florida,2009,-0.05521337944031566,-0.6710596691798248,-0.892556787015424,0.234021674147314,0.17321441752012007
Florida,2010,-0.09983873579740689,-0.6436647377491359,-0.7201703112227956,0.32270023545259646,0.7962169342828371
Florida,2011,-0.06412497161950566,-0.6725812089361375,-0.7965589984247943,0.46694860147352435,0.1590670137119463
Florida,2012,-0.012117353024257836,-0.6476306107233024,-0.6230867694814097,0.4713893070887951,0.344972500618584
Florida,2013,0.03410292644954841,-0.6785817323031333,-0.8956493201634418,0.49414022673507374,0.06669544580920465
Florida,2014,0.10074136374253259,-0.6379986065728603,-0.8962013236022673,0.3530828462014467,-0.12407587425869478
Georgia,1946,2.0901035827609116,-1.051463692461873,-1.3595469484320397,-1.2313397614681236,-0.13390497365767456
Georgia,1947,2.081646685719691,-1.1175385223770986,-1.2595045810861,-1.5368377784854752,-0.20394531377532488
Georgia,1948,2.073507944504908,-1.157617117587088,-1.3711666510277947,-1.4893256374029469,0.1347271031020445
Georgia,1949,2.0559902468124465,-1.2379178359517236,-1.1128588098986154,-1.2054004464681696,-1.279978009786924
Georgia,1950,2.0891765013863224,-1.1384082185819389,-0.929381656810025,-1.3385507296787642,-0.26364909022589506
Georgia,1951,2.1472418650327283,-1.242307360594704,-0.889797534796118,-1.2860766112460267,0.3404006466513424
Georgia,1952,2.2119310600488316,-1.2371602452456782,-0.7739057661778537,-1.3575604971938284,1.6595500792319877
Georgia,1953,2.2531652724649684,-0.7557278345203451,-0.5420072403352985,-0.9540167906082688,1.5544763992348327
Georgia,1954,2.1733564906220133,-0.7356732276432092,-0.509627845113553,-1.3920658293964963,0.9505459124357944
Georgia,1955,2.064986798863065,-0.792639025204733,-0.5464107660287498,-0.9953740300997165,1.2731243329648694
Georgia,1956,2.14959812991581,-0.7797284012174882,-0.5472301532845929,-0.5753855327672642,1.3526190892593994
Georgia,1957,2.14724659206472,-0.8585102085997479,-0.6466002090754513,-0.9173554415682701,1.2635671063866911
Georgia,1958,2.1659889767855725,-0.9025837917620866,-0.53247729009739,-0.5649783211443272,0.5666964292229355
Georgia,1959,2.1342678086313587,-0.9187587202990852,-0.6775921933493099,-0.35907256241167207,1.5425354229850623
Georgia,1960,2.0517979772755512,-0.9425776657729676,-0.7611870578431975,-0.6933633870803495,2.259824062377521
Georgia,1961,1.967524507422216,-0.8945401345968983,-0.9511589606604346,-0.3395742781178649,1.051291532373991
Georgia,1962,1.8285380700185458,-0.9238162533353947,-0.9985560774355883,-1.2572280060292371,1.1494622006237958
Georgia,1963,1.6313409712125853,-0.5236804304862263,-1.1692021306605729,-0.24477908238163357,0.9033147280698994
Georgia,1964,1.376683759075906,-0.4872267837560393,-1.269290976813535,-1.4896124156394703,0.7424610631815477
Georgia,1965,1.1964973535448438,-0.806228728494788,-1.40312318095341,-0.6431238431726349,0.36883149872383697
Georgia,1966,1.1778991248961406,-0.08773490843138336,-1.4164291184122948,-1.0759334777940424,-0.5989379812056459
Georgia,1967,1.1981393648717975,-0.15389506875799466,-1.169369337559207,-0.16562393414830656,-0.2117138795404589
Georgia,1968,1.2427675329647325,-0.9791467151551516,-1.1913927470964498,0.9314440318452133,1.0171409544946348
Georgia,1969,1.2582201417251877,-1.1990362732448259,-1.3497224948514757,-0.43759243134093917,1.114305440934308
Georgia,1970,1.2915252040863312,-1.1106746654074127,-1.245769352921809,-0.08599214133280429,0.9470818746604448
Georgia,1971,1.2877889890256375,-1.2356006348334052,-0.9135291871556885,-0.046570663913286584,0.057901640194534226
Georgia,1972,1.3208503108259693,-1.393543948793375,-0.9847176728802992,-1.0018446747974676,0.12664705981222052
Georgia,1973,1.3192173326183294,-1.1022353211307703,-0.9445347795464406,-0.9213322730648883,-0.1202417393626971
Georgia,1974,1.4455202005446368,-1.172551726889861,-1.0271557582277793,-0.6731919960929874,0.33915936903256955
Georgia,1975,1.568019487102091,-1.2190931841753794,-1.0219005128793792,-0.8217514331206841,0.038095552304034185
Georgia,1976,1.674308446665906,-1.2571699899178554,-1.079906073514342,-0.1182658663229454,0.472180211514731
Georgia,1977,1.7214615589185567,-1.326701610089117,-0.9673506657314254,-0.3277491811856992,0.3255101914692734
Georgia,1978,1.7183676050664496,-1.308056314354057,-1.052613279223968,-0.14947995879261008,0.12601831655501086
Georgia,1979,1.7316971175518205,-1.3064638115901304,-1.0674527713568198,-0.3301754408271171,0.5980323252549331
Georgia,1980,1.7342511398967368,-1.3273091107621755,-1.0024312533267528,-0.4248110443683598,0.19779860458017115
Georgia,1981,1.7478460830501652,-1.3253920240042514,-0.8946229762412631,-0.5483806150758241,0.16770828100065366
Georgia,1982,1.7858543996182776,-1.3434975822782227,-0.8663684915282908,-0.6363533886031197,0.25338970757087265
Georgia,1983,1.7165229343135724,-1.4005034762483457,-0.9673792202353197,-0.7081372863387947,-0.6768559910692487
Georgia,1984,1.5898799843627514,-1.3947173685270233,-1.1977621521147355,-1.2709126916240712,0.4531684921758904
Georgia,1985,1.4943815686317605,-1.3467745981758765,-1.2578151760272187,-0.7483214859779291,-0.3943861132321233
Georgia,1986,1.4063153046108483,-1.5238878494536499,-1.2034885677410265,-0.9663044083270348,0.1860100457084079
Georgia,1987,1.2924411927767943,-1.5411365333634326,-1.2760774010222378,-1.0852904976904458,-0.04495722078752568
Georgia,1988,1.1433303666881034,-1.5371672048527882,-1.3328590305423542,-1.1860869406606345,0.09984116533459739
Georgia,1989,1.056059483305629,-1.71411201848332,-1.0634796413134209,-0.8481828718900327,-0.054491978470664004
Georgia,1990,0.9891362415441711,-1.678807790625733,-0.8740351659914247,-1.0835187204727312,-0.15928697416690557
Georgia,1991,0.8934424222649068,-1.9078013070110864,-0.7363379077961434,-0.7392818105766433,-0.31462433891985825
Georgia,1992,0.8011079955785235,-1.5734811956999881,-0.8168276338468691,-0.8081667187080647,0.3477799296691457
Georgia,1993,0.6340883809984162,-1.5578713048905826,-0.5764256510430315,-0.8127687958701375,-0.2142075323342189
Georgia,1994,0.49011629036872917,-1.4857862523654803,-0.6190977389443045,-0.6618733449474946,0.10611277225250253
Georgia,1995,0.42251588127077766,-1.3898280169676778,-0.6829608868528979,-0.6588068318052636,-0.04436853176705042
Georgia,1996,0.39853920717175206,-1.3194159331369562,-0.6385885399297737,-0.6739864924606775,0.5860416799980617
Georgia,1997,0.3467153034199427,-1.5677334559487877,-0.5129297820027295,-0.6115032035050151,0.012540468735614574
Georgia,1998,0.24265896729503242,-1.5013487982108071,-0.4722677087290335,-0.5554530639839869,0.20532219063694426
Georgia,1999,0.16445432410202246,-1.2667293702845743,-0.5570035003647393,-0.42597084928572204,-0.06623867873538429
Georgia,2000,0.06799816828633204,-1.1705644075531132,-0.44415971631860646,-0.26348646738463866,-0.006666455170449878
Georgia,2001,-0.0208284220510407,-1.2111201296405656,-0.3819935300756778,-0.26944801401396573,-0.6164803847343558
Georgia,2002,-0.07345217452097487,-1.2593731446456167,-0.30463340957873547,-0.32630625660013357,-0.4057628192878632
Georgia,2003,-0.11377890163186147,-1.2458441900341843,-0.337530367251636,-0.47628527391885145,-0.5690430673476633
Georgia,2004,-0.12773197578116963,-1.369326771598577,-0.42843351676176183,-0.6832870686911332,-0.9074745810674533
Georgia,2005,-0.075731849180547,-1.522950192982678,-0.38571164274492037,-0.7153828726817468,-0.7745278402336228
Georgia,2006,-0.05598375911447386,-1.635133625933205,-0.5254768783342527,-0.698970272566728,-0.5831250587833643
Georgia,2007,-0.06758406545492913,-1.6036099346707915,-0.5684977631083875,-0.8650871210676433,-0.05375073596184021
Georgia,2008,-0.08480448576223555,-1.6308890022809461,-0.7624377199570349,-0.7300581484174702,0.21084084688666704
Georgia,2009,-0.009149996995487113,-1.6033959302847747,-0.8199385693815845,-0.7596158182301014,0.09493748757651578
Georgia,2010,-0.0021970496485912176,-1.6314943256234231,-0.9472547031380499,-0.6933430734957247,0.3752205803380805
Georgia,2011,-0.00419626707569553,-1.563846115890361,-0.9532974456517913,-0.5255479642092268,0.2080567322933137
Georgia,2012,-0.0312791193947378,-1.530617702228006,-0.9366572853807896,-0.4817174085733486,0.18342051071354443
Georgia,2013,0.009994058468995651,-1.5220986576700575,-1.150346667229319,-0.4313729065704089,0.3364357979726443
Georgia,2014,0.043893883972618196,-1.490161684688943,-1.14562566991787,-0.512217041987175,0.358427357614578
Hawaii,1946,0.6089924615791953,2.1344103467443105,0.23392177248935275,-0.31634334593572333,0.45562400813242454
Hawaii,1947,0.5887844137912479,2.0569171903096404,0.40185593905281525,-0.4037075368509408,-0.022086506133456155
Hawaii,1948,0.5678012423609324,2.0714607265347174,0.3937566031006232,-0.08289896625207469,-0.3370863364444677
Hawaii,1949,0.5317496125572916,1.9892268127771684,0.283533522806523,-0.005678421585207043,-0.024538183690855583
Hawaii,1950,0.4985566283514829,2.019148267482202,0.3250371816580875,-0.6451063896898194,0.6229144083167177
Hawaii,1951,0.4769242725002852,2.0506415440062042,0.4144492035765194,0.06935901604582581,0.16505313145176206
Hawaii,1952,0.45232427369395606,2.0279629381853566,0.44307141263079236,-0.03682506277101118,0.14606747967123532
Hawaii,1953,0.4754967307881112,2.0399794488396497,0.32949931903344887,-0.032320675558988245,0.2856596824649793
Hawaii,1954,0.48684899682372407,2.0486821550000114,0.36139380567172397,0.07439537161171404,-0.12099100366021723
Hawaii,1955,0.49452830222488814,2.0314690625306797,0.3540469766401332,-0.5686514882511734,-0.9124978097184037
Hawaii,1956,0.4625643473651709,2.086622248922329,0.27409255710475317,0.35567415214728226,-0.35642432762768467
Hawaii,1957,0.41785283150566416,2.0987099461741536,0.3047467493905304,-0.11796439136139653,-1.4039456283911296
Hawaii,1958,0.37824664428662796,2.1301824710387818,0.30308392187259703,0.05430505159413432,0.4143779427613541
Hawaii,1959,0.3388187882668446,1.9929564610983945,0.27324626306622374,0.13512958138955544,0.02591626680850213
Hawaii,1960,0.32209446094100036,2.015708705008456,0.16272008726278128,-0.0861493899619153,-0.35550183301732097
Hawaii,1961,0.2944157355943402,2.0810409268394703,0.4606668539791819,-0.013481887303000926,0.08586776956100924
Hawaii,1962,0.2774597219747059,2.008177035590018,0.5665208903846622,-0.25751489160816665,-0.0771231917436711
Hawaii,1963,0.27127924429030237,2.094751662505533,0.7752747553167095,0.35763723089795074,-0.296591538345423
Hawaii,1964,0.2545217808627932,2.076619421998486,1.0742644061009754,-0.06518255175017422,-0.12159574260622182
Hawaii,1965,0.2537964938260285,2.188713569378755,1.5980746712162932,0.5047766976534802,0.2618799185984878
Hawaii,1966,0.25513888015504393,1.961954739770958,1.425630096763302,0.1461327001651605,-0.1115263581669559
Hawaii,1967,0.25181528334453757,1.9845759097466726,1.3022033572372336,0.45650657477708917,0.37262040357436177
Hawaii,1968,0.22384854996482087,1.8414431757868353,1.2435147102764492,0.45631347023511526,-0.4592492294274877
Hawaii,1969,0.22306129787451787,1.7981014698629272,1.452382154321738,0.8197407552148346,-0.5647439375980924
Hawaii,1970,0.2203806260182678,1.6055312819890146,1.3292172761125673,1.2213821678352481,0.05028882982724796
Hawaii,1971,0.22910332359339547,1.404445879458762,1.8755009668180198,1.255636252603776,-0.15178277557246098
Hawaii,1972,0.2173684362998024,1.4744327512088202,1.8815892626930604,1.3904500259536037,0.23350221745425764
Hawaii,1973,0.19735417757278814,2.0147048000316956,1.6032673146861496,1.4814208480620323,0.8302105089315552
Hawaii,1974,0.16491598054712445,1.924582041514683,1.8975725776007897,1.6252099287612434,0.35763954047258356
Hawaii,1975,0.14305626254136308,2.013875442524438,2.1590977270786342,1.6449646952250168,0.45038051677233115
Hawaii,1976,0.14537654777704961,2.008537881423273,2.276333802175342,1.6810853905899432,0.37960286950327865
Hawaii,1977,0.1469937214153373,1.8517171942094108,1.9224349504468339,1.6576675757158557,0.47406613620823207
Hawaii,1978,0.1573641705965251,1.8245874170676255,1.7575926956568286,1.7500199398504162,0.593464472484357
Hawaii,1979,0.24100985724544452,1.811452247930189,1.6911839330081548,1.8086432842844087,0.5885104103037853
Hawaii,1980,0.35612450089650555,1.7654722549500073,1.5790555591710402,1.6862931978388087,0.4994820553295194
Hawaii,1981,0.5108891355174743,1.86027712470278,1.6297508627416901,1.708829546928985,0.5699517096964963
Hawaii,1982,0.6118646758602551,1.772839939615221,1.5679167002033385,1.6319196554884177,0.5648312029361243
Hawaii,1983,0.7310835938016959,1.734938539206724,1.3591028098809639,1.549792998359787,0.6431383893759006
Hawaii,1984,0.9241542394536734,1.684156363665485,1.4262382514902083,1.4942311865565128,0.5135030628153632
Hawaii,1985,1.1479519245023568,1.6365882642709828,1.3727284989259436,1.4143428208045206,0.513329098751798
Hawaii,1986,1.3271147260197182,1.5896578342813856,1.22090546511326,1.336426096568172,0.4903426470878294
Hawaii,1987,1.4847179639727777,1.592791074191005,1.2140483633769847,1.2015931410466636,0.4907270399803403
Hawaii,1988,1.6386409518772196,2.3227550653184164,1.3524037141419325,1.2521037688613217,0.5186364748495108
Hawaii,1989,1.7443939244195612,1.8339378272039293,1.3329917960044204,1.1414541876743027,0.4363550499819991
Hawaii,1990,1.818234589865651,1.6851043654896896,1.313421978135013,1.2048818384504478,0.44429081061550796
Hawaii,1991,1.8193039907496573,1.7102423948020977,1.2978471441737378,1.1758491267726974,0.2135740103405451
Hawaii,1992,1.8306511382349564,2.245754730676295,1.4429684614006268,1.1449932278402222,0.1412328342885822
Hawaii,1993,1.8366211407238213,2.1123503714339944,1.3388109924682345,1.2023561323334406,0.014927946567272891
Hawaii,1994,1.8500839907411244,1.958419461941642,1.5833541093689587,1.162451835474506,0.003049338997305913
Hawaii,1995,1.8118931726827165,1.9043019775376786,1.4858689658105813,1.1348208453571091,0.02759455683064296
Hawaii,1996,1.7544041062124949,1.9244472509298118,1.448784270218797,1.1789270357487807,-0.13145386197305706
Hawaii,1997,1.7328047755376055,1.8637410564481922,1.3290518939694498,1.1710846100952639,-0.14674964497329393
Hawaii,1998,1.694890300534337,1.7829548204751189,1.0006981951699518,1.2031207629748775,-0.030374663775472023
Hawaii,1999,1.658359411587019,1.692116565975012,0.7933180629554057,1.1763125982199762,-0.014897253114902432
Hawaii,2000,1.6384576433141853,1.6706005590281752,0.7287160524634798,1.181253856695643,0.11385960578125046
Hawaii,2001,1.6297139830953349,1.6317696940431436,0.6769979159728862,1.21671774167733,0.039206244952101926
Hawaii,2002,1.629167654525684,1.601172426400332,0.6291803932531204,1.2394317843184262,0.18034329864878668
Hawaii,2003,1.573116646883392,1.7291712136848392,0.6946638328016185,1.278418617023601,0.06534057203733945
Hawaii,2004,1.5219228519213155,1.6445543836460819,0.6403773323575671,1.3075265891664072,0.31434049041199286
Hawaii,2005,1.4511035359284044,1.5740559252764954,0.6722318145816246,1.302563162091341,0.27008444255322
Hawaii,2006,1.373306070256152,1.638905135186758,0.7065494774528647,1.2379866289220949,0.5584170334322164
Hawaii,2007,1.2912530186547824,1.7209331464629682,0.6515654330887789,1.2501151489778695,0.21046963049996556
Hawaii,2008,1.261938755726067,1.6859987639532967,0.7997790593997092,1.2516090606354957,0.2299151479714814
Hawaii,2009,1.2467470669072689,1.6606691805621323,0.8954940590591485,1.2200616670952216,0.02379797882170058
Hawaii,2010,1.2898666890098578,1.6171898822784352,1.112212466131916,1.2437735286599274,0.10314948350165425
Hawaii,2011,1.2199018475451384,1.7513206871693623,1.149282228075138,1.2034365476237279,0.3112297047683096
Hawaii,2012,1.1564728770976946,1.8092466914829255,1.1566091034293045,1.259333027470957,0.6386785108602099
Hawaii,2013,1.1560826817247898,1.8727189591673032,1.331581297002022,1.2307639989522943,0.7492238608491216
Hawaii,2014,1.1550417619989888,1.8093626424027773,1.2976902000239563,1.2602111126832853,0.9720854586444667
Idaho,1946,-0.7795806908728399,-0.592256978878626,0.4780906252440855,-0.6287162026431283,0.5130012799203065
Idaho,1947,-0.7786448436586718,-0.6156739090942358,0.40045393228607695,-0.6761059294480906,-0.17376292299249035
Idaho,1948,-0.7717110982897641,-0.7190613339320431,0.40565862058540486,-0.4399567799301035,-0.35663652820064085
Idaho,1949,-0.7672324177678294,-0.7178217907273252,0.34475908264726174,-0.5364050498803435,-0.6395968591560008
Idaho,1950,-0.7564797075901533,-0.658455943647521,0.30888349240932994,-0.49017023466327947,-1.1287908693527686
Idaho,1951,-0.7497418091432342,-0.7545246748963923,0.5964864688318651,-0.494157038497507,-0.5816338451113682
Idaho,1952,-0.741370437129744,-0.6362674652156012,0.4946468305025398,0.020092784251706467,-0.5193328652545729
Idaho,1953,-0.7362274180364915,-0.7571539857898812,0.4044708279735941,0.252829769277435,-0.22960609198218015
Idaho,1954,-0.7428298830913329,-0.7502796849653204,0.6110350189281332,0.673620119862347,-0.8452515761730799
Idaho,1955,-0.7308516196443473,-0.8176074841728368,1.0503973449508741,0.08499437877362534,-0.8239491621355199
Idaho,1956,-0.7274293704498394,-0.8656358578252458,1.027249365695622,-0.10033461337450299,-0.5102601054559925
Idaho,1957,-0.7268601434880358,-0.7753474736859542,0.29613296599143674,-0.2348104362069927,-0.4141078037942212
Idaho,1958,-0.7486512838995549,-0.8107171847562553,0.23681604392424735,-0.3169487572003579,-0.8444158880201583
Idaho,1959,-0.7722326783259109,-0.9612549332518502,0.2399297627897081,-0.5333301520046754,-1.0201594073295661
Idaho,1960,-0.7935566688371339,-0.9051424924783094,0.30556173866442915,-0.7278742427117106,-2.36302960675822
Idaho,1961,-0.8111016417845773,-0.9512847708643597,0.12307615703547027,-0.6113105998773555,-0.43267199481463336
Idaho,1962,-0.817177587221068,-0.9512319894549404,0.05721283384753377,-0.7652491884759465,-1.4287514363422216
Idaho,1963,-0.8298897331154402,-0.9894888978924987,-0.1323378322418815,-0.7198042247615806,-1.338006662752355
Idaho,1964,-0.8479396165072366,-1.0475763196581327,0.12265975572564149,-0.7981335330643379,-1.8622278760089896
Idaho,1965,-0.8647030558553144,-1.277198603405493,0.12063984501505248,-1.0523009522461129,-1.3294726998309303
Idaho,1966,-0.8881376524327379,-1.3148279489748975,0.38416575571843903,-1.5011872331329212,-2.20302564490095
Idaho,1967,-0.9096035809573616,-0.1608978000432949,0.3513065684973906,-1.6158481817685182,-2.1241013392421637
Idaho,1968,-0.9286677060799932,-0.2986712858781003,0.34918725621985675,-0.9913691240584672,-1.9421121850086713
Idaho,1969,-0.953160258260181,0.04790925568233622,-0.006488606133129872,-1.2627170129875505,-2.5029111808728732
Idaho,1970,-0.9724583060751182,-0.015746091916041843,-0.14102757793435036,-1.4323001344469728,-2.3227855682637997
Idaho,1971,-1.0073346076672,-0.16709752288163673,-0.16986211376959678,-1.554578711943721,-2.2108161914069644
Idaho,1972,-1.0300651797942255,0.012241088648966288,0.11483679613215166,-1.8295157713062298,-1.966007672943301
Idaho,1973,-1.070500330389724,-0.12011281392637876,-0.010597467434905496,-1.111496334858644,-1.4049395711037174
Idaho,1974,-1.1165794499234787,-0.1849680127389512,0.05664169448008126,-1.463105246725893,-1.7925431472742674
Idaho,1975,-1.1507579885058143,-0.2565551035993906,0.17397255620243765,-1.149451448757422,-1.8759616343439496
Idaho,1976,-1.1790399264788287,-0.26874887121042457,0.08689334674741149,-1.2438956429197054,-2.0444195787364663
Idaho,1977,-1.2240176863460501,-0.816282841878437,0.0354967503954656,-0.9724480256400968,-1.9677695099392833
Idaho,1978,-1.2663539144074683,-0.8356628072015082,-0.019547324157268675,-1.0774810707428357,-2.002552450919202
Idaho,1979,-1.2977930435170661,-0.8460266250039852,-0.0777461581382832,-0.9195467559580288,-2.103882493468527
Idaho,1980,-1.3379912117438748,-0.8482382592476649,-0.24513358171283398,-0.9823165899607871,-2.24643028494117
Idaho,1981,-1.3810212907305088,-0.7040078796089919,-0.12439815949942812,-1.0281445429350797,-2.2903218851465725
Idaho,1982,-1.4329767371364293,-0.7661788006284014,-0.14679006697071614,-1.045163956551767,-2.3155853560018596
Idaho,1983,-1.477472156376155,-0.7815645420236121,-0.14462400108028647,-0.9762491833966137,-2.201358844471862
Idaho,1984,-1.510487592477808,-0.7671804360523077,-0.207392658837574,-0.9874688669617439,-2.2341874959167978
Idaho,1985,-1.563860975052935,-0.8069881387760734,-0.767459533239846,-0.99606546365374,-2.005469763256331
Idaho,1986,-1.5897557754011105,-0.6049920434707122,-0.7605606053222861,-1.0654119110229043,-1.9547925943024067
Idaho,1987,-1.607145209447649,-0.6061815159251712,-0.8006315331873546,-0.5754166940022202,-1.8881301960257617
Idaho,1988,-1.6062183591428494,-0.6629974992895418,-0.4869562313158764,-0.7250857768814875,-1.6804763574621318
Idaho,1989,-1.6070845340635558,-0.698293890824465,-0.4843838624367659,-0.7299399081725515,-2.024384893079581
Idaho,1990,-1.6146194701561718,-0.8413530276463861,-0.5786208359122552,-0.7838406762354762,-1.7774440567602505
Idaho,1991,-1.6681133296751909,-0.9130280451631497,-0.6688717345614176,-0.6937482874036942,-1.954124192734519
Idaho,1992,-1.7126627419902762,-1.0886402556022516,-0.6237890337254663,-0.7910092763487041,-1.9233705187840076
Idaho,1993,-1.7227471550734255,-1.0639296677865444,-0.6298371043785609,-0.6752041076265644,-2.0119242718059835
Idaho,1994,-1.7291106814040915,-0.44692736986106985,-0.6120970386086588,-0.6125696829538861,-2.229690727935507
Idaho,1995,-1.7109103959318692,-0.38180656359452275,-0.7135332044779704,-0.7010050979964186,-2.037852509637054
Idaho,1996,-1.7337700416372335,-0.41718990832676484,-0.6368242361593461,-0.7288566960661198,-2.320356206878664
Idaho,1997,-1.7593563242664063,-0.35832492557570894,-0.8782286441557444,-0.7743307420122414,-2.2619656213504795
Idaho,1998,-1.7776174508188742,-0.3588316566788862,-0.953379059002683,-0.7985623492820368,-2.3605575198944098
Idaho,1999,-1.7580873993504875,-0.4906692066559975,-1.03263164295019,-0.8285928677464185,-2.2798937849342176
Idaho,2000,-1.7342875219958311,-0.4223846702634744,-1.1111583592328924,-0.8763187557359836,-2.264981380189456
Idaho,2001,-1.7093298036618738,-1.1034864565218974,-1.1657923177966054,-0.7247665187837338,-2.294730832777574
Idaho,2002,-1.70608018964075,-1.1635207525802842,-1.1510710078927704,-0.6491117009580263,-2.044250748865713
Idaho,2003,-1.7066567802287822,-1.1817245183944494,-1.2948989815946452,-0.5368644208802135,-2.2417972983234904
Idaho,2004,-1.712798531282182,-0.7218835134712072,-1.0921587897132492,-0.4016147038633605,-1.9347220019562856
Idaho,2005,-1.7286747662950859,-0.7471950106814479,-1.1116654584851824,-0.4117846228153,-1.9764283202394874
Idaho,2006,-1.7726982178109734,-0.6747342748133723,-1.172604984674815,-0.41068522328358786,-1.9911705124373018
Idaho,2007,-1.781987589441709,-0.8817599126375635,-1.1846162512208094,-0.3980148540328117,-2.3105675419184153
Idaho,2008,-1.7572512639244038,-0.8790556588404524,-1.126088017859312,-0.35661565289110614,-1.9043459421806943
Idaho,2009,-1.726989774587194,-0.9095354615178124,-1.4374811305422206,-0.40172115769730554,-1.9734433020886926
Idaho,2010,-1.7420886834865266,-1.0650296691096188,-1.317191257059428,-0.5170486663072978,-2.1965517833741264
Idaho,2011,-1.7261412337342965,-1.0219682960563392,-1.5278320664534746,-0.5441457710769126,-2.389499315245809
Idaho,2012,-1.6636892855068548,-0.9777707346797252,-1.5585723650430974,-0.5617318361313731,-2.6283270693342824
Idaho,2013,-1.6759098886194015,-1.0047294897049261,-1.4489324632266611,-0.5845421636915132,-2.358637552452897
Idaho,2014,-1.6894016781907337,-1.007323282655739,-1.3306877421534182,-0.567939368048288,-2.4149442417836724
Illinois,1946,-0.6406969019438714,0.6441476987243593,0.9811012400024206,0.72800841780347,1.2705632330069423
Illinois,1947,-0.6293639704335587,0.5676658052947822,0.9239523352186121,0.5617270405653857,1.1582416310685857
Illinois,1948,-0.6184200053776981,0.5590641301794959,0.8936846798296012,0.3542186140219643,-0.08441728380525004
Illinois,1949,-0.5939018745965828,0.4382589401113162,0.7994832155248771,0.4548269818086602,0.9801940702080129
Illinois,1950,-0.5762584600945483,0.3966385846098808,0.7685758833105755,0.7278233329917173,1.2781875145248085
Illinois,1951,-0.5630618104356555,0.3693534145269157,1.043841191020128,0.5141720827322718,1.7334433598342454
Illinois,1952,-0.5490094210640954,0.3936769625833298,0.6835655488777752,0.2596527311808134,0.2883005376256102
Illinois,1953,-0.5913974952545086,0.3225516813390782,0.9270442399274826,0.15254486581782334,-0.3683953186000893
Illinois,1954,-0.5784893101679301,0.32644134123255497,0.9923365593674492,0.29245862622200375,0.33867371661532325
Illinois,1955,-0.5436537823204972,0.2528651906058773,0.9598910628584519,-0.05128853425357433,-0.17126555993169432
Illinois,1956,-0.5443762692850663,0.229379725668146,0.8332539205147668,0.2944748204206471,-0.4704757415560664
Illinois,1957,-0.5049914142234868,0.24527645691535943,0.8500298535447814,0.23495908525072576,1.1557280489905932
Illinois,1958,-0.44728759508236476,0.2415844807895024,0.8235226885457877,0.28214116605729117,0.723061885719261
Illinois,1959,-0.4176505930837708,0.10521797730745992,0.7849131408973521,0.4994319542332409,1.0803775552616912
Illinois,1960,-0.4047325657662841,0.09156412037102757,0.9143682767116699,0.7211806131566846,0.465196749406136
Illinois,1961,-0.39267025812798156,0.0768491488776677,1.2368763135264305,0.3768042300984201,-0.2779262843752547
Illinois,1962,-0.3899879519997983,0.7934933251624744,1.0608170504425862,1.0801111479747594,0.8880508470079839
Illinois,1963,-0.4248520442716621,0.636861872458558,1.1805267576317675,-0.010797064601674074,1.7165665259840486
Illinois,1964,-0.41916286460000834,0.6279580410002679,1.1708700443821636,1.0549071144906055,0.5451674194275726
Illinois,1965,-0.4189982558446229,0.392043739719179,0.9618480797182326,0.49092471607833493,0.8031382534094776
Illinois,1966,-0.4339961256713894,0.2382468581745494,0.6498333317156979,0.9712314085514793,0.2801646285084909
Illinois,1967,-0.45872525167845807,0.6022946680394435,0.7821295618349271,0.5756518182091491,1.22245073263535
Illinois,1968,-0.457230189599868,1.7261540252111727,0.662609515383537,0.7980738306778878,0.21427792200821869
Illinois,1969,-0.45400097415633633,1.5403147142477915,0.8935400689884658,0.24389005290739055,1.1265318820042587
Illinois,1970,-0.41430107846082653,1.345942402781915,0.6797863207884282,0.5996648365785853,0.44257122932863596
Illinois,1971,-0.351669656254616,1.6258584800108764,0.6943513798797959,0.5369639306665853,0.1692986708216359
Illinois,1972,-0.3305126519846444,1.2437507480994523,0.5678380640270717,0.8436281236667433,-0.14412813599129398
Illinois,1973,-0.297908332506345,1.0626563162036509,0.8262439678320191,0.18673608547175688,0.7733591162945238
Illinois,1974,-0.2537954968987061,1.3225688890043183,0.8271288025019083,0.3558323620836145,-0.7447087311816604
Illinois,1975,-0.2235515531638725,1.2326437410643076,0.664551377018041,0.23403190507098673,0.43942633039152273
Illinois,1976,-0.1740218519202388,1.2010440187868265,0.5793061197883109,-0.25341274287716625,0.6427651974133224
Illinois,1977,-0.09910152313200342,0.978381474047232,0.41988046941753393,0.017906408936845086,0.41368619392982225
Illinois,1978,-0.020275072305365134,0.9603663034178102,0.3616699943795915,-0.20141374940299675,0.0609768296416492
Illinois,1979,0.020583443914469392,0.930825283445449,0.27434622866822445,-0.16798173582551645,0.29850800720065673
Illinois,1980,-0.04942125702081036,0.9551899639314207,0.2222590464495727,-0.30362424520412146,0.05334628421737321
Illinois,1981,-0.07845126196245318,0.8000151391082927,0.2297563212106245,-0.25927616525453656,0.4301226129843021
Illinois,1982,-0.035888408878334915,0.8132932623638472,0.42216402417551985,-0.2669985761994434,0.4032596991688076
Illinois,1983,-0.02834620804818243,0.7681784152234786,0.4246094885588367,-0.43434320980513896,-0.2117293738019399
Illinois,1984,-0.0736386599376598,0.7684975511991946,0.280814736225055,0.19136506546578372,0.4627960692918189
Illinois,1985,-0.1168232857529383,0.7692586236607442,0.5885851546173295,-0.10175778047633431,0.3269419338828806
Illinois,1986,-0.11272239234577563,0.7474999459829541,0.477719033719341,0.2472772857237977,0.3175138323543704
Illinois,1987,-0.04890519869366368,0.7095410193523336,0.4844176389443165,0.060289254606050155,0.7370722974455943
Illinois,1988,0.05737076120780728,0.6395713004787031,0.4165756596544672,0.7225015093478041,0.4725029153073056
Illinois,1989,0.10862810085853151,0.5924469956800407,0.43636273476853,0.35893358962815647,0.4734520364130183
Illinois,1990,0.15891023266659315,0.4678859362463705,0.351071802812988,0.44400629926889806,0.6353310929534082
Illinois,1991,0.24802664901207427,0.4296039310075049,0.30708476717173167,0.5036687939403631,0.24217153042727643
Illinois,1992,0.343494405327541,0.360785224842708,0.2210989074765565,0.5658771223868103,0.6087286428086142
Illinois,1993,0.4491154137869194,0.5673569377376373,0.2966959559861769,0.5389079063475538,-0.11958702613004939
Illinois,1994,0.5452565774855818,0.22244275570068772,0.37218301469864534,0.43101658039643664,0.6069249900078922
Illinois,1995,0.5388341807539232,0.46937398979040496,0.24467636051180072,0.5667625621810282,0.04836517774993886
Illinois,1996,0.6490578336858751,0.4551148456601573,0.17875760885858127,0.6978448502719342,0.6463696148466143
Illinois,1997,0.7278370983467464,0.45138612521712657,0.4457291109395993,0.8035551388625853,-0.15019631490146487
Illinois,1998,0.6836322117792628,0.44664551256412804,0.3817002552353407,0.8217028482295822,0.2994086284694444
Illinois,1999,0.7744139990494985,0.46176909946651223,0.0412019211846509,0.8266837785378386,-0.034657571702273404
Illinois,2000,0.7696366426154647,0.46253110355261545,0.22337987875934195,0.8285668979794902,0.5418658310774457
Illinois,2001,0.6654997468375439,0.5188110352705417,0.2235416940969188,0.7919483680946381,1.0289685798660022
Illinois,2002,0.6823526802652272,0.47810587384562075,0.2475275021657812,0.7540051238958259,0.83672698196252
Illinois,2003,0.6750936914898366,0.41187588841128303,0.3518728519625423,0.7101166218244982,0.9959240972541954
Illinois,2004,0.7105110331741137,0.3893601934725883,0.4879219899757569,0.6113159842309953,0.9762873571651604
Illinois,2005,0.6828465314158686,0.34832070165357454,0.31347435785410643,0.5315220397458166,0.977391528729309
Illinois,2006,0.7276659323896693,0.7473406704551595,0.17108162005365118,0.6081734311965673,0.12430721531107666
Illinois,2007,0.8616946626792745,0.6916916723825263,0.08543312389299526,0.571207143774649,0.8238176883807239
Illinois,2008,0.9931261476799457,0.7555842225756916,0.027088987082549087,0.5401491113193402,0.5464985545260383
Illinois,2009,1.1322933346729538,0.7108836061974573,0.2197083329976333,0.48847525155715726,0.8952084811493429
Illinois,2010,1.1430216182983912,0.690492284031374,0.18895890645328853,0.6626609670167083,0.9446568042114759
Illinois,2011,1.1222325803646653,0.7729337873864937,0.23421134141325686,0.5877193358624941,0.9118415874435116
Illinois,2012,1.1046843659844954,0.7583215020612257,0.32371637559142025,0.6476538514316869,0.9694903716477665
Illinois,2013,1.2005830088661438,0.6191378449341659,0.5628664182697061,0.5366737893350944,0.7902257427075566
Illinois,2014,1.2494832414501968,0.7416400640157907,0.5700608148579311,0.559467933657445,0.8094875026252573
Indiana,1946,-0.6770921478053824,-0.6015521209019079,-0.21195895331291204,-0.5529576192730317,0.015596397726237134
Indiana,1947,-0.6768621667471204,-0.7244302951222702,-0.3537307600186971,-0.6971744395622714,-1.0639004095064128
Indiana,1948,-0.6750977468012216,-0.6850390043163659,-0.3501042237670745,-0.50407344288925,-0.41405641546849564
Indiana,1949,-0.6670799448606839,-0.6438806798034941,-0.3093018344383847,-0.4537567501225557,-1.1640973462022117
Indiana,1950,-0.6581763412245997,-0.682775596572195,-0.27986576437249866,-0.048289593315708604,-0.7995518944391553
Indiana,1951,-0.6498557339271755,-0.8148375529595661,-0.49164356980281426,-0.4670109403412287,-1.5255528693058822
Indiana,1952,-0.6358680657798506,-0.7647175502974289,-0.5899423734820449,-0.2341440053868623,-2.1355453815584857
Indiana,1953,-0.6282869545206147,-0.7309922418874726,-0.48345659057603213,0.5973873390090413,-1.5583782157586719
Indiana,1954,-0.6411883151082944,-0.7992510338518998,-0.4126774939895538,0.15453285102327258,-0.7338931512902942
Indiana,1955,-0.6552942418147318,-0.856790407726997,-0.4458975908547533,-0.1667004051091048,-1.2201177949319606
Indiana,1956,-0.6772576717354307,-0.8420970889931201,-0.5155111922813082,-0.0033121186253775065,-1.5923150680445037
Indiana,1957,-0.6811007225510775,-0.8387107758202534,-0.8159451031565266,0.5207514777482778,-0.4222942835217205
Indiana,1958,-0.664805979513795,-0.8097453009708875,-0.8869856087113308,-0.5882040646249362,-0.2239053848686971
Indiana,1959,-0.6423016992268472,-0.915461693201296,-0.9225914008660785,-0.7537207749027056,-0.08726396050885046
Indiana,1960,-0.6387872281535237,-0.9946593446631822,-1.006750023196672,-0.7878289215174878,-2.1261077938208146
Indiana,1961,-0.6472458450194536,-0.8619281229190161,-0.9742542115268554,-0.7711081823394117,0.626202776856846
Indiana,1962,-0.6444284361255282,-0.9337170996937806,-1.2652226754084268,-0.9127710380038115,-0.15719190329139865
Indiana,1963,-0.6550049569396268,-1.0217763776405377,-0.7996049540004689,0.562662218433343,-0.1230826096683712
Indiana,1964,-0.6630738451832564,-1.0340404247048964,-0.4400030576148254,-0.43835027386531217,-0.5653134176149123
Indiana,1965,-0.6714463955478686,-1.280758745031853,0.33311850299979684,0.3710751325290868,-0.21120318501068547
Indiana,1966,-0.6864596989305983,-1.2829837367352113,-0.24036453453551934,-0.7954759604184458,0.557126136595619
Indiana,1967,-0.6932995662478858,-0.5523015090035325,-0.45072770974914483,-0.7125594897602494,0.5517183555858955
Indiana,1968,-0.6892754392837748,-0.532735168660889,-0.4465144269216905,-0.8486391260470504,0.23336457834281638
Indiana,1969,-0.7039360354292916,-0.7749149867214657,-0.6820325917914793,-1.3172490266766632,-0.5042263868348342
Indiana,1970,-0.7166450419830327,-0.7286262700725868,-0.5254772566165303,-0.7445617670200475,-0.6972516823593251
Indiana,1971,-0.7130701222679267,-0.18457071875579623,-0.6325691720245195,-1.2473965378953022,-1.0786799687749744
Indiana,1972,-0.6852762678299412,-0.5059442702215965,-0.6330973402946021,-0.17494716167262453,-1.14017230359667
Indiana,1973,-0.6625536791568211,-0.665917838977088,-0.5231170016537202,-0.5837692043873408,-0.6570462165260769
Indiana,1974,-0.6291012618315543,-0.7860700821539713,-0.3347228440680445,-0.18424688763739372,-1.0573842128582276
Indiana,1975,-0.5900600696698841,-0.8411411429579584,-0.12910801382181042,-0.48253111320600295,-0.7951618878887362
Indiana,1976,-0.5586571972004764,-0.8660607552602697,-0.20326414573411858,-0.3715625691031664,-0.771773856017966
Indiana,1977,-0.5279616229438351,-0.06471895600052999,-0.3869963985975554,-0.6816258606183814,-0.9174211274419124
Indiana,1978,-0.5052439223509849,-0.10424787948485605,-0.3858552279918535,-0.5572997241857459,-0.921897748144859
Indiana,1979,-0.5114112601293623,-0.08757080875249608,-0.4267777354275433,-0.5834401225923843,-0.9742359449827835
Indiana,1980,-0.5702995845194818,-0.26411546212889975,-0.38287670349661146,-0.6773652244356384,-0.5299773653018908
Indiana,1981,-0.6524895923590395,-0.36547639552819916,-0.3256424908669121,-0.8884052502561666,-1.0397420667835882
Indiana,1982,-0.6717782886823824,-0.36266043721187624,-0.28724264692099827,-0.7254040865965635,-0.8388326712227925
Indiana,1983,-0.677386439322942,0.4416265543119267,-0.33666058259503456,-0.9149156247984191,-0.9365687488914937
Indiana,1984,-0.6950236645133598,0.2658677893816257,-0.3884871184643648,-0.7375138185865691,-0.7966553443516599
Indiana,1985,-0.7067544445696757,0.23125513787726706,-0.5168187937760084,-1.0413091106472836,-0.9819776439946474
Indiana,1986,-0.7106092530902637,0.17855303410298376,-0.5680429817603453,-0.6088170269504057,-0.2790601708823526
Indiana,1987,-0.7399362249481762,0.21360762316340257,-0.5568110082685556,-0.9594866618011785,-0.7374563582156487
Indiana,1988,-0.769158422973733,0.12298275160867364,-0.37421616546211,-0.5847994703710045,-0.009615848650118311
Indiana,1989,-0.7664209448185915,0.1794432223356142,-0.3986178128880808,-0.9342455394604852,-0.20521507817075293
Indiana,1990,-0.7542292328835358,0.12305804734923796,-0.5056347937777697,-0.877706662994482,0.02655895780516351
Indiana,1991,-0.7288064831657864,0.05484618747106854,-0.3376001430370386,-0.9791990942824487,-0.8401550733774691
Indiana,1992,-0.7075140715709336,0.001504184880772593,-0.3472354906527117,-0.9790534128248144,-0.5764337467746207
Indiana,1993,-0.6792818716556515,-0.04855440255753719,-0.3306710634328898,-0.9939374744456215,-0.4965333926026602
Indiana,1994,-0.6568454053436438,-0.25561161940226773,-0.313337288310066,-1.0484094288823114,-0.6476186121178354
Indiana,1995,-0.6027501694581434,-0.23776450339866256,-0.2741710850062865,-1.0464979600075495,-0.3010061662768881
Indiana,1996,-0.5983663630076965,-0.22977676041041217,-0.37171091801640815,-0.8803861140116941,-0.0552117025251947
Indiana,1997,-0.6114585074105368,-0.567073843732203,-0.42512852961750186,-0.9039765061193479,-0.2618602982464822
Indiana,1998,-0.6008646965890371,-0.48903043623605497,-0.5932707971866178,-0.9019957540075767,-0.26170501496587967
Indiana,1999,-0.5532035865721738,-0.4906625505675605,-0.685099313220868,-0.8091964120879496,-0.2127708149725204
Indiana,2000,-0.5368950543094879,-0.6611723456428146,-0.2405384682929859,-0.7123514219307309,-0.5175040227267683
Indiana,2001,-0.5953120294685429,-0.5386031094817294,-0.25952332338853906,-0.7615963745830608,-0.22154333308071525
Indiana,2002,-0.6287505663580897,-0.5120365555574593,-0.3745090622223533,-0.7480458143505918,-0.4021679856577397
Indiana,2003,-0.638507606374711,-0.5115299171434454,-0.11516157518091358,-0.7014947558016967,-0.3043085257029458
Indiana,2004,-0.6005140357973539,-0.5748526920976277,-0.13977609017059528,-0.6949326996231598,-0.5006962236264177
Indiana,2005,-0.532302115661705,-0.5569506109062639,-0.1455238224048623,-0.7597744143007672,-0.26490512991841025
Indiana,2006,-0.5213934057936863,-0.6686524786538077,-0.2951689884157895,-0.7634079920489141,-0.1546232290047391
Indiana,2007,-0.5172983450102052,-0.686375592340801,-0.35642471601533043,-0.8388057124996918,-0.1954376176033676
Indiana,2008,-0.477776966095665,-0.7123408844247832,-0.07821655981593763,-0.7796510607372348,0.27831147328342787
Indiana,2009,-0.4806365070147622,-0.713287929191893,0.06197828427980153,-0.9811210097027403,0.2570728926698554
Indiana,2010,-0.48965652082839173,-0.7182911667346049,0.04136161096397486,-0.662682641384661,0.028692007573308007
Indiana,2011,-0.46399334321061386,-0.7240192978496279,0.08391800431967446,-0.7773222420215573,-0.36933508913290103
Indiana,2012,-0.45740591259399194,-0.5890167334213892,-0.16880551016622775,-0.6202871504686389,-0.48930322199051035
Indiana,2013,-0.5089297227209819,-0.5709391488054012,-0.34987008803009845,-0.6545149466720893,-0.7566968407934407
Indiana,2014,-0.5137838288544411,-0.5647075346318717,-0.2449082896513956,-0.6511176087827245,-0.7442385604300893
Iowa,1946,-0.8242323073883904,0.3403148696526108,-0.6984911534611244,-0.83421612094751,-0.8559231963910696
Iowa,1947,-0.818337882181751,0.2889554637221486,-0.5562574624878162,-0.7168197938791009,-0.8979781783566138
Iowa,1948,-0.8128462331460016,0.26588858132490273,-0.75353242509953,-0.6203236177156531,-1.1212283005796873
Iowa,1949,-0.8073340381622004,0.2358629301237012,-0.616781128856836,0.10964598329327203,-0.9963905220807837
Iowa,1950,-0.8003585604203738,0.17002196905294525,-0.5147714225550329,0.08968505582058722,-0.11076837835112108
Iowa,1951,-0.7962537116297604,0.14230955992982855,-0.5129496943290431,0.010466266101912647,-0.9302475819594888
Iowa,1952,-0.7850324019376609,0.14442430882799584,-0.5245395227473557,0.3129343835996358,-0.43777044916537344
Iowa,1953,-0.7837070319610675,0.15380290708484662,-0.5535975761642838,1.4545351802501458,-0.21648298527392995
Iowa,1954,-0.7943192815600739,0.11267190373139756,-0.6949738833617612,0.4131160925220189,-1.3426700053363203
Iowa,1955,-0.7867748443807115,0.06220028998788021,-0.7289818810630767,0.15160635394632793,-0.24631765785432766
Iowa,1956,-0.7656880999204402,0.06588565661904486,-0.6133392597929441,-0.50188456747337,-1.438184200779911
Iowa,1957,-0.7544010000837739,0.06323176077830903,-0.832875690701407,0.15740982999919143,-2.229812481196985
Iowa,1958,-0.7494306540554628,0.026685222681378424,-0.6934510697142838,0.377240392740707,-2.1788537722298384
Iowa,1959,-0.743226110012083,-0.012440927354406299,-0.7875492208705832,0.6423491990931841,-0.35169192460497767
Iowa,1960,-0.732861201703678,-0.1049146610086611,-0.32862087380918353,0.5708716555884675,0.4055041405674029
Iowa,1961,-0.7102665937711358,-0.07388536464679962,-0.5834357605739695,-0.05306181863353628,-2.000562004023459
Iowa,1962,-0.6852669881430345,-0.09278374946942265,-0.35824232504639236,0.4972511845221036,-1.1434584390667144
Iowa,1963,-0.686850042281762,-0.0666956499093149,-0.39288016660422104,-0.4862976000502962,-0.4914813923560304
Iowa,1964,-0.7135254281606609,-0.17562591361231517,-0.36581967325614145,0.6739550813051783,-1.2219100923808273
Iowa,1965,-0.7478721315891365,-0.09487238278357235,-0.3972422645503233,-0.02349176594478722,-1.3758557095387423
Iowa,1966,-0.778240067358347,-0.19613998890606638,-0.9103110904933063,0.5490991872966761,-1.6671537914002075
Iowa,1967,-0.8153810179127177,-0.23911015898381574,0.13968279453548807,0.08000098893250573,-1.6611958583802875
Iowa,1968,-0.8359165244991823,-0.31332453314543457,0.023848480044965426,0.11321619498858286,-1.8433338510680461
Iowa,1969,-0.8506427474333079,-0.47930381044396275,-0.02307630453475595,-0.3892365900866522,-1.505932383722749
Iowa,1970,-0.8484324226732921,0.08734608717684016,-0.19902171200471064,-0.25203369872140585,-1.671593502088255
Iowa,1971,-0.8359203244553343,-0.12146310373835675,-0.25780332485415774,-0.7133592636089641,-1.9222421568432153
Iowa,1972,-0.8280337861488138,0.015795392120083768,-0.031639798859854476,-0.8687303782215048,-1.6420933010346181
Iowa,1973,-0.8177243226252665,0.3921265347517833,-0.4799262410637207,-0.5035848139196695,-1.9246016103208317
Iowa,1974,-0.8051665333230742,0.3045585168883075,-0.18126703058860516,-0.25695716046408973,-1.8716281499794987
Iowa,1975,-0.7860011796618033,0.2601464661795591,-0.094218525900347,-0.3371496409813326,-1.8913100837640469
Iowa,1976,-0.7920867878021669,0.19614088903890448,-0.05896697410771523,-0.1640337245747919,-1.0938417128900129
Iowa,1977,-0.7800120906779255,0.34917451677361755,0.06336192961166341,-0.4050620274505013,-1.4010049145449965
Iowa,1978,-0.7448887640482986,0.3072366947673031,0.1468166854792693,-0.35726949360224136,-0.578351563161106
Iowa,1979,-0.7410358701363122,0.27366559556993236,0.3450337179058568,-0.21984134796241583,-0.9494679090214571
Iowa,1980,-0.7326997173461107,0.23883803278217447,0.34713196636211346,-0.2501395135886527,-0.7489163209698081
Iowa,1981,-0.7254007429384817,0.17950646663160844,0.468849837631277,-0.5931576057787058,-0.7664729215226784
Iowa,1982,-0.7092702002679082,0.15175147205980163,0.6048527414439171,-0.3843850760431417,-0.8857205801615367
Iowa,1983,-0.6809514565821093,0.048296181217094024,0.46911622306816997,-0.10925212869515193,-0.47713643700482117
Iowa,1984,-0.6055498648921438,0.024514740049228885,0.5241036450029626,0.05944132067045345,-0.6346042201732071
Iowa,1985,-0.5129482561234011,0.21089520310216603,0.4215515340510649,-0.036684002347724606,-0.5094178771112399
Iowa,1986,-0.4251138308902145,0.17917098627440445,0.42557051597226686,-0.14826961730544314,-0.14402774324041553
Iowa,1987,-0.3431437685252109,0.16926981670816488,0.4986771801585238,-0.058604341614334574,-0.23607423588653115
Iowa,1988,-0.33073187685531447,0.10516517992670696,0.47409596987798314,-0.06632249036289625,-0.6219329042537682
Iowa,1989,-0.2678116089857783,0.484427987514225,0.42098037619414763,-0.12174007137373694,-0.4994150303886377
Iowa,1990,-0.2501116998361186,0.8334877026594795,0.8576153267793986,-0.19258449630195668,-0.7131624763472556
Iowa,1991,-0.2710900684833936,0.8110657489285952,0.6190221316672713,-0.1085557224426674,-0.4135038989687626
Iowa,1992,-0.2954896994365735,0.7229889722773538,0.6928583828795574,-0.07338497446529996,-0.8440511024563117
Iowa,1993,-0.26501174942998884,0.6440415945012732,0.7273441770814576,0.005635387013206555,-0.7112349821243917
Iowa,1994,-0.29296218292007936,0.5963840751163756,0.7064453832037114,0.14176274638826883,-0.9179978830259382
Iowa,1995,-0.3163700856908032,0.6003142536494253,0.6289482650247555,-0.0116509641923314,-0.5128513563342005
Iowa,1996,-0.3215995892064473,0.5064987569948255,0.45759620574058263,0.11144182716820482,-0.8697980202130604
Iowa,1997,-0.32053623926437114,0.562414589336665,0.25873949393722057,-0.08263041820027836,-0.427310441165292
Iowa,1998,-0.32044400016730695,0.49139520864031316,0.0696034165003751,-0.1665923354954793,-0.6619102415282907
Iowa,1999,-0.3160127514405773,0.5574103914507743,-0.032576799925058304,-0.22108757519962363,-0.4419714467309651
Iowa,2000,-0.3041431686093958,0.5784860046563799,0.0010532463999012546,-0.2930240727114728,-0.9086152928489653
Iowa,2001,-0.25036806926166205,0.5093794500669979,0.03460104941522142,-0.26316487361955304,-0.361726785175544
Iowa,2002,-0.2147478276597204,0.5223435216102881,0.008253932044211753,-0.29894709499561367,-0.622158682541196
Iowa,2003,-0.2069923326285599,0.46782864893517473,-0.03433341067987359,-0.3033930815681578,-0.4690007338008895
Iowa,2004,-0.1858615069385851,0.405260095985859,-0.06869725639941024,-0.23998188885309443,-0.36592388449400187
Iowa,2005,-0.245752778455058,0.3941259070841785,-0.11001465867275559,-0.16579850029578774,-0.47211435957582326
Iowa,2006,-0.2817642823792404,0.36852925822630883,-0.15544700896672087,-0.16722250089450277,-0.29801472229324655
Iowa,2007,-0.28349519858171857,0.7249640522529837,-0.12564519671143354,-0.06202004052535327,-0.654303911951487
Iowa,2008,-0.3148197083426386,0.786296243829463,-0.03255106638201524,0.07253214581342318,-0.7674069011087986
Iowa,2009,-0.31800847811923416,0.90442403557345,0.2993864420498956,0.0328155268277807,-0.6613992870377338
Iowa,2010,-0.2984468737233462,0.8595331125829292,0.3197561007208869,0.18421476080390958,-0.4903146571767682
Iowa,2011,-0.26640646094959125,0.8120678398095627,0.3384913273771765,0.07980611332182451,-0.6349707849478061
Iowa,2012,-0.2750491770675075,0.7981385829702811,0.3294308601117518,0.2420159836857901,-0.6364574967933234
Iowa,2013,-0.2613675449617677,0.6357206159415428,0.0936048291886169,0.1963354444358762,-1.056308167945493
Iowa,2014,-0.3100911151441658,0.6510967636462689,0.09946007719471857,0.2449770462294631,-1.0602601229766722
Kansas,1946,-0.7603669334234266,-0.5401458307707874,-0.010470561996894886,-1.133714188291687,-0.8265322754570071
Kansas,1947,-0.7539449600552536,-0.651776231677375,0.25139209166084886,-0.35642456701663117,-0.0009796478037578827
Kansas,1948,-0.7524573136493169,-0.7066274043081149,0.18471468576852357,-1.0104729226795153,-1.3966013528708396
Kansas,1949,-0.7581276732977811,-0.662866980498572,0.37156856010231276,-0.9497814131399971,-1.01044583089092
Kansas,1950,-0.7563664410569165,-0.6012689852936175,0.13871400514083312,-1.1777817537810242,-1.3084492332231044
Kansas,1951,-0.7484675973480298,-0.6864497108406885,0.1441183936796779,-0.8997414090203761,-1.090695766058854
Kansas,1952,-0.7406617129174626,-0.7298726848360456,0.21306803142670605,-0.5196036338760321,-1.2088196476093125
Kansas,1953,-0.7159698117846967,-0.781135914296788,0.41065858691061247,-0.3358127387874865,-1.569331220943041
Kansas,1954,-0.7210286058926649,-0.7450001045867128,0.34635543209860087,-0.7335186113830282,-0.5485261816938836
Kansas,1955,-0.7025805662359847,-0.7994480736131452,0.3365838090224771,-0.6195725836387928,-1.0714801129611062
Kansas,1956,-0.6848329144341597,-0.898457767210035,0.2840482923657826,-0.670105999466455,-0.20002555539557323
Kansas,1957,-0.6654969757813665,-0.8590621560104246,0.15303292888238798,-0.5972364610256927,-0.6900554331853841
Kansas,1958,-0.6784916138615807,-0.8371001614747313,0.05781513862227462,-0.3457179689443539,-1.0334838481471516
Kansas,1959,-0.6834413305734222,-0.9692066789710981,0.001731332089422952,-0.7600386016056837,-1.7607984439837596
Kansas,1960,-0.7001441824371166,-0.9243078840374319,0.014233475081433793,-0.4375205692620083,-1.2449015855545194
Kansas,1961,-0.7115576010388116,-0.896507538352946,0.13601917237311734,-0.4695556200407735,-0.23132163128028252
Kansas,1962,-0.7024704522854742,-0.9523205924091501,0.1575290578908295,-0.3434835944419164,-0.8448773372492301
Kansas,1963,-0.7088852414164445,-0.9834558346143631,0.3289619090278056,-0.6955793160964399,-0.3257858922317235
Kansas,1964,-0.7255350141867316,-1.0136800533152075,0.3275037364103057,-0.4627024805079371,-1.3791212631506597
Kansas,1965,-0.7313873239494356,-1.2116585780849312,0.262196528067209,-0.6566053988661879,-0.21978716168960297
Kansas,1966,-0.7406445772450293,-1.2093481434797768,0.253050526573818,-1.1050042163063185,-1.1607772904207159
Kansas,1967,-0.7549697350167339,-1.4214866022684016,0.09044495720796446,-1.0408855742882979,-0.2531482557664677
Kansas,1968,-0.7687114319045794,-1.4161168501484667,-0.2492503227976316,-1.2063849199162093,-0.786055204310079
Kansas,1969,-0.7857306556318382,-1.4904280088657835,-0.11598740867341631,-0.16487084153100343,-0.21486893463971274
Kansas,1970,-0.7961364716023881,-1.4329569989984574,-0.41672957062714,-0.8605244030658421,-0.49771660767332254
Kansas,1971,-0.805139254600506,-0.8643576862108887,-0.5888722422390261,-0.3568310244006867,-1.0578562713793649
Kansas,1972,-0.8167235599364645,-0.00763040390886096,-0.45454822806536477,-0.5713794529486599,-0.8727679816993418
Kansas,1973,-0.8430859841958471,-0.15300941707569252,-0.38646206328830135,-0.7042851387862225,-0.8383049421560567
Kansas,1974,-0.8742794171829571,-0.24129635219813064,-0.331114110875594,-0.4123593476432602,-1.3908833105393101
Kansas,1975,-0.8966354827489006,-0.34441044340950655,-0.29654436052312055,-0.6292321194051841,-1.1207296845009864
Kansas,1976,-0.9104397497479083,-0.38762489721275595,-0.2619273098460694,-0.37268066704348374,-1.4724395746219803
Kansas,1977,-0.9392006716901543,-0.37144462303467957,-0.421878745525142,-0.5094670179083536,-1.1556233966205294
Kansas,1978,-0.9640786657202643,-0.43771617963131715,-0.28819230525608613,-0.37310837601679875,-1.3375216794460991
Kansas,1979,-0.9726066278459534,-0.40044384934112154,-0.24460713621226277,-0.3487641445647978,-0.9430780457402894
Kansas,1980,-0.9824202781684261,-0.41618263841678965,-0.246028661742917,-0.09890570991146563,-1.0788331873613073
Kansas,1981,-0.9989102480447867,-0.48941654632750214,-0.35797945137158216,-0.17618112677718042,-1.0804507320941767
Kansas,1982,-1.0614556410380394,-0.49541180679821817,-0.4365381128639644,-0.15944448467784622,-1.0192758507841555
Kansas,1983,-1.1270610000423886,-0.5696809560131848,-0.24386945841582425,-0.4216948732379928,-0.9458071406221069
Kansas,1984,-1.176935378290873,-0.5678068078928968,-0.23525970550611222,-0.5243297199937197,-1.220428529496717
Kansas,1985,-1.2101332756433192,-0.5139782509862749,-0.11184082496736343,-0.5216231326102342,-1.0434168784897264
Kansas,1986,-1.2248283272356624,-0.39589026157955426,-0.191792261958936,-0.6789872857133581,-1.3150953266652936
Kansas,1987,-1.2411875041301195,-0.37103816171626935,-0.342527106964532,-0.2716753237636623,-1.248605240050361
Kansas,1988,-1.25215376595126,-0.41196345536416806,-0.45998934281292153,-0.665529911974944,-1.2305285718210315
Kansas,1989,-1.2047211552082755,-0.47311709958564585,-0.41619405797844966,-0.3290666797791793,-1.258849519108993
Kansas,1990,-1.1785718907871612,-0.5297110367652478,-0.48975216169963365,-0.4842479502839785,-1.3368115433906569
Kansas,1991,-1.152796486958579,-0.5443913912906878,-0.6146069028707432,-0.2604925166744729,-1.2709907322589067
Kansas,1992,-1.1534498670594102,-0.6252541332999222,-0.6366703934661743,-0.23121652477160057,-1.1836025818518638
Kansas,1993,-1.1895566358361458,-0.6622971523606426,-0.629457295812691,-0.1388185320361501,-1.544444784143903
Kansas,1994,-1.1977140783923055,-0.6474491355574558,-0.7235058439993036,-0.021621899401804662,-1.422601416899662
Kansas,1995,-1.206448340178238,-0.589546733131955,-0.6914893173808675,-0.06708002805095224,-1.581912002080052
Kansas,1996,-1.2559285040266195,-0.5020655152799857,-0.7369596334271673,-0.0015334353641041352,-1.5040868224335815
Kansas,1997,-1.2655165933823442,-0.6071716822735095,-0.8834701064130911,-0.10251982178363994,-1.516076788274775
Kansas,1998,-1.269447064257996,-0.8229386037209528,-0.9157125633122786,-0.09074744881560344,-1.22742096996935
Kansas,1999,-1.2824164476094089,-0.8595191854615865,-0.6665633626065559,-0.1728854701522348,-1.2800764169511698
Kansas,2000,-1.2712959037352498,-0.8040910497407231,-0.5576069309996121,-0.22842730706016404,-1.1682339015041552
Kansas,2001,-1.2455186604829016,-0.686997257204504,-0.5328881067770233,-0.19397978830238521,-1.3895967729013832
Kansas,2002,-1.2324621631080277,-0.4832395611368517,-0.6549691866337035,-0.2630494427169894,-1.0789789382542798
Kansas,2003,-1.23948287303579,-0.5399820203978527,-0.5985219332795997,-0.18711767780979097,-1.212520615738607
Kansas,2004,-1.2542651399474132,-0.3943881678639401,-0.6353624046743274,-0.2598647043352845,-1.1768450839690467
Kansas,2005,-1.2677601506011595,-0.44967063754118397,-0.7208220082184918,-0.2880316431542732,-1.1550654238306093
Kansas,2006,-1.2754823140770102,-0.5599149492251796,-0.6874884139804754,-0.18589409557967765,-1.1334473530098197
Kansas,2007,-1.2457085562781232,-0.6066852285850267,-0.7618166624048434,-0.26556470217350286,-1.068031078173272
Kansas,2008,-1.2143496278706547,-0.5848036658248554,-0.791795914703214,-0.24810941586446866,-0.8062212024440297
Kansas,2009,-1.2193148219014251,-0.6394674225556904,-0.5843300480396348,-0.3602883746083306,-0.5992892736193709
Kansas,2010,-1.159327401796257,-0.45565549931744215,-0.6121499059421581,-0.3341346514698104,-0.6055882861259091
Kansas,2011,-1.1535636395944862,-0.5514163173563588,-0.6856550548670824,-0.5505437929726058,-0.41028620595163207
Kansas,2012,-1.1256479655175604,-0.6393583982390836,-0.7024525483287815,-0.5190687408332741,-0.29098785546214107
Kansas,2013,-1.094624171739722,-0.6634260829395247,-0.6969942576643392,-0.6076105243473465,-0.43547726717328333
Kansas,2014,-1.056101575344269,-0.6828589349878368,-0.7433590505963688,-0.578435104710888,-0.6180979603018636
Kentucky,1946,-0.10613149599171384,-0.5987101428903661,-0.43731580437989015,-1.2411995516158145,-1.0728879543053795
Kentucky,1947,-0.10694489685840605,-0.6018625094830526,-0.632636852668416,-1.4000039583106232,-0.06501097151581119
Kentucky,1948,-0.110093584492406,-0.6798807884838706,-0.6209454473995489,-1.2471753443839697,0.27705593490233643
Kentucky,1949,-0.13974660747080303,-0.6644153152713642,-0.6814298605242658,-2.192317247518413,0.5956271031754959
Kentucky,1950,-0.1757794140042678,-0.7292646626227937,-0.7085308531072484,-2.055970799074451,0.2711166763245543
Kentucky,1951,-0.21329784053887177,-0.689381619527599,-0.4579158497735058,-1.5375187169154023,0.39038955110407575
Kentucky,1952,-0.2450146815488256,-0.7795926422842342,-0.4650679244361966,-0.9348872016662096,-1.0501395299479954
Kentucky,1953,-0.22085478589037005,-0.7201786498660778,-0.49345421179763926,-0.9991698861631931,-1.9614386704274611
Kentucky,1954,-0.21947029383584657,-0.7785250931741805,-0.4878076213747548,-1.862769801455518,0.7479759387450511
Kentucky,1955,-0.19067875493745287,-0.8762537866576224,-0.5318722057544636,-1.4592681783501071,0.9267439787358969
Kentucky,1956,-0.15655824275496813,-0.8419434866396855,-0.20399878700936755,-1.9717667809466297,0.8441277968432419
Kentucky,1957,-0.19773701696116808,-0.8923453821019556,-0.276160086312185,-1.5227823284859123,-0.5253923865015616
Kentucky,1958,-0.2444369776627884,-0.8219200142575,-0.21194535273734283,-1.1741017258922957,2.703216866421534
Kentucky,1959,-0.2572479168243993,-0.9357101635230769,-0.358809742040582,-1.3440040178389059,1.3750612303484167
Kentucky,1960,-0.23645212383332323,-0.9354554457897453,-0.03567225816056517,-1.0517930213650972,1.2636272985478179
Kentucky,1961,-0.20311070646874968,-0.8734685906734432,-0.007531817657816277,-2.010741785689419,1.9630991565332006
Kentucky,1962,-0.1609500045522139,-0.8919262613828443,0.03536066231455544,-1.7005532042188403,0.865650411992534
Kentucky,1963,-0.09956852109041489,-1.0363570034763898,0.013487810523949127,-0.446847165440538,0.9630151183820285
Kentucky,1964,-0.015190053676126464,-1.013198956238216,-0.0733864472169435,-1.855103232034512,1.8288737517933416
Kentucky,1965,0.11007654212059355,-1.2444469346745037,-0.03249002669846686,-0.7638189316901661,1.2420433665472912
Kentucky,1966,0.18843149367485212,-0.3885816267046946,0.18556078880042667,-1.0868216869367624,1.5593214939523534
Kentucky,1967,0.2504466398743609,-0.6081151741775387,-0.07393238776787331,-0.8728660656019027,1.4271876172312845
Kentucky,1968,0.2965069034603455,-0.4789740806231063,-0.10385147283768864,-0.8868358545993875,1.3829413909162431
Kentucky,1969,0.3303565720809214,-0.7073373745093409,-0.3717542082339881,-0.3920138230157091,1.1812386892635032
Kentucky,1970,0.3068974632297494,-0.6799212151811619,-0.515001972384382,-0.6491581712173902,0.7481748459040166
Kentucky,1971,0.26682544673602715,-0.9499674956205192,-0.5875066930393011,-0.8111234913220186,0.7932962007607716
Kentucky,1972,0.26746899633609583,-0.015807008057661102,-0.43638457088907234,-1.1399550998866026,0.8225928713358163
Kentucky,1973,0.3198579322039446,-0.19586664993871156,-0.4759237470220441,-1.178992992787053,0.7818108841471146
Kentucky,1974,0.312379720200196,-0.21536930869708792,-0.3318451454880788,-1.2547805105997938,0.5052056938459278
Kentucky,1975,0.2725381393547538,-0.2594911611803985,-0.11389207785277437,-1.2635790580767012,0.9656690466215425
Kentucky,1976,0.27760606973164925,-0.3057016435507216,-0.16362817980954755,-1.1211626535201558,1.062710888564461
Kentucky,1977,0.2616342937067156,-0.3654215398096056,-0.2811754432145918,-0.9926038650293363,0.4352469048128656
Kentucky,1978,0.26386954200049556,-0.524588470209386,-0.4890784879801139,-1.0737026647523467,0.6555852978255121
Kentucky,1979,0.2905781394015498,-0.5393773563336174,-0.5445140347764859,-0.9460178416809802,0.43566006325853185
Kentucky,1980,0.33938227292686596,-0.5431758725471402,-0.536175117901996,-1.0799753687255687,0.8419848557217381
Kentucky,1981,0.43597451411842547,-0.47173002782901374,-0.512689000016638,-0.8462105715882436,0.8428669353499633
Kentucky,1982,0.5872618347859424,-0.48024480355183063,-0.5479104236545903,-0.8539563559675385,1.015871648113598
Kentucky,1983,0.6541916075796005,-0.48432608479633565,-0.6375612244946844,-0.8817788729823046,0.858790868006869
Kentucky,1984,0.7775363295905725,-0.6349133255195033,-0.6576517275008917,-0.8928431389071809,0.7159825048896242
Kentucky,1985,0.8675950826459687,-0.6219930774621961,-0.6697340325255368,-1.1363297015865979,0.6950264464785008
Kentucky,1986,0.8943181718408345,-0.6275327425988553,-0.5572456127051216,-1.0658513876981077,0.67239480543622
Kentucky,1987,0.9376128888692338,-0.6945076909260257,-0.5591749074989488,-1.2156198853960167,0.2799900488589325
Kentucky,1988,0.9592103446796802,-0.46321255155518265,-0.5612530371212866,-1.36629454524111,0.4040933391602165
Kentucky,1989,1.0014600857131009,-0.7567563760312501,-0.5363447819760933,-1.3279271398535855,0.32644280676382775
Kentucky,1990,1.0381485404872073,-0.7285617295729966,-0.6289375641193651,-1.5635772004564867,0.8809049894404787
Kentucky,1991,1.008446782300652,-0.6552247501371659,-0.4317288919680296,-1.4821166142959916,0.6953594633894389
Kentucky,1992,0.9875183046361778,-0.4500831177011653,-0.5078496168861505,-1.5040434995812453,0.9752324375101094
Kentucky,1993,0.8439591511874694,-0.47301639414063934,-0.4682264034908056,-1.4740086777319488,0.23021329485246847
Kentucky,1994,0.7986261441024669,-0.523990891247651,-0.41161312131867317,-1.6059165593391371,0.8901017864558197
Kentucky,1995,0.7546372843139112,-0.4814138730032089,-0.39015133165960364,-1.520960432493661,0.3640725095162969
Kentucky,1996,0.6499239789397077,-0.5679622947965949,-0.3967062090949876,-1.6175502354107893,0.6182085583893636
Kentucky,1997,0.5142884592501354,-0.5008839343625459,-0.29220262519232443,-1.3252254830883237,0.7354487094783236
Kentucky,1998,0.4464336801044139,-0.5169612337746177,0.001427302543887493,-1.443434617765731,0.6950934208838617
Kentucky,1999,0.38420613835117556,-0.5072619578473324,-0.07411343500383044,-1.3102057725379987,0.32758639877519663
Kentucky,2000,0.28748514208797576,-0.5465878784535707,-0.16317809123796492,-1.2843628966017748,0.5286954611049558
Kentucky,2001,0.23743732055309044,-0.5910455036338574,-0.22274508453724648,-1.3412364472356375,-0.03776541638970714
Kentucky,2002,0.2110804341864025,-0.6796072196726546,-0.15487511027456582,-1.3543948236387642,0.6303703357892828
Kentucky,2003,0.17225122226111897,-0.6005406677514866,-0.17998792211720585,-1.3143227129924862,-0.261376852102263
Kentucky,2004,0.11292829746438605,-0.6403745926862272,-0.2110455679399847,-1.2095958420730049,0.696843006559408
Kentucky,2005,0.07074148960115614,-0.683244038275612,-0.26680703364202213,-1.156676516307028,0.23627940709233397
Kentucky,2006,0.016066689070516293,-0.7588513710475546,-0.35354669680907036,-1.0386869790568278,0.2872106490361572
Kentucky,2007,0.04810671809409254,-0.8084771350718645,-0.3474011779780121,-1.1732029603109027,0.6281779630430092
Kentucky,2008,0.11295724939356076,-0.7820810835340833,-0.3666656983175841,-1.1331600687960275,0.24449158246163197
Kentucky,2009,0.11700879332036815,-0.8069655024377218,-0.35187400760813303,-1.2589504762245918,0.15358231828855584
Kentucky,2010,0.0873451006006443,-0.8450372339563826,-0.37786991877825715,-1.0634923596772832,-0.24744896834715288
Kentucky,2011,0.032662740372688744,-0.8017828280110822,-0.3689799427738252,-1.1532192679018225,-0.178830315921825
Kentucky,2012,-0.033956034239423075,-0.8185145743161615,-0.38431416726549394,-1.0346807379513978,-0.09633299250295399
Kentucky,2013,-0.07405449731538384,-0.7905765255855747,-0.2326863661569461,-1.113777118190089,-0.3077262978498955
Kentucky,2014,-0.09341517745147723,-0.698341283545094,-0.19580635839477828,-1.045402345181717,-0.15773223960221125
Louisiana,1946,3.7134742693453893,-0.5339114854591032,-0.05903845108094586,0.5632043504491452,-0.7669436339543286
Louisiana,1947,3.7344547032696043,-0.5867460964854755,-0.32985157581835867,0.6369503043915741,-0.07632322933472876
Louisiana,1948,3.753100239221361,-0.605162663046809,0.5793974723541069,0.5725433257031476,-1.3765660385102867
Louisiana,1949,3.7480653780735245,-0.6855317811227907,0.635452204968109,-0.1695445233045257,-0.8490930143092906
Louisiana,1950,3.739711325993038,-0.787525000550453,0.3774356448467375,-0.4293605325501536,-0.3428179571117956
Louisiana,1951,3.7207303539958905,-0.8041650176388381,0.5195269908144033,-0.38460068318572815,-0.5337345784099621
Louisiana,1952,3.7166976752909457,-0.7694195082845645,0.6440722370338428,-0.7312964364719545,0.4765531756041732
Louisiana,1953,3.7713546665746915,-0.7672649989335885,0.5551366372766386,-1.291385329828813,1.4864169193230576
Louisiana,1954,3.907690376455192,-0.7423133778231794,0.12991054914873298,-0.6058867565317823,1.354726569190127
Louisiana,1955,4.214414831426969,-0.8401433399738534,0.0386777487135744,-0.587798638667625,1.438672034289678
Louisiana,1956,4.284669855249619,-0.8313726439743809,0.8035103465735454,-0.8666299644408513,1.426399022733306
Louisiana,1957,4.290074460140571,-0.8316541797487985,0.6812538518340852,-0.16930484480388575,0.766331558156863
Louisiana,1958,4.274258112340624,-0.8487000793886481,0.7375329981015321,-0.31110593413253984,1.4173961021528934
Louisiana,1959,4.302498762260436,-1.0289251950204414,0.5460803939630191,-1.131844937539876,1.4379500459639496
Louisiana,1960,4.3644956564080095,-0.9562288598649662,0.697557533457025,-0.9703064742805294,1.0373175842025497
Louisiana,1961,4.453803029983448,-0.8938220526456792,0.44978074442340793,-0.6435597370426611,-0.5649690870578609
Louisiana,1962,4.575531186840102,-1.0071302763838335,0.5482419143928414,-1.384782572902012,0.2497898453979741
Louisiana,1963,4.681892868860347,-1.0976493271695145,0.32930104668875726,-0.23089302272702805,-0.17135104768924259
Louisiana,1964,4.681780533175158,-1.0057119451842143,0.42452572851880277,-1.392298901673586,-0.6531339993025789
Louisiana,1965,4.630096930456719,-1.2465272796765055,0.04920650941375821,-0.8294025527453908,-0.8699046497920109
Louisiana,1966,4.5365068494266705,-1.3787356255544454,0.031261455160498046,-1.0689466925087499,-0.587369351691559
Louisiana,1967,4.428250160748496,-1.501391250588659,-0.3788683057589769,-0.32327605326123415,-0.25993391635173474
Louisiana,1968,4.3631003958240715,-1.424578412814752,-0.28010944482300865,0.9195803571119068,0.009051588970008401
Louisiana,1969,4.288639384853339,-1.6227397318061905,-0.5147510930237597,-0.04921213050995076,0.6582476981456646
Louisiana,1970,4.250605968151641,-1.7814153610975603,-0.7501236754983662,-0.45999471365327216,0.3799502660753019
Louisiana,1971,4.228472243731334,-1.905725080874032,-0.8312807777377988,-0.1734114325207261,1.4884954806883361
Louisiana,1972,4.228133388414881,-1.9357761014700685,-0.8579802464869009,-1.2270438010726532,0.8495389616128343
Louisiana,1973,4.153967090417779,-1.737987470201604,-0.988473907066265,-0.5998251328854506,0.7471508888047552
Louisiana,1974,4.04375727485701,-1.459564601692728,-0.9741110769555358,-0.5398282819712543,1.2000826174039316
Louisiana,1975,3.9991258656720303,-1.4873809603314827,-0.8664100960293276,-0.30493639059924826,0.956706373045428
Louisiana,1976,3.968342700109864,-1.6188335032355958,-1.268154852675361,-0.8283275449559074,1.3855433999867734
Louisiana,1977,3.925654597383873,-1.547822379224505,-1.3113255338101895,-0.28616287884063035,1.1159436127861988
Louisiana,1978,3.784310073873866,-1.5585800451229377,-1.0897047999977483,-0.49597072139625853,1.3021210474411744
Louisiana,1979,3.6908273689701607,-1.4851249714710142,-1.1702161470322359,-0.30669712307146596,1.1785380427680512
Louisiana,1980,3.5721785378941915,-1.526044731354524,-0.8767434845193861,-0.6588420456891766,1.2506106774021706
Louisiana,1981,3.3960282769451298,-1.5667904479335781,-0.7960257761923101,-0.5468793286999171,1.1482233959384702
Louisiana,1982,3.1591155250282488,-1.5584589852226824,-0.8737512962843046,-0.5852137396051121,1.0857585957550633
Louisiana,1983,3.0420336769806617,-1.86646389042161,-0.9698824685778734,-0.6683431265620318,1.350491014814399
Louisiana,1984,2.879147361950093,-1.8731114436969434,-0.903243610492543,-0.7394743741239134,0.7844592184009067
Louisiana,1985,2.763203093372513,-1.8263385211847663,-0.9323144676013349,-0.8870337837761729,0.9614914472659005
Louisiana,1986,2.7195875547731774,-1.8670963029446237,-1.0057041397451485,-0.5811177163490813,0.8104262167844819
Louisiana,1987,2.6279076792481337,-1.7899785264050123,-1.0578328044104295,-1.3838097563665175,0.8121217110006052
Louisiana,1988,2.6198310613137377,-1.200653155594003,-1.273337921765169,-0.8574171392762648,0.5644284125943975
Louisiana,1989,2.5438647347577414,-1.1843657771017746,-1.3343496102500332,-1.0567504204745417,0.8106760050886719
Louisiana,1990,2.3963473206915813,-1.0102813902289225,-1.4013246876274281,-0.8975049348971066,0.5143524834294326
Louisiana,1991,2.2579258944000253,-1.0505792509699015,-1.4983617483750293,-1.094175128683889,0.8551858195081319
Louisiana,1992,2.1242856315824237,-0.9922431311088952,-1.4525053467376816,-1.0931729187105115,0.41156737696552265
Louisiana,1993,2.0237133012475983,-1.0504824518547555,-1.4862878311119012,-1.0277134634030949,1.2920921601058353
Louisiana,1994,1.9257062747746954,-0.9429127406368869,-1.4451895690976948,-0.9579633523529179,0.8318719532467711
Louisiana,1995,1.8477983529697135,-0.9773853811823005,-1.4592043949772162,-0.9909529551331361,1.3806332948278421
Louisiana,1996,1.739058696425611,-0.9748353647853982,-1.4452353851326347,-0.8243639379782485,1.0926038661047588
Louisiana,1997,1.6082286025652452,-0.9104344188045236,-1.1834304543016028,-0.7492849777733946,1.1970940773559187
Louisiana,1998,1.5046597133016637,-0.8855458820311617,-1.4352906927590525,-0.5517463564399034,0.9316158390047015
Louisiana,1999,1.4037905764063427,-0.8489099392432384,-1.2596086459325033,-0.5135330524437652,0.8431432341464209
Louisiana,2000,1.340466949445943,-0.8147326202088089,-1.2826691727213573,-0.5604056884058628,0.5601182217566564
Louisiana,2001,1.2069410149608342,-1.0353328529870744,-1.0471075714091027,-0.6220804237455918,0.5123252082735584
Louisiana,2002,1.0960586533019423,-0.8619950168664889,-0.8609092856786271,-0.6905630845966142,0.29966863519656367
Louisiana,2003,0.9693032207288984,-0.917278976904588,-0.7129145297173113,-0.8432646023979365,0.1494092929816248
Louisiana,2004,0.8340187207063656,-0.8048353733648911,-0.6978859691109464,-0.9304501309534838,0.0666527800801207
Louisiana,2005,0.7460937138710754,-0.7823988996341195,-0.7255714588887489,-0.9525817662745976,-0.39128217531888937
Louisiana,2006,0.709619708927808,-0.905696532581246,-0.7937562389116825,-0.9567163823622804,-0.12832584996193216
Louisiana,2007,0.5634759905822092,-0.6978446807445848,-0.7900120214008268,-1.2081301236764086,-0.32200219558141085
Louisiana,2008,0.4159216025432281,-0.7067363564261359,-0.5416337387437263,-1.188283842847266,0.6482931899856229
Louisiana,2009,0.30297221363712057,-0.767112843740852,-0.5542918212574389,-1.2254770071090517,0.40802945951201386
Louisiana,2010,0.22759060815783133,-0.7451573569046669,-0.7226113011242932,-1.088541192517945,0.5893814886172616
Louisiana,2011,0.16761898838057157,-0.7413751569120645,-0.7392541229477297,-1.1262403736667324,0.4832974573937105
Louisiana,2012,0.10839917408921676,-0.7654562176465953,-0.6632604609879527,-1.0549262928021195,0.6771845119402568
Louisiana,2013,0.0389139222217918,-0.7459737198186099,-0.8011439317377965,-1.134988988895093,0.0886249579550654
Louisiana,2014,-0.027025609349241603,-0.7383690759577376,-0.7542859089690004,-1.1638031205661128,-0.09262000922422525
Maine,1946,-0.9686190063611031,-0.02705084222648666,-0.09043236387219841,0.12353506610368929,-0.33183740030202313
Maine,1947,-0.963057247293402,0.0057785565954853605,-0.23642748553121187,0.08234914810169973,-0.27991036293608124
Maine,1948,-0.9564467691648673,-0.0075332122066882595,-0.4029556618510945,-0.12908808184240925,-0.8221015081010566
Maine,1949,-0.9521953124194812,0.6807470866801605,-0.44768337925410256,0.005956885750089354,0.7415773843514204
Maine,1950,-0.9440333810954105,0.7307229751371082,-0.4166758450895585,-0.1762173618711484,0.4958824213707423
Maine,1951,-0.9321898154793289,0.7200295694665855,-0.5672616628094205,0.018739209664399747,0.3936054954203684
Maine,1952,-0.922267491455392,0.6586547731274852,-0.7110866485648263,0.09325369656689418,0.8873876556196415
Maine,1953,-0.8775837913997387,0.6485013928051921,-0.8304619926000055,-0.2584955214850665,0.6451574180889801
Maine,1954,-0.8545380089112986,0.5394402829103503,-0.9226062962322997,-0.046423210457880594,0.9454362182731333
Maine,1955,-0.8418229204064698,0.6108885959886982,-0.6306031326369381,-1.016170149248891,-0.7429253276545078
Maine,1956,-0.8152259709484541,0.6089822696093851,-0.8074249890280015,-0.8474968025976239,-0.4983660191132797
Maine,1957,-0.7857667858109282,0.612893255162608,-0.7901282127963905,-0.4021913410633677,-0.5651309541866337
Maine,1958,-0.7913611378004859,0.5612233136258382,-0.8512225216985047,-0.7934367864424585,0.1867715076679627
Maine,1959,-0.8147906169167526,0.3744336962990583,-0.532206426082222,-0.5058358523382729,-1.2263324875603987
Maine,1960,-0.8400174544161708,0.425342034309848,-0.7442834334812437,-0.6404008656529616,1.5101617480026346
Maine,1961,-0.8649641300863312,0.37494257915453527,-0.6425253155181964,-0.35741244668482364,0.10629316383721521
Maine,1962,-0.8721512741321481,0.36493300240660154,-0.6518113724188344,-0.5077516820939975,-0.22082223257551303
Maine,1963,-0.8819630546392673,0.3682955689098908,-0.5003133806368959,0.10846591286878499,0.049613699261675595
Maine,1964,-0.8983513568836216,0.31864692765221103,-0.5534372660141287,-0.4395738062574841,-0.2456023505240068
Maine,1965,-0.915164058853054,0.04545270574035276,-0.3475682903430314,0.6557743892071224,0.5054436578050657
Maine,1966,-0.9151641855275138,-0.10685397925847535,-0.40170653333659134,0.10707501817041618,0.5408886546486331
Maine,1967,-0.9101336440661848,-0.22253593813841444,-0.7096242203184603,0.5141662542150816,0.43148432300683637
Maine,1968,-0.891256430426313,-0.25287029732696764,-0.45020199958368723,0.08010984968987858,0.7564642604559053
Maine,1969,-0.8766732666463645,-0.47919470426339944,-0.18025731151987975,0.28444581847274736,0.7548163772884079
Maine,1970,-0.8567717349768202,-0.45373917598119073,0.09662739746509144,0.5287868864826236,0.9659486690759562
Maine,1971,-0.8378767927423763,-0.004771059827773307,-0.0020484788366253426,0.49040992350200463,0.6050726377808838
Maine,1972,-0.8368524022245905,-0.25032174611460406,0.06589549073275867,0.42688857245843387,1.0780570603208888
Maine,1973,-0.8673768034197364,-0.38663391907815015,0.002121787381588275,0.6169935000466072,0.5621827724472533
Maine,1974,-0.8908980714634294,0.16443594076134194,-0.17686740023745562,0.6286606057185019,0.7645509439412191
Maine,1975,-0.9073526361644049,0.904662387842712,0.23776022589701437,0.7206095721636857,0.409166020858714
Maine,1976,-0.911520502228257,1.0463397498278515,0.24937194990806488,0.6372953600226445,0.2895990335305208
Maine,1977,-0.9118999494508732,0.9617241835426483,0.20264088171331107,0.7447492157994988,0.23990026252529015
Maine,1978,-0.9005095505645895,0.9844895920994431,0.47437493113268436,0.7140690335490109,0.17847001556508763
Maine,1979,-0.8892894336694649,0.9481568513855801,0.4713170923771781,0.822779072152157,0.3751438828884155
Maine,1980,-0.862250769170632,0.9186568398918242,0.44745179109426975,0.93097954190811,0.5853367383795619
Maine,1981,-0.8258171594338631,0.8029874229395918,0.5177322317504858,0.933301155894684,0.2829920001599748
Maine,1982,-0.7863206222411812,0.7358927889175112,0.5343982486976231,0.8288576375378962,0.5719919770414692
Maine,1983,-0.7181894967201212,0.7202717995805848,0.7334046661191171,0.7075594040726921,0.4839659312078922
Maine,1984,-0.6126064186353116,0.7057223557325597,0.81692571535351,0.4005411847248588,0.30639275147967204
Maine,1985,-0.5095880982522084,0.5540270435852604,0.9561195367681065,0.45968413477874054,0.4581253328816928
Maine,1986,-0.44748927927261867,0.5322701129148426,0.8690375834319822,0.2012600532325128,0.3629085862786525
Maine,1987,-0.4068113595313301,0.5199713208529878,0.8906454541709243,0.3197333021880769,0.42287961262502927
Maine,1988,-0.3689559650046814,0.4424755058767492,0.9835508904938304,0.40211615822796715,0.8627618467203545
Maine,1989,-0.3544872317451478,0.20951128783367948,0.9890445865776684,0.516059750399555,0.5231741557967983
Maine,1990,-0.32530555417205326,0.12024626081730277,0.9337797383794866,0.6925466351319929,0.6508429476571157
Maine,1991,-0.3107514006487765,0.11475615577664652,0.8870778191024881,0.6650386445561867,0.5569664734177016
Maine,1992,-0.29943214942883656,0.08357257005357113,0.8663328798303295,0.7139997439273845,0.21529904432183425
Maine,1993,-0.293613017383502,0.029118879605703262,0.8554138992717244,0.6960106861896632,0.4361350665748236
Maine,1994,-0.29473826679907456,0.13412250791310304,0.8129789903275408,0.7134728446526611,0.5218014382561265
Maine,1995,-0.25417503876912656,0.1553851919706207,0.9763637891042645,0.7219930195222538,0.5650340343082632
Maine,1996,-0.22909228865809703,0.12304818919070383,0.8991354616088418,0.5705333890147367,0.2992017088931363
Maine,1997,-0.20462870408567438,0.15341149463028114,1.1762802015838063,0.5785971460518409,0.7266095779312817
Maine,1998,-0.17703320478805634,0.1405765324060406,1.0189474534882308,0.5452509653811597,0.6430944777982233
Maine,1999,-0.16979438919887502,0.19760289061343794,1.0058387797819268,0.4173258212884482,0.7132531461757601
Maine,2000,-0.12816596680901532,0.344041192741939,1.107844371670704,0.435080583706012,0.6923829894970294
Maine,2001,-0.09615226325378794,0.40526473231628535,1.0600005190553559,0.4875765059326072,0.780800813480067
Maine,2002,-0.07194020784441918,0.3268032202505951,1.2352339309972415,0.54621538532375,0.9308796021184464
Maine,2003,-0.09363577867992488,0.41869858153196327,1.179568546604939,0.6751421868021538,0.9873261646269393
Maine,2004,-0.12592665657630575,0.6295811003048222,1.2645273875834804,0.793626374883145,0.6893223587778597
Maine,2005,-0.1510084045489263,0.9518210349893842,1.2678549887844404,0.8503562978119674,1.140757269764995
Maine,2006,-0.18937338284533584,0.9178449289389314,1.4349952644873814,1.0606343343349414,0.6787620675648812
Maine,2007,-0.2625646750753365,0.8345036572692426,1.2824398734528686,1.0461208173907197,0.7863993862015166
Maine,2008,-0.28792730667441707,0.8194411914884909,1.144263449700704,1.1750086420244386,0.7561126167332618
Maine,2009,-0.24616255807874213,0.8212243039491496,1.1273686166140606,1.2103682777096119,0.5936694184904229
Maine,2010,-0.21100770107734007,0.823570188172698,1.0144707711340855,1.2804466813725848,0.38297353644120263
Maine,2011,-0.264323544045539,0.7768329638186917,1.0244080151956203,1.1258711263056689,0.2690941407931097
Maine,2012,-0.2975812987192161,0.7375016913989152,1.0348328522252086,1.1168375112139923,0.5406200024375695
Maine,2013,-0.27352330186830404,0.6613722885452056,1.2882016044782103,1.0533136346763154,0.4453449440611817
Maine,2014,-0.20979638630408215,0.6627558594245712,1.2962863517896128,1.116230333412831,0.7294424946008247
Maryland,1946,-0.15682630851909996,-1.203454943043494,0.15190197438376363,1.2719838278622397,0.03589555552712372
Maryland,1947,-0.15123710193533943,-0.6942925526224144,0.32130930237402366,1.4020270093607494,-0.46083508159205766
Maryland,1948,-0.14815715003271018,-0.5728368608222121,0.3595272929486562,0.6046347148562166,0.6492540926080033
Maryland,1949,-0.14615550424212329,-0.605235684955818,0.3044036425605087,0.9840775306300829,-0.3511398207324733
Maryland,1950,-0.14022922986865452,-0.6467538436515712,0.2778244639136851,1.0821651671795955,-0.3327126573321878
Maryland,1951,-0.13669721833724965,-0.7308377367449701,0.3582325607012956,0.9355823779427702,0.27400141186405386
Maryland,1952,-0.1350862213946801,-0.6999686862695271,0.45663442314807734,0.7474750246656076,0.18319053630780938
Maryland,1953,-0.1382415382569327,-0.7949382730659661,0.3119230923830118,0.20935600147297126,0.3337765631034169
Maryland,1954,-0.15373926861206028,-0.7200778325996474,0.38375992376287393,-0.015958605747752784,1.0193290429575987
Maryland,1955,-0.12155850569565199,-0.7466812625155702,0.315404507252925,-0.1922755300139525,-0.8084185492545107
Maryland,1956,-0.10002912489257007,-0.8676919968650904,0.19096229815603954,0.22003635836428523,-1.6301196362555022
Maryland,1957,-0.060893131678638635,-0.9345990804880194,0.09384405107982054,1.2191868006145958,0.05120258371106156
Maryland,1958,-0.028769684108621466,-1.0088681966507194,0.26652745821950535,1.439631411776082,0.43059141833969
Maryland,1959,0.003688770901717523,-1.0922901183828573,0.2806394390171469,0.9266468981894016,0.7423443596452747
Maryland,1960,0.04519866933697967,-0.957038496603632,0.1854286738684725,1.0005961650979502,-0.24962763738787674
Maryland,1961,0.08632084545602776,-0.9911984150257487,0.30161693060563854,0.42463233316632165,0.4719102606396262
Maryland,1962,0.1438380696140609,-0.9657401248407145,0.37958985743862933,0.649972083363272,0.37021635560108856
Maryland,1963,0.19419700854499183,-1.0751969110173096,0.5298222998084741,1.3778006619411378,0.82551355867663
Maryland,1964,0.24491862732570138,-0.9339493287104591,0.5327977000796646,0.04344425583405008,1.2278945804936374
Maryland,1965,0.32580804700814336,0.10297883669658318,1.0965870751985365,1.4437433391474448,2.497848597245822
Maryland,1966,0.3963371474549108,1.6829153414469946,0.8434438046571026,0.6562359666957867,1.7513901981173503
Maryland,1967,0.44643098802502207,1.5755056260744205,0.7729712178617678,1.2773391913033922,2.141619726539895
Maryland,1968,0.4791152661720614,1.4408518353462585,0.9048773913817053,0.3940048966882549,1.7501233008936679
Maryland,1969,0.5141395298911516,1.3638189881255662,0.7830714141963516,1.9436565092009956,1.9767125032585862
Maryland,1970,0.5031679617013589,1.2444477036431567,0.7556434533149542,1.1565514619730999,1.7479851561407207
Maryland,1971,0.5089120531302359,1.05784511518577,0.6332304447511103,1.2823960462839878,0.9058038487979005
Maryland,1972,0.4808531594429058,1.1078200097099273,0.4803496176252177,1.2899207580830838,1.2278343515948458
Maryland,1973,0.4741682362433722,1.2333860813386863,0.593797382143502,0.9618590155813217,1.0250118396552803
Maryland,1974,0.47248009130312857,1.1871626506238364,0.6433450548945057,1.1349885236097195,1.5331938187025596
Maryland,1975,0.46466497788695366,1.1178601154523347,0.6069489817096386,1.0857970774343082,1.4659713496897075
Maryland,1976,0.49427259265406676,1.0813660609318014,0.5168267505463293,1.0567939312089705,1.4335548257067352
Maryland,1977,0.4825436468588195,1.028027869323705,0.4949352933935211,1.2261892370840088,1.2518061126366922
Maryland,1978,0.5530353544540115,0.921828393910626,0.5775767331062147,1.0106903525097282,1.4070196728996578
Maryland,1979,0.6555846752341601,0.9855660433804591,0.6866264698318255,1.076702854988494,1.0037225597502513
Maryland,1980,0.7280409744045228,0.9497667316314576,0.6975062450778028,0.8405300312470351,1.1101718789176616
Maryland,1981,0.7602714421367015,1.0780980026321632,0.6520340475378256,1.0350642354685036,1.4219041890148925
Maryland,1982,0.814083825291333,1.040085682788658,0.7349657948473439,0.8557776609312886,1.0316392754395602
Maryland,1983,0.8612657258382036,1.0201931014360792,0.5493565641543174,0.9075224447746745,0.7898352658706583
Maryland,1984,0.9639110997650013,0.9534798433784891,0.5880550047281962,0.9241035946145864,0.8959512466711883
Maryland,1985,1.0239823985958538,0.936992510629298,0.5750954418797783,0.8248459207189669,1.193822648016241
Maryland,1986,1.0882154910911659,0.8950793062400705,0.5341783228273439,0.9907609894169892,1.0424589678876117
Maryland,1987,1.1175428421930031,0.8626781802516894,0.5023446542789959,0.7049769308053886,1.1562826366707695
Maryland,1988,1.129192387624386,0.9505245294651697,0.7364472550739865,0.9641249519153389,1.2077567020984787
Maryland,1989,1.1491973139453426,0.8547391351605195,0.725272442827695,1.0220364846694336,1.2438257704971638
Maryland,1990,1.123313883005879,0.7477886110784263,0.7218397192339465,1.0732213154068513,0.9489215099538798
Maryland,1991,1.124191604546642,0.6973073978540018,0.8533780121478838,1.1250995166122897,1.2482678312898041
Maryland,1992,1.1902778168196624,0.621970087924373,0.7084488368272396,0.917356110055206,0.8551104187729623
Maryland,1993,1.3049450829655758,0.8117543349280626,0.8030011104150162,0.8678631290850466,1.0618897038997013
Maryland,1994,1.378984721212874,1.626099765326093,0.7827588517286755,0.7821798005092391,1.0897087248559822
Maryland,1995,1.426301388558617,1.5684779676250173,0.8758482090007348,0.8718788537778517,1.102706146566255
Maryland,1996,1.4708785693866473,1.6150600855152022,1.030148072962205,0.9831361315983822,1.1339234692462032
Maryland,1997,1.5337156445469655,1.5837702549463106,0.8929355324647722,0.9773607619832818,1.2119364780840332
Maryland,1998,1.587272111792206,1.4962697334845143,0.8476712799620514,1.010657185437503,1.201990124748525
Maryland,1999,1.6217104714712771,1.4979728019412448,0.6917868879197144,1.122240992525681,1.2191355237959203
Maryland,2000,1.6137912106146781,1.4718109152039456,0.6140584916186391,1.1688740417203654,1.2761317635324203
Maryland,2001,1.6178800714189796,1.4768316273436595,0.9970524153113435,1.1048703781920026,1.6005666412507857
Maryland,2002,1.6636652267625882,1.4725831221756682,0.9928349704392474,1.0630220398378103,1.2825505142275067
Maryland,2003,1.6771847820950028,1.4088568310239484,0.9967251465128787,0.9997047922223276,1.2234642200927783
Maryland,2004,1.7155575577923698,1.398621696966063,1.0028005987972435,0.8898243862285053,1.4137775460544886
Maryland,2005,1.7336437883382554,1.4099539161979777,0.9396511398678983,0.9727521440260799,1.6159566476922413
Maryland,2006,1.7485426652146536,1.3542442460728732,1.0770468824811674,0.9335753650422804,1.8679881732073822
Maryland,2007,1.858117145220183,1.3070523273265024,1.3081089415903946,0.9295166651479037,1.85857142970069
Maryland,2008,1.999506424002597,1.3472836524281009,1.1091545361810684,0.8347123634002781,1.9107538945027733
Maryland,2009,2.0181357717080113,1.3600051240605153,1.1568074041416596,0.8096711916029888,1.6853895310691578
Maryland,2010,2.028945283504264,1.3702576961159052,1.0558048515669816,0.9373143366574743,1.9413738690237812
Maryland,2011,2.0327033410502198,1.330318015961115,1.0354274893119213,0.9485671859236493,2.0409104600462995
Maryland,2012,1.9826396587674036,1.3698662522900071,1.0427027434461733,0.9493197021845732,1.7447143098943323
Maryland,2013,2.0061475729892395,1.3240884151640493,0.9490164199320346,0.8737674244829858,2.1379310897742028
Maryland,2014,2.0268363021953615,1.4637863572303236,0.8928119723357363,0.8350207662878202,2.079803703242727
Massachusetts,1946,-0.37460981454971526,1.9944937941761192,1.456756523720223,1.6621966962332917,0.3137507986711863
Massachusetts,1947,-0.38421365148993086,1.8502464899163202,1.5145817147340834,1.4561676538253157,0.613176144809427
Massachusetts,1948,-0.39142389160986873,1.8590411991636844,1.424216701876876,1.6338254302855642,1.1553238276627267
Massachusetts,1949,-0.37877155367872517,2.0218883690129053,1.402579466401977,0.968657466093466,0.9956971015403208
Massachusetts,1950,-0.37661513000579583,2.0657406082732703,1.4976753637780296,0.47264978167475485,-0.01364380189450397
Massachusetts,1951,-0.374814158030881,1.9731920504486975,1.52099651401547,0.9784937711169498,-0.6241372821382645
Massachusetts,1952,-0.3790246627305973,1.9504865098720006,1.7063630592497132,2.137424936896824,0.1522660769477101
Massachusetts,1953,-0.38238205419082993,1.976672663192967,1.6928357423741054,1.299010799333289,0.20814660501835097
Massachusetts,1954,-0.3503829474688805,2.0325146572897204,1.743696484650656,1.6893299799149186,1.582832942797402
Massachusetts,1955,-0.3490029714945512,1.9915651909777543,1.7188473313628319,1.2091318309336145,0.5202909551749535
Massachusetts,1956,-0.37229728002297796,1.936152882769602,1.7193846755389943,1.2866118542891147,0.6273631469476865
Massachusetts,1957,-0.36577243453905406,1.9496398947670783,1.8767277273194847,0.3834129870090809,0.3098810656103897
Massachusetts,1958,-0.3101528717584711,1.9125318895548848,1.6129663983664664,1.1917994274720425,-0.48461530731402486
Massachusetts,1959,-0.24486426845511425,1.741699755383515,1.5872951487838316,0.8317872652399206,-0.37507165612541915
Massachusetts,1960,-0.17607267244299185,1.7542733127971797,1.487413808458517,1.0717136233872273,-0.22317816702720963
Massachusetts,1961,-0.09995324193061425,1.7969081627483254,1.4516185344564094,1.0180094289741508,1.2846907129400091
Massachusetts,1962,-0.03512562252794636,1.7911466923878552,1.3715871434482203,0.1590719294061417,1.5511714369022147
Massachusetts,1963,0.06163458312652596,1.7378441738255102,1.6725594774868804,2.5554679598560974,1.2583039505407865
Massachusetts,1964,0.2066772872233618,1.7907467347217183,1.5682799420235722,-0.14018107282602557,1.9254024239508978
Massachusetts,1965,0.34562643747727845,1.9635677637072757,1.5273585780152135,1.9254805195361566,0.9734875147273487
Massachusetts,1966,0.4464473344740256,1.816922020286208,1.637908717885637,1.532206233486375,1.0896513555031557
Massachusetts,1967,0.46538721710577846,1.6771257991959823,1.386863189071147,2.377117706222878,1.310572196676344
Massachusetts,1968,0.45567528358101195,2.511317230536409,1.8026759916914443,0.9207735894905914,1.29603302229315
Massachusetts,1969,0.49026061213419436,2.531499892987946,1.6819865284397362,1.8989268755386712,2.002500754355532
Massachusetts,1970,0.5327785005725201,2.4120938333676807,1.549276529976937,1.3847797594429159,1.752297765950806
Massachusetts,1971,0.5836198950965661,2.6802022681770246,1.3526448854149757,2.007439284264957,1.1513824664068357
Massachusetts,1972,0.6454510995430982,2.7945791058870473,1.5860883163944903,1.1176507285964228,1.8155886164039634
Massachusetts,1973,0.7434466684194728,2.6004555977267567,1.3090120248573918,1.2772195996326186,1.6471224506704087
Massachusetts,1974,0.8726353206158323,2.690858562514143,1.0575719376414239,1.2016514124995585,1.2708736696646896
Massachusetts,1975,0.8841330891345496,2.511878794991248,1.5331363664832158,1.2065056681614545,1.520642575915314
Massachusetts,1976,0.7995036020109675,2.5592978691653427,1.1192992206463641,1.3104130957253586,1.0789634086112103
Massachusetts,1977,0.8303937439228088,2.619602355671385,1.1692337976336633,1.307521544027752,1.325331868123109
Massachusetts,1978,0.9578586697595679,2.631140612768388,1.2393216182392897,1.3602389858764625,1.1626997882198118
Massachusetts,1979,1.117889838207681,2.5761206161578025,1.4119373161080824,1.3026621850029225,1.616229519746125
Massachusetts,1980,1.1781839983542726,2.5660845660419214,1.1592669384368004,1.4617865116126345,1.318672255585155
Massachusetts,1981,1.3208931024058834,2.670013267872298,1.0480904594184877,1.6944880521111647,0.9740246079075827
Massachusetts,1982,1.470701087011866,2.470069921788878,0.894655062616364,1.5677201769918532,1.3756435807247371
Massachusetts,1983,1.6069160494316732,2.2505467122757024,1.3363487167892183,1.7841263370728724,1.4383443265604805
Massachusetts,1984,1.6527474738454344,2.3404648625071935,1.2772643957609702,1.4152442646728849,1.7155358820015558
Massachusetts,1985,1.6503091868681263,2.257094370838242,1.2587153390194568,1.8900769169340257,1.3263960012246867
Massachusetts,1986,1.7291657392487625,2.2472865853271866,1.447694535489575,1.5104598534491194,1.629032029143338
Massachusetts,1987,1.8435346987900267,2.275306411945694,1.3308608258364334,1.4847877403535652,1.3081269074831805
Massachusetts,1988,1.8528825177007386,2.2117249702539516,1.184801231256055,1.3970662826804077,1.4988588001061678
Massachusetts,1989,1.8123307565384454,1.9471289808061512,1.169427442143239,1.7681908388913914,1.3618952527858115
Massachusetts,1990,1.8852551325217914,1.8108789466225654,1.011803768256927,1.3600883269406743,1.2717521059497436
Massachusetts,1991,1.9992532642888403,1.7410263450869936,1.049543422406715,1.7701247061707424,1.116950897555692
Massachusetts,1992,2.03672664731807,1.5697351853426444,0.9111567784272137,1.7934829033330626,0.9736675381597173
Massachusetts,1993,1.9308089144552654,1.425150025091557,0.90430860610854,1.8858759011898063,1.2796136272843661
Massachusetts,1994,1.886503532654087,1.3167367720977257,1.0912996414174712,1.8923079993221807,1.2201502582026709
Massachusetts,1995,1.919274248648159,1.2900497254820118,0.9137315423295708,1.9648139764604788,1.7209505763218231
Massachusetts,1996,1.9667638100849023,1.2558851135663793,1.0027345822712064,2.012285129410935,1.4025727908220118
Massachusetts,1997,2.0499658756890997,1.2363486687796876,1.4990155524486695,2.1215667233463513,1.7495620121443984
Massachusetts,1998,2.2006418565971115,1.8117363235943982,1.359366460681726,2.260442135446842,1.6825852828013992
Massachusetts,1999,2.437004298863438,1.761583948305368,1.070525606968718,2.2344517882659214,1.8783372108176353
Massachusetts,2000,2.666263771703851,1.7050065848325098,1.2504127116093082,2.3486903031568818,1.854487485123742
Massachusetts,2001,2.8039145448577596,1.635853778420244,1.193894007651146,2.2530702001668215,1.7497777623809343
Massachusetts,2002,2.8712081669400487,1.6533940430907381,1.1482165434330969,2.234201303699244,1.841335978527081
Massachusetts,2003,2.8748972863603197,1.6178485481565035,1.1629219582310235,2.1615319820904966,1.5811659768501618
Massachusetts,2004,3.064763812052966,1.8676496289290048,1.0843255017422195,2.1817188527968123,1.8231097763681439
Massachusetts,2005,3.0681736510846958,1.8504901984479598,1.1879340494385164,2.154628802788069,1.6288119645652093
Massachusetts,2006,3.0546286590131135,1.7509088715743246,1.0258782503281347,2.12898461314504,1.921344290385823
Massachusetts,2007,3.0558741711176824,1.6120554101732614,1.2643720462700763,2.0753406609949305,1.463793684730877
Massachusetts,2008,2.9031743448315153,1.5915706718982279,1.3817708520051046,1.9979951581671085,1.4937328211610224
Massachusetts,2009,2.8121626130513406,1.563717336362469,1.4452726854840308,1.9348415635139202,1.2122220910331656
Massachusetts,2010,2.7461382903413214,1.5498479319347935,1.3895622772592917,1.9511370900402862,1.2752393491223564
Massachusetts,2011,2.794689625721572,1.4763628357398548,1.3847594833252672,1.959546055638412,1.0972238424137877
Massachusetts,2012,3.091028908767101,1.5691770744281284,1.4102677341455199,2.03065628384706,1.343566797403498
Massachusetts,2013,3.085435513973461,1.5896623748991707,1.5107843323839816,2.0023373606216506,1.5695953541101229
Massachusetts,2014,2.9638080023535514,1.4645518846134342,1.5256687607352413,2.00621549206961,1.6907769349480692
Michigan,1946,-0.5317561667919202,2.3883581341758053,0.5573578634322054,0.3011717357761082,0.12270035777856614
Michigan,1947,-0.5275186190843254,2.3372880512011496,0.41177283853391144,0.3719558918482994,0.2457387642014588
Michigan,1948,-0.5215660793234353,2.3193878547982956,0.29002473236848164,0.3507658729772339,0.6973826873625056
Michigan,1949,-0.5104324174538805,2.228355580731026,0.3095845105992668,0.35953452024382804,0.7203306194857948
Michigan,1950,-0.5034766641898434,2.220364081235187,0.3140839128223314,0.2969795219098956,1.1099091428655101
Michigan,1951,-0.513558406791879,2.2068932251721836,0.34769710710332397,-0.1638645459848863,0.43686907807857017
Michigan,1952,-0.5203665735363452,2.1977022697027144,0.5011198106851186,0.38384676624055647,-0.8469998676794114
Michigan,1953,-0.5429751495928998,2.225922565752821,0.3643136338416657,0.17772183491391733,-0.4345999241779095
Michigan,1954,-0.5393832132162034,2.1720978434937486,0.5015325853946802,-0.33234855564551435,0.3247783147901926
Michigan,1955,-0.49854935024323005,2.145080070739893,0.43352150874377565,-0.03431675010622951,0.8532058676421288
Michigan,1956,-0.45793724907562,2.1468817722070175,0.6357970755626958,0.5070215568215307,0.8576827843067115
Michigan,1957,-0.43257278845191677,2.154406713171057,0.6764150967032561,0.25145149152270796,0.0910947711763235
Michigan,1958,-0.3816432357419505,2.161892272783918,0.7063633363958212,0.1976659599011198,-0.6432716415896235
Michigan,1959,-0.3286381823438091,1.9444435129077884,0.5636269132306894,0.2305464384332598,1.3739139597285808
Michigan,1960,-0.3080552262082479,1.9333354956086628,0.601923233757115,0.5399402231950476,1.0088473871142019
Michigan,1961,-0.30075596228064866,1.9485217261001555,0.5373775987324637,0.2107471940781682,0.8887813787642439
Michigan,1962,-0.2996003486156703,1.9370843400204991,0.4324334385160319,0.22360099789842094,0.19952837711192423
Michigan,1963,-0.2770821470237307,1.857183568701024,0.21287918134453412,0.3304052931517402,0.6491676972318585
Michigan,1964,-0.2617205075149611,1.9014846520598334,0.46141729100131124,0.5955152267209554,0.7436712733917651
Michigan,1965,-0.28779308109265944,1.5755323127682364,0.7773313149290765,0.22287162706833133,1.2500896628274132
Michigan,1966,-0.2618047127896486,1.7907689666187017,1.0680916520227175,-0.0641575581713261,1.1137984328988664
Michigan,1967,-0.2241665061471929,1.7545449799715123,1.238756893200514,-0.4835495272763523,1.3664329450045931
Michigan,1968,-0.15760431418020507,1.5797816703943088,1.0839539347251343,-0.5484408274370272,1.0007303641192318
Michigan,1969,-0.10313774130009663,1.5131099736598363,0.9965551400372062,-0.09175024244287884,1.1365303852672752
Michigan,1970,-0.03984572989534245,1.4191932509369523,1.0694704030971083,-0.26331882358809927,0.4800327658964385
Michigan,1971,-0.005874584316339032,1.2502897477301658,1.0704493123541121,0.6747280733023158,0.7125836578965545
Michigan,1972,-0.01480795394152,1.408600474779784,1.0404742082400817,0.6589978343911538,0.3993568058986449
Michigan,1973,-0.017525297776672936,1.273117660064045,1.0392840605551754,1.3661205838469717,-0.4216682781581876
Michigan,1974,0.010918893421216066,1.2182016241079476,1.0133212021025513,0.5203438048087807,0.47171808268081367
Michigan,1975,-0.024782680887631973,1.1908431506939248,0.7570472271913196,0.8178606964586076,0.3624727516853284
Michigan,1976,-0.04160053975814787,1.1480927816339586,0.7555014949582188,0.4308430593552042,0.5262247816054827
Michigan,1977,0.00124996856728537,1.0751244278886494,0.6727842418465698,0.23799831572900537,0.887344351527025
Michigan,1978,-0.003942488884935729,1.083765657441823,0.669003206482868,0.4356327946621067,0.5188526912377929
Michigan,1979,-0.033482581257717095,1.0545491749514329,0.8943065060286174,0.37296993067694506,1.0108328201539827
Michigan,1980,-0.08779325255922865,1.0434647222635316,0.9002349115598133,0.5685800591812588,0.841490556726524
Michigan,1981,-0.1907857054872662,1.1061500310378443,1.0182968865363198,0.4617103305205557,0.9907072139695281
Michigan,1982,-0.23431003290704921,1.0995732739511466,1.0071941968348455,0.6286687496133464,0.6452125101755312
Michigan,1983,-0.20745897019092158,1.0798694666557722,0.8766002781123217,0.3657619868261659,0.6885684549193003
Michigan,1984,-0.2918858075684556,1.0317332923936016,0.8316925529060416,0.41789261878490674,0.23871831816389397
Michigan,1985,-0.31845238199179976,0.9694314220429935,0.738135028938308,0.24196327314607577,0.19436946431255075
Michigan,1986,-0.2466931661430375,0.9180682337638241,0.8133160978965329,0.4359062049709838,-0.12518254509915708
Michigan,1987,-0.21393121720163136,0.9141482175191825,0.8377642642746654,0.294242266233392,0.08633616600801935
Michigan,1988,-0.2594317707342049,0.8333963241069121,0.9779624710449578,0.40120622590896904,0.08304928762839285
Michigan,1989,-0.19979283001485063,1.0889733108724062,0.8112361547239156,0.5213965282523418,0.0847518175289295
Michigan,1990,-0.14127088065287285,0.9681109197829162,0.8040815823637358,0.4607776598465612,0.5844165219271596
Michigan,1991,-0.10140572801001364,0.7834923402264907,0.7775983918747611,0.4140326975847771,0.19278673512075614
Michigan,1992,-0.006349833704452165,0.8538890925434608,0.6711560339774901,0.3095016718073367,0.7586996231210257
Michigan,1993,0.09108617210361761,0.6637039468574922,0.6132258896681965,0.5453840656960457,0.6510422791595848
Michigan,1994,0.11120142349348291,0.48851442214454555,0.5867854978485303,0.5487583471789746,0.9839114268157498
Michigan,1995,0.17859318280403536,0.4817127316454402,0.664784404609707,0.5446511557427103,0.13757032291585816
Michigan,1996,0.29325830112113865,0.10569919481190627,0.6820728557678676,0.3106241119502742,0.8488615884699405
Michigan,1997,0.39689000301303373,0.44307136451411294,0.4984590488381525,0.4306868709069097,-0.09226345827302285
Michigan,1998,0.362742848869459,0.41330598726902085,0.41459575980133,0.15406864394013264,0.0019987324612073735
Michigan,1999,0.3186102692219029,0.3161646245664942,0.282826688691007,0.27019217765947473,-0.11531288193723507
Michigan,2000,0.2311846130607092,0.2140137336324001,0.4537284467546282,0.009827932157146866,0.5133474462529289
Michigan,2001,0.24902094353132084,0.1615916249005717,0.36024041897414205,0.21981825785058964,0.21978251389774778
Michigan,2002,0.26352087138985053,0.17038272328001985,0.34002917591792814,0.09962526163970004,0.7221916119657336
Michigan,2003,0.36000514023851593,0.12035925746421688,0.3915774377268968,0.062136689275066964,-0.0745446639469797
Michigan,2004,0.45314147778045044,0.1635175760547212,0.3440999658731297,-0.0789180755069627,0.31004289567213555
Michigan,2005,0.49382226426741255,0.15267182560595596,0.4210641987791592,0.052055244237080696,0.36859363774187925
Michigan,2006,0.6092972004583737,-0.0003965062543946898,0.49237918166810435,0.12805276673971677,0.6006866901465259
Michigan,2007,0.640575431710594,-0.013179073619349568,0.41505407800820343,0.2522551587931614,0.8581817495864672
Michigan,2008,0.6573268140834676,-0.03943396745843108,0.4279376185826994,0.27306467752316804,1.6672341730727154
Michigan,2009,0.6728231024011356,0.06804424747865462,0.4122219254226742,0.3127376550027094,0.578259576004768
Michigan,2010,0.6684550448055782,0.12221770073848731,0.403028830568246,0.4311413372332841,1.0299925116840927
Michigan,2011,0.7830844835913529,0.08913192365766381,0.3703880328867527,0.254157084539216,0.824737716945941
Michigan,2012,0.7229694031998595,0.0927313766690051,0.13582941063449072,0.22566031389080027,0.40399203748811285
Michigan,2013,0.7997212065064424,0.06567519558247006,0.32649569997551897,0.1572446092118024,0.40534903176598186
Michigan,2014,0.7916618281852562,0.08898440255153503,0.31334345538315395,0.11203974619126256,-0.024093044771959074
Minnesota,1946,-0.3409501730548147,0.03158415563041398,0.134032457278084,0.45378032672543944,0.9335756306224776
Minnesota,1947,-0.3460596549260425,-0.1466000390779059,0.3973388605345945,0.3532648232531795,0.3052689158629184
Minnesota,1948,-0.35126957542065307,-0.028427825194840745,0.3483679121609478,0.10873863368578453,0.44775194731168133
Minnesota,1949,-0.35396225155332345,-0.1273513805158385,0.45159970227502994,0.37987318895439937,-0.230992485064771
Minnesota,1950,-0.35474099193060976,-0.07848425947291378,0.4820744703328467,-0.47408642740247847,-0.2629430077788257
Minnesota,1951,-0.35393025555147006,-0.12560703676134266,0.28487027657987785,-0.8524195259625341,-0.3017306262482083
Minnesota,1952,-0.34793319602720385,-0.19786254109328882,0.23661425457001875,-0.13924949067102294,-0.17946525812387656
Minnesota,1953,-0.39106423770727333,-0.19797429338362904,0.39024227532407396,0.1041494604559551,-0.9395121938631732
Minnesota,1954,-0.4040485370380897,-0.2184818036057425,0.69498472518933,0.5748118181404135,-1.7345747243830163
Minnesota,1955,-0.4158477003981613,-0.2995282011804268,0.5938361509313143,-0.19731699046648138,0.47640980983729664
Minnesota,1956,-0.4071535752697529,-0.34582480881486094,0.587234581082895,0.7061358600119632,-1.3347752706273943
Minnesota,1957,-0.40127043088693426,-0.2819079652482875,0.7504231986852338,0.48833519869474123,-0.9589358823388222
Minnesota,1958,-0.37971674292246826,-0.33309305199536854,0.9384262846829713,0.8187050941714497,-1.1874056898509107
Minnesota,1959,-0.3329556554049055,-0.3820718856093195,0.9216230430539165,0.8516364064041413,-0.7239597441774546
Minnesota,1960,-0.26772069671828963,-0.35771755546362155,0.8571115082016343,0.5066658502758273,0.5385721859578868
Minnesota,1961,-0.1917808424017585,-0.3848304826387743,1.025702573803202,0.705838337382691,-0.029585281611488885
Minnesota,1962,-0.10370643859711015,-0.4739292978314461,1.0126172777349118,0.9878058461927719,-0.32282814803569027
Minnesota,1963,-0.031471646681219594,-0.48113295741365897,1.1195160500053223,-0.9624729499223419,-1.1554334961655894
Minnesota,1964,0.020039347376984595,-0.5399536661829455,0.6489666980919725,1.2373295481689943,0.45666767604492875
Minnesota,1965,0.04149142156504275,-0.7748961606702638,0.658671318643904,0.25838452809634904,-0.6354468357252144
Minnesota,1966,0.060226755231020876,-0.9112928449021281,0.07890759277353016,0.8485658957437703,0.17641257832436574
Minnesota,1967,0.026571241868377726,-0.8680634930311064,0.06468088697490468,0.346309744569247,0.01730476280335803
Minnesota,1968,0.012876189290935744,-1.0218836142924292,0.035932613830403616,-0.4171773994655229,-0.09533918220929952
Minnesota,1969,0.03907575457631884,0.2812353757830678,0.17362588468257117,0.3274688369659477,-0.721042022800078
Minnesota,1970,-0.0031931960984094097,0.20387796219493942,0.14007737386698696,0.594116332476878,-0.12727298749906774
Minnesota,1971,-0.046403987635400365,-0.021624551080851557,0.19639879980323666,0.3199963922217181,-0.9385788160435662
Minnesota,1972,-0.04114388976904776,-0.2924167495231085,0.14563573643491648,0.05088274376380049,-0.7835029457319512
Minnesota,1973,-0.0730585004082286,-0.05166288044555703,1.0480765180080165,0.0792800765795739,-1.0364034306970786
Minnesota,1974,-0.09420138406753986,-0.06585044543320331,0.8963461898294236,-0.0748524102390227,-0.4655431487968706
Minnesota,1975,-0.11169096917488591,0.14272841127641273,0.8626659628099812,0.01271410543518533,-0.8667097255373265
Minnesota,1976,-0.08913620644962206,0.18265198433719426,0.8497478014502002,-0.05335558632392067,-1.091234715855696
Minnesota,1977,-0.12813803051868833,0.6484886011370888,1.1154053937161934,-0.2613540936842842,-0.47614102130442537
Minnesota,1978,-0.13841902488314903,0.5996334538418914,1.2209124168990801,-0.0861905880668334,-0.20837369522953839
Minnesota,1979,-0.16596301354584245,0.605267944128282,1.2522863437094913,-0.1488473420428512,-0.3773806066136953
Minnesota,1980,-0.14825578080481316,0.5857447579786469,1.281198012228878,0.3622672251250027,0.10308168196884372
Minnesota,1981,-0.09803438728821594,0.5218695711242142,1.1744791849619869,0.23489932546226402,-0.06563777659650608
Minnesota,1982,0.009204485398844513,0.47124633765555646,1.164337095309902,0.5408774023320116,-0.12485545702871419
Minnesota,1983,0.07039103623510833,0.33386712248269823,1.3616867459994952,0.42336727764876575,-0.47522742545108115
Minnesota,1984,0.18074726756321594,0.3035872584075627,1.2590640337572958,0.45438530858870896,-0.34436390325106736
Minnesota,1985,0.2368953777618985,0.30585642353271103,1.1097076788118916,0.259529321930063,-0.4302125318493966
Minnesota,1986,0.29145826474727576,0.2625600716686948,1.097010176482013,0.27065043109267917,-0.17796151945574576
Minnesota,1987,0.34070832453580585,0.3260682275468265,1.0320173016097487,0.5107882303880469,-0.12654830034835055
Minnesota,1988,0.36998807811490325,0.3402427277087799,1.095756300512871,0.16737788993193956,-0.4503844808318839
Minnesota,1989,0.46514681614018105,0.6100275951487466,1.1511799706255272,0.4847828125344731,-0.21781566987427398
Minnesota,1990,0.45269325601417043,0.4563733973393206,1.1682969311241644,0.2667809673635702,-0.5592765476399483
Minnesota,1991,0.4288547114496891,0.4277686567895038,0.9596148341819115,0.2982057331250583,-0.32628807899733797
Minnesota,1992,0.4041366846230622,0.3782335194736113,0.8876432863056036,0.24628516367592537,-0.4089249864523293
Minnesota,1993,0.3893461061081408,0.9942883877488096,0.9844794900972097,0.3596382013797062,-0.5537864989485827
Minnesota,1994,0.3515170506391574,1.0923070229193883,0.9289193786112679,0.407881680876589,-0.8748391223158263
Minnesota,1995,0.3458567031715386,1.0537771734533954,0.8620270558916509,0.49888300354918086,-0.597846009428656
Minnesota,1996,0.30399186496580094,1.0548392467851584,0.7866294909065472,0.5455510657100372,-0.9956590370024789
Minnesota,1997,0.3282778755183586,1.0404936942025385,1.0574350528438237,0.5946689423761238,-0.34985688073470766
Minnesota,1998,0.31763958742550347,0.9646469637893933,1.2549096381040892,0.3924731623289081,-0.8460848154002485
Minnesota,1999,0.3585867231429994,0.9891818162894661,1.3917475627181786,0.421381644573967,-0.25851062555403853
Minnesota,2000,0.23873295727132648,0.9769588493240153,1.2809805991603527,0.1525532424786248,-0.8631988281387629
Minnesota,2001,0.2383819794997123,1.0281167105484923,1.2437009273243975,0.29502295947111945,0.004221042982536701
Minnesota,2002,0.17305007859029192,1.0280360652977334,1.1980400329017573,0.20697605495397364,-0.3351108720079358
Minnesota,2003,0.19798463072079348,0.8782141298935344,1.2918820044413122,0.21519978495795522,0.07896310982581561
Minnesota,2004,0.16832588817950486,0.8534401865291069,1.2052500590086621,0.2731469097999084,-0.010955967102996166
Minnesota,2005,0.2650591104017122,0.8093316418561771,1.2328762984140187,0.2748446929714879,0.24047914481353294
Minnesota,2006,0.26438197719197376,0.7838339262469213,1.17645142071494,0.28767562566840915,-0.005841552894845815
Minnesota,2007,0.1874473805595057,0.768721455914579,0.9976918386734621,0.3495405535370062,0.15665583150841653
Minnesota,2008,0.1903423339720268,0.7877482961949165,0.7609744568914117,0.40095415189183936,-0.4008905632085715
Minnesota,2009,0.13188677777700145,0.7360735939135062,0.7442901186638892,0.3592622086243255,0.050380982162409965
Minnesota,2010,0.1613646131151421,0.7246031240208031,0.7825261205823228,0.4796385048967245,-0.30580290619764994
Minnesota,2011,0.1911831102439474,0.679044523563525,0.7097960130696732,0.3813873583226844,0.251432029632396
Minnesota,2012,0.2261738601821677,0.6704846761112397,0.6956434904844181,0.4334723291088925,0.09365642990108938
Minnesota,2013,0.2229568047928767,0.6843558357553416,0.8509146207539856,0.4405610591744679,0.7631023471348873
Minnesota,2014,0.1818952352561449,0.6094671537852098,0.8405925419807854,0.43629954934742127,0.5530912970864575
Mississippi,1946,2.181976587678089,-1.1952594942565677,-2.0732963923751697,-1.3151785976446537,-2.058726221327467
Mississippi,1947,2.2180193004973456,-1.2320815357774328,-1.9579085205376185,-1.3951918981557017,-1.606630237514533
Mississippi,1948,2.241389266556132,-1.1181223465489187,-1.5333596309127995,-0.8439360941460621,-1.8857804937081577
Mississippi,1949,2.32777285825872,-1.1629310658410736,-1.5415386779770426,-1.3613869241735863,-1.6200702940421732
Mississippi,1950,2.349235617609249,-1.2280008742248811,-1.5677245555814299,-1.348866679605147,-0.5241192904383786
Mississippi,1951,2.3310058297649805,-1.2893825914325485,-1.7541529490624115,-1.4538295475422507,-0.6604036934223358
Mississippi,1952,2.293992352323436,-1.281462779083844,-1.5700592516471492,-1.634442899243616,-0.3248046014119756
Mississippi,1953,2.3088373129821305,-1.3262025172953407,-1.503181454544195,-1.1221159040590112,0.24021864264747284
Mississippi,1954,2.2828410818195537,-1.3537287419187496,-1.979025951736434,-1.3386925099169653,1.2660538437034143
Mississippi,1955,2.1326919272876133,-1.3655317225850454,-2.0085781853634734,-1.2951131004288434,0.9869462114934363
Mississippi,1956,2.1335715809113576,-1.457651437736784,-1.763611560399795,-0.9882181517565609,1.70034675273738
Mississippi,1957,2.134729634301984,-1.440520004138534,-1.9203947844429148,-0.982866662905162,2.4429175079511434
Mississippi,1958,2.096865405207568,-1.4523207746859874,-1.7568351968947145,-1.8353534803514695,1.7133891942246464
Mississippi,1959,2.0793763523866042,-1.496727619949533,-1.814068538224219,-1.1596752809059314,1.773797365714341
Mississippi,1960,2.0006784039646277,-1.5438585143688632,-1.9187779454671268,-1.6091334501778702,-0.13941571302512795
Mississippi,1961,1.9464904623506678,-1.3977661956810246,-2.2786471156577712,-1.2783235162063638,1.5307069968457356
Mississippi,1962,1.9580855472387935,-1.539525064265788,-2.384623269951301,-1.8207802546764422,-0.06060122117697451
Mississippi,1963,2.05094923857407,-1.5511813457421333,-2.4533038203443387,-0.8622674701056005,-0.9976877824165665
Mississippi,1964,2.0843967957483946,-1.5344224214143243,-2.5636514292614567,-1.8166978042917024,-0.8926868292253807
Mississippi,1965,2.2089739152347314,-1.821328240116016,-2.6778120448768714,-1.2174184975900308,-0.9901123215205185
Mississippi,1966,2.328516367905872,-1.8135069854594184,-2.4176355856208036,-1.8550874380833433,-0.27784043880189424
Mississippi,1967,2.384737412700574,-1.9947707871125389,-2.380478716553183,-0.7630377314586102,-0.07448274973676586
Mississippi,1968,2.3624502400048217,-1.4693409127916492,-2.4653029066785472,0.1698072754007278,1.2495414266499991
Mississippi,1969,2.314536958638734,-1.614960169732249,-2.2345610662660946,-1.0956571445366319,0.3388790682947986
Mississippi,1970,2.1810479114245536,-1.575779218899497,-2.1662301293668107,-1.2254843863771931,1.2052631154382014
Mississippi,1971,2.0146241727614367,-1.6164692273905745,-2.032615495145482,-0.7598569119947767,0.8255617991492453
Mississippi,1972,1.7949322602842217,-1.7434774081586404,-2.0228021308459203,-0.9715228254024182,1.2296350407003784
Mississippi,1973,1.621926766829156,-1.5420556340848741,-2.2264754642487232,-0.6152539797488926,0.21333205322922955
Mississippi,1974,1.4833347411104267,-1.552739395953931,-2.2190534186419693,-0.8716708578626924,1.4807103173219365
Mississippi,1975,1.362259500234484,-1.5683164559221827,-2.282492488463365,-0.5110447293054312,0.9563127141346425
Mississippi,1976,1.2935000045510026,-1.6079574391120288,-2.274734776584483,-0.7139089953289469,1.3783786598633825
Mississippi,1977,1.2110424384694718,-1.4479761374499678,-2.046111011697043,-0.5946123853862575,0.8462724403523195
Mississippi,1978,1.155317387065769,-1.469455600884911,-1.981853488339613,-0.37833179050271365,1.2121134775876796
Mississippi,1979,1.0947812893895428,-1.4051654851234752,-2.0162218045269062,-0.727386725123259,0.7629249293268296
Mississippi,1980,1.0506987321286967,-1.4855626527295502,-1.954183135696958,-0.645152400748196,1.0528567972484115
Mississippi,1981,1.022341410272428,-1.5224991092012607,-1.8981654107760815,-0.8856006846242203,0.8492723481423543
Mississippi,1982,0.947759533151325,-1.5569007607188194,-1.8665193145258763,-0.9317560763277857,0.8293320254530132
Mississippi,1983,0.9100609788550464,-1.5752716479101152,-1.8429133190143634,-1.3599726132161443,0.9207464152509232
Mississippi,1984,0.8711045712674157,-1.5237726201275903,-1.9883002673707453,-1.7081073074600164,0.8103019867168941
Mississippi,1985,0.8730767306093637,-1.5538953385357552,-1.825925617419669,-1.6197538918623628,0.5925192200846735
Mississippi,1986,0.8201208145366812,-1.543291042797306,-1.8077483034528607,-1.8239481604972652,0.8017690862882301
Mississippi,1987,0.7787434378812615,-1.6301153399698172,-1.8393398444692524,-2.1284040994369438,0.4138205204405185
Mississippi,1988,0.7109615414427374,-1.7287693091545542,-1.8379579338354983,-1.7684170932351055,0.623421323686475
Mississippi,1989,0.6201901217553696,-1.6803571321455844,-1.9796498654362058,-1.748255470752156,0.4254968807444114
Mississippi,1990,0.5363687792629254,-1.816880594829949,-1.9677382387024556,-1.7071215261989654,0.17448165851024058
Mississippi,1991,0.44442623379269175,-1.8241830668018986,-1.9263490492477613,-1.6344693581662018,0.6021709023343288
Mississippi,1992,0.3480517378833281,-1.9886478213856493,-1.9149780112670347,-1.642640976746347,0.4302170633807937
Mississippi,1993,0.2539827817442572,-2.254786731836729,-1.79134227041591,-1.6340270812689044,1.015696067025136
Mississippi,1994,0.2030563555271236,-2.182583773772512,-1.4992074485695206,-1.5682682935701144,0.8574156112665223
Mississippi,1995,0.12140209141840246,-2.0080344968383232,-1.5475377008851277,-1.391823244417358,0.9922665674996114
Mississippi,1996,0.06350092271919558,-2.297032839999377,-1.5727193550504928,-1.3196806247555715,1.1729462968748154
Mississippi,1997,-0.0007877470888599285,-2.130173456039264,-1.606523319835808,-1.1925757820487919,1.031014328937504
Mississippi,1998,-0.04466972000376159,-2.0408012028821796,-1.6470792713075946,-1.1939187708449859,0.7836495587833852
Mississippi,1999,-0.0776394784282304,-1.991190076130192,-1.5578595507239343,-0.9823990005657364,0.6852667023495096
Mississippi,2000,-0.0888150430233321,-2.02965210395648,-1.348171597611737,-0.9572067361121797,0.603198713671362
Mississippi,2001,-0.13482728085272927,-1.988570289896435,-1.1724143770401394,-1.0861726317201885,0.2775012352839052
Mississippi,2002,-0.13664224210570036,-1.9700004383410918,-1.1130831482800347,-1.2400018338888088,0.42200462667744215
Mississippi,2003,-0.1470609379565563,-1.9559445184230946,-1.1550141914923655,-1.4366263926650722,0.13816722943535942
Mississippi,2004,-0.15951515464336724,-2.1409878944051046,-1.217417517997403,-1.7067133666908607,-0.05985275913171599
Mississippi,2005,-0.14873067549557265,-2.0190832964619627,-1.1786058271903888,-1.664663198730855,0.16105315804803502
Mississippi,2006,-0.14325450639153367,-2.166180605268235,-1.2932305193659615,-1.8037797830212923,0.03581263246639414
Mississippi,2007,-0.15578710119592773,-2.1399817480041885,-1.3624768481959886,-1.6399521177134162,0.48109793114488075
Mississippi,2008,-0.19980765355612298,-2.130962202589901,-1.3722291481447075,-1.7590931502140643,0.40134960664215646
Mississippi,2009,-0.22182236354538362,-2.133884281109715,-1.446633876555019,-1.5959702075949038,-0.11304542273083829
Mississippi,2010,-0.21386711760484198,-2.1133435317605898,-1.2689056777235446,-1.6492194046344397,-0.23341087178483957
Mississippi,2011,-0.2471535750695675,-2.0167951586850754,-1.3577019534458703,-1.4748770592865919,-0.3071169695136305
Mississippi,2012,-0.2732113991031985,-1.9301797091134358,-1.39438850128078,-1.5956069478088322,-0.4033621845094119
Mississippi,2013,-0.2966129843751426,-1.9681002009735125,-1.5430698267263552,-1.570017414269596,-0.39293544840987704
Mississippi,2014,-0.29871596178302245,-1.9593994928417564,-1.2861513002104765,-1.6504029441796175,-0.272778659876111
Missouri,1946,-0.15649113109218696,0.3774277348800652,-0.66867514162997,-0.2176816705612167,0.0006974502419856205
Missouri,1947,-0.1583333065606444,0.2478708695450117,-0.9739790543257577,-0.709737580050923,-0.6112887326460451
Missouri,1948,-0.15811671171554276,0.3116865665458107,-0.628302641561746,-0.565481027593354,-0.42646436783310804
Missouri,1949,-0.14580337751665795,0.1846142439562554,-0.7431447414273095,-0.5316024555370106,-0.1438910851241736
Missouri,1950,-0.17425263690501458,0.26913016330377765,-0.7543736522137572,-0.3230682586954594,-0.6551722998913735
Missouri,1951,-0.20719504000544606,0.2218399274485052,-0.7502969199275191,-0.4389778969722709,-0.032965433522851625
Missouri,1952,-0.23790141933789216,0.20404648854703075,-0.8220113506786849,-0.13119463130644574,-0.2671360673575712
Missouri,1953,-0.27322773704742165,0.15505530802948114,-0.8790716904145556,-0.03334634607914761,-0.4820208818553066
Missouri,1954,-0.286030707055205,0.142401505482995,-0.7281660777675586,-0.5280078076902167,-0.19550459312466387
Missouri,1955,-0.320961888855457,0.007942530542764349,-0.6825886781805377,-0.9340580443149227,0.7344661109693624
Missouri,1956,-0.3303766704029302,0.06104046262169256,-0.6397412829812297,-1.1649571784131534,0.6743347503908336
Missouri,1957,-0.3412528414234283,0.07453880103819868,-0.5103347683672276,-0.4568504427276622,1.8989495431008285
Missouri,1958,-0.3308572793309606,0.1542604664816106,-0.5232560349961443,-0.5983050979968417,0.23257769483751997
Missouri,1959,-0.32069384839234805,-0.06883998620161569,-0.5155504020154554,-0.857307934689216,0.11996581442195746
Missouri,1960,-0.328835558946283,-0.06423568052298795,-0.6929954474452517,-0.9650179290363724,0.7496088134009153
Missouri,1961,-0.3224166126463035,0.00582474667211757,-0.6163145297131365,-0.6088756086723637,0.5038545642097181
Missouri,1962,-0.32152517125583785,-0.08770083679518946,-0.7925272783919005,-0.5156435675546232,0.08805491289654219
Missouri,1963,-0.31606405603614474,0.5706373506507345,-0.6963083499863985,-0.41133671801699867,-0.34275260411613917
Missouri,1964,-0.3253169800318217,0.4910459387279966,-0.8055580127100878,-0.12112560805507244,-0.37089626468554177
Missouri,1965,-0.31121944987207656,0.9143236960352449,-0.7681603899605053,-1.253851475419972,0.9026668091337832
Missouri,1966,-0.3080332724099521,0.7167683121469419,-0.21328814121045653,-0.5061973103152583,0.6236027200079951
Missouri,1967,-0.3269523091977924,0.6621597791370052,-0.6657825816750754,0.051484069593061434,0.648673331015167
Missouri,1968,-0.3336764359067379,0.5490309341438736,-0.6073642491670137,0.591543418839242,-0.26852331079181957
Missouri,1969,-0.36245501360700505,0.4128166901939302,-0.2674626854260329,-0.5451848958342024,-0.26589757102146083
Missouri,1970,-0.36577878903273403,0.3315668264169678,-0.447428674041793,-0.3384225735271005,-0.39491044968517897
Missouri,1971,-0.4037868351666914,0.16359599690230658,-0.5657214959025741,-0.7784797820694697,-0.041836868920607735
Missouri,1972,-0.39819718422568445,-0.07999696433412985,-0.8333993985373932,-0.56902270970063,-0.2790596571551933
Missouri,1973,-0.36809347224141414,-0.2807047425586981,-1.0102531394261132,-1.2990921676980167,-0.025296820858875226
Missouri,1974,-0.3232829664194958,-0.3171164381009911,-0.7228008764548763,-1.133666029155251,-0.12993163102139157
Missouri,1975,-0.2630122219206905,-0.393581698631954,-0.6954261210119548,-1.3426691427232191,-0.5164022168536498
Missouri,1976,-0.18769309637247203,-0.4267680941119006,-0.8077708276652229,-1.24902027910137,-0.3818173203096989
Missouri,1977,-0.16863785004849938,-0.38690385882451633,-0.8250105418575012,-1.1137703918017205,-0.46588134818462706
Missouri,1978,-0.14918658571982943,-0.4577723014522687,-0.7163712888690925,-1.0428803709809684,-0.565343458333679
Missouri,1979,-0.13786390106915772,-0.42515996306855663,-0.7441563251478526,-1.1838216860857989,-0.49525565739606
Missouri,1980,-0.12107766025183848,-0.4416285515859978,-0.705855863725349,-1.2433697415073468,-0.10162269156893104
Missouri,1981,-0.1351040971774805,0.46775390993565696,-0.5950905676324036,-1.0793762106083917,0.06275251210626497
Missouri,1982,-0.14249262070902272,0.3922902013986133,-0.8451506390739789,-0.9664403673397436,0.15040287567200084
Missouri,1983,-0.134789950632437,0.36495693991180184,-0.7101093672210459,-0.42058849833127954,0.17224136632605822
Missouri,1984,-0.10690928745082161,0.4263120954175559,-0.6102783838693926,-0.43430005460037563,0.8030785983068448
Missouri,1985,-0.06559944903237326,0.3076788604951384,-0.6597583644400765,0.023286885753306553,0.4055965886500689
Missouri,1986,0.019421419363550654,0.28200956114494574,-0.4638747227746954,-0.09403408933404578,0.6151136495129267
Missouri,1987,0.06452809405003673,0.28742675071451085,-0.4610647918741186,0.23067421147363687,0.2718891427733258
Missouri,1988,0.14403175302984175,0.24490087721467943,-0.30062984211932464,-0.21378496286333823,0.23622614897154737
Missouri,1989,0.1494100609991392,0.13003155955953322,-0.3793920416119846,-0.1452691426858011,-0.11806318166365008
Missouri,1990,0.18320400162557815,0.03525867268682539,-0.4342724671452304,-0.4093540230472239,-0.5724604086561698
Missouri,1991,0.2414070397980974,0.014408479325182248,-0.6115831895785769,-0.3666307789501638,-0.6335771185730151
Missouri,1992,0.3011516848460627,-0.04674646807870959,-0.6457867764362362,-0.4702230662161218,-0.7826043746498312
Missouri,1993,0.33294817545852656,-0.07542359971713149,-0.6020053770978234,-0.4856881156505129,-0.580207186251375
Missouri,1994,0.3180872229401489,-0.2073400266561962,-0.49759218050618137,-0.5717615354514828,-0.7817568217414226
Missouri,1995,0.31620351665110835,-0.21279757654933582,-0.5368032454046171,-0.5605366276571296,-0.5002435162803897
Missouri,1996,0.32253325265463867,-0.16645664901727503,-0.5488496603109931,-0.6524571518166581,-0.39692596601342267
Missouri,1997,0.2812955518836334,-0.1740419405797758,-0.389078821589111,-0.7323548221893311,-0.662553202282744
Missouri,1998,0.2320179797926337,-0.16781590582641814,0.11266770519796107,-0.8299158553022625,-0.7774345434313807
Missouri,1999,0.19539328774866374,-0.1955803833733456,0.0036144191936493685,-0.7598676658325452,-0.6677414993987754
Missouri,2000,0.0965996960682836,-0.14873757440874522,-0.1087605636898773,-0.6779270329845107,-0.5675899259383784
Missouri,2001,0.0632764422920429,-0.11699842651779598,0.0004022895122520209,-0.7075435812043246,-0.7290654477045537
Missouri,2002,0.09888826425126857,-0.16615156774974738,0.009488244074714283,-0.6921079818152115,-0.2743055845593561
Missouri,2003,0.12358765894475027,-0.24645271640046815,-0.09045293684678905,-0.7079078514274109,-0.525403496832916
Missouri,2004,0.1647802611682303,-0.13286820937158306,-0.1374356368742347,-0.6730591139944933,-0.234843993480589
Missouri,2005,0.20078585268312246,-0.14265385710931477,-0.1630075572983125,-0.6582684378512191,-0.5563240863542726
Missouri,2006,0.245041335174675,-0.12308946967023077,-0.255086722246821,-0.7736400089174174,-0.4390528992665028
Missouri,2007,0.2347970391695147,-0.36449546442993574,-0.22906474486439174,-0.6069209698341574,-0.5211168035801046
Missouri,2008,0.17561357451011733,-0.41264271432434807,-0.13097527855020574,-0.7531990242265315,-0.3226122560767104
Missouri,2009,0.10208037650838031,-0.6363051878883873,-0.3886105528374645,-0.6122449872637015,-0.5575162275520228
Missouri,2010,0.07120759102826357,-0.784660438868369,-0.3575506610555008,-0.7185448736228134,-0.3416531389414812
Missouri,2011,-0.0031793936856163198,-0.7784318809233198,-0.2904031721483067,-0.6277112752099114,-1.353285244594817
Missouri,2012,-0.04934425138770561,-0.7721237848556799,-0.3304497769714361,-0.6514485744757279,-1.028893951477004
Missouri,2013,-0.03691222530936545,-0.7422482728389427,-0.4809440933887987,-0.5531301344938229,-0.9917974684115762
Missouri,2014,-0.08118467497220672,-0.784240295877836,-0.34740965839687565,-0.5005470266310873,-0.6355002301365886
Montana,1946,0.023786774184615916,0.6656905702891758,0.08483809252754038,0.5458338781036518,0.27600818983233183
Montana,1947,0.017725065988312774,0.5470043247059665,0.17300785733543728,0.427285384882442,0.47358743481818205
Montana,1948,0.012587487368626873,0.5550749738435702,0.08750928723945449,0.3441213851961146,0.1359267630412181
Montana,1949,0.022942947889864382,0.4433910425091755,0.2655928453968431,0.34362297600425984,0.15042236130356665
Montana,1950,0.028665619295450927,0.354616219333425,0.39566756808603876,0.3387418615231418,0.15365226388707082
Montana,1951,0.03460214345440955,0.3717985806151034,0.24631332428350464,0.2784779171151845,-0.10770396435602489
Montana,1952,0.038520677181776805,0.32032901877135656,0.323069752842052,0.39387050661388495,0.5276945308847711
Montana,1953,0.014448890869722245,0.39955586417471906,0.1823297402935641,1.3309467768722103,0.3730027439772128
Montana,1954,0.044378322011005555,0.38147476587829293,0.2987487861573245,0.6585455213190177,-0.6118783266422763
Montana,1955,0.07489441329853619,0.23470632427195037,0.018996316276718866,0.9901151794686643,-0.4779669746944597
Montana,1956,0.08330428248294358,0.25706520904794766,-0.04056929330808229,1.051829074094622,0.18951791665387133
Montana,1957,0.07011011544390425,0.219700616954664,-0.014784568903720822,0.7393034940204175,0.6438202257779084
Montana,1958,0.03393752599297532,0.182144780663963,-0.03225778909203545,0.7118778843396536,0.5094092494049303
Montana,1959,-0.013004594072955377,0.08432061876129819,0.06390185793893972,0.4722367082607422,1.2320369139211986
Montana,1960,-0.0722488192275284,0.05412553993104675,-0.17095750255555062,0.6912195866649196,0.33557804943954606
Montana,1961,-0.13384256648711162,0.11714131764961515,-0.16763235558362163,0.41537050415433896,0.4112128111374161
Montana,1962,-0.18443500717906872,0.0357591184298374,-0.2929909332508223,0.7347899098812742,-0.041656409271233694
Montana,1963,-0.22569735327543214,0.023811756555774267,-0.4003483475929515,-0.5900037700400065,-0.0603003056623102
Montana,1964,-0.26699746621808085,-0.08045390270911155,-0.27025154777299304,0.7498235865362511,-1.1552299688318164
Montana,1965,-0.28782452435054423,-0.34108220679883905,-0.47365276859746125,-0.7694686429757184,-0.2305269643121569
Montana,1966,-0.2939795753887583,-0.3902138608766456,-0.4114450382330427,-0.018774101704612304,-0.5358843078629728
Montana,1967,-0.29023603144917215,-0.49855196687772585,-0.32162490234001523,-0.5795291224100508,-0.4243444143237648
Montana,1968,-0.2881260902156751,-0.5316032188348212,-1.2633929712998684,-1.1235288696571595,-0.6314118912135529
Montana,1969,-0.26465436045421076,-0.7293354560278992,-0.529628488727279,-1.3694669847610177,-1.1871684521062753
Montana,1970,-0.2433838307424369,-0.7494479413816425,-0.4588379189756926,-0.9734137634088944,-1.0230024906245012
Montana,1971,-0.2144520058472667,-0.25423032847979676,-0.24075561835333736,-1.2961574990032878,-0.9472312232419663
Montana,1972,-0.19537659171702032,-0.31919014063853607,-0.32570864971392655,-1.1098413415017538,-0.8989648290993684
Montana,1973,-0.1850463762222637,-0.4013104804564991,-0.08881490279557366,-1.42521383800238,-0.9314097336030002
Montana,1974,-0.1918778734483989,-0.04381345102893868,0.4015222785278426,-1.235676970943358,-0.8767512446605554
Montana,1975,-0.22555274683927576,-0.05568152919145917,0.5107134881311238,-1.2899147355254612,-0.7378185855153581
Montana,1976,-0.2529022858046084,-0.17577895928462786,0.5843670102026155,-0.9993069681653951,-1.0489625086118255
Montana,1977,-0.30162793174270075,-0.17740032011267723,0.3967053529524906,-0.9970844810435918,-0.8444095360191566
Montana,1978,-0.3285278816421422,-0.20951761063196614,0.4319462447805771,-0.8545972947539489,-1.1380751818682908
Montana,1979,-0.33690030460703085,-0.20174070335868,0.5670175696014575,-0.6017737071216734,-1.0554667389784083
Montana,1980,-0.33079651877326294,-0.16938244227478277,0.58513964222594,-0.5784630583551765,-1.2544537338463033
Montana,1981,-0.29752353033728934,-0.22657020740802908,0.6793301823134684,-0.4616865775935195,-1.2016213520205883
Montana,1982,-0.3008437743999404,-0.31077833332949606,0.39885674970369794,-0.4561437652581705,-1.145273336614131
Montana,1983,-0.26979421315817675,-0.33493814958068824,0.4938136997669325,-0.3023811059861705,-1.1053532181512185
Montana,1984,-0.19764671632279218,-0.36020717101187605,0.5643784903583571,-0.10837936584894421,-1.0828724438310784
Montana,1985,-0.14790405180993205,-0.32874866178564843,0.7238139936228916,-0.1824352484552499,-1.0255104867959446
Montana,1986,-0.13102633461836427,-0.1810676485681114,0.7301554143449247,-0.23458407107167853,-0.7714305663741494
Montana,1987,-0.13950265533967537,-0.1273026221433485,0.6229463885132315,-0.11045882766270028,-0.8747216118965031
Montana,1988,-0.1580075263938422,-0.2697210892628487,0.5936675835632085,-0.12918594055038013,-0.7213235493998511
Montana,1989,-0.19748002686690733,-0.3353479042844187,0.6269121031571089,-0.2726691326451827,-0.9396337870858322
Montana,1990,-0.23147345903146557,-0.3531791156026049,0.5198731318431512,-0.19728608938724343,-0.7372399718212618
Montana,1991,-0.2892829029290682,-0.046540216155875835,0.5197511693086482,-0.3774904764432399,-1.0664780841658221
Montana,1992,-0.3189248027489303,-0.1211156792433394,0.5182648645624068,-0.4528072660773278,-0.7523397957343616
Montana,1993,-0.3848066647096781,-0.053429291952602785,0.4572954959887313,-0.5922868747425004,-1.0253541280087937
Montana,1994,-0.4192808006335607,0.09266249794141937,0.4014147304334315,-0.6721619202135024,-0.6788143143794986
Montana,1995,-0.48522191796745007,0.10323548578864457,0.376708467155985,-0.6865815013451061,-0.917550540141156
Montana,1996,-0.5550428382461867,0.2505839704755918,0.3479802541872835,-0.676639420364531,-0.7824456950275356
Montana,1997,-0.6385955146800892,0.43898052074724814,0.5456287589367981,-0.8603758025258093,-0.8555502216215894
Montana,1998,-0.7107603946848522,0.40620974982156044,0.2918877454633223,-0.9505391918208685,-0.8201535052786135
Montana,1999,-0.7622871245600195,0.35765932720513965,0.14387850190051854,-1.0430316833954285,-0.9984121971018174
Montana,2000,-0.8157571723380014,0.3706629952628362,0.05908001997916015,-1.1114834460201783,-0.6740793328468289
Montana,2001,-0.8637772084119868,0.3082585581226855,-0.012816818180563619,-1.126215583861153,-0.9456667318991577
Montana,2002,-0.900542757027294,0.2738690065875728,0.08482198175086776,-1.112940463356776,-1.051801312635305
Montana,2003,-0.9446133978784376,0.216431868939337,0.016181524519612786,-1.0060095117629926,-1.0365199589714507
Montana,2004,-0.9842481142557187,0.11766229701871685,0.006173405942461166,-0.8833181549193379,-1.2992476294131727
Montana,2005,-0.9667588380899964,0.3808239337576694,0.041491529639285395,-0.5764269731717745,-1.218833661716819
Montana,2006,-0.9788190911956315,0.3963778514692601,0.14242591813346595,-0.37573305607439833,-1.2988852663129569
Montana,2007,-0.9523894986203714,0.2532248850295368,0.18779033810743823,-0.1577961549080634,-1.2522722831232882
Montana,2008,-0.9625898788720467,0.20698524950377856,0.019953787335249627,-0.13633699147831302,-1.1776254137901663
Montana,2009,-0.9547166053120358,0.07478975794669612,0.270407455371288,-0.0854104386730554,-1.5017858870709342
Montana,2010,-0.9228556157210855,0.045003297431762124,0.24532837760224105,-0.1735959820199725,-1.333170620331892
Montana,2011,-0.9223365130575448,0.022433120393355883,0.3506496511121012,-0.24813873404858047,-1.2630564989444162
Montana,2012,-0.8880018278086839,0.0019037779790204304,0.3303280572624304,-0.2858824956375107,-1.354354458267143
Montana,2013,-0.8676061797090502,0.01935485738346075,0.47399233562695214,-0.28090888207005427,-1.2256346402711715
Montana,2014,-0.8692976942133713,-0.025353185464681852,0.45779908048119855,-0.30836084396591634,-1.2129422551738658
Nebraska,1946,-0.7342505416409658,-0.6214974874906084,-0.8102387772628165,-0.44849458056275887,-1.6710896554329557
Nebraska,1947,-0.7318793676076578,-0.6111035314103683,-0.8336733305621149,-0.40842270620795035,-1.3027337635385023
Nebraska,1948,-0.7276056517026415,-0.7209533965673294,-0.739541594112391,-0.5941911537202252,-1.2971987028467462
Nebraska,1949,-0.7304360806408388,-0.6730276149441629,-0.8373920076038379,-0.3439792017637288,-1.8650378435483144
Nebraska,1950,-0.7366931613490451,-0.7378969133187663,-0.8089150557875359,-0.18440182295768584,-2.3383433684229784
Nebraska,1951,-0.7427839117921101,-0.6842472732043124,-0.8656016134723611,-0.1500849179072067,-2.5933447104624423
Nebraska,1952,-0.7446727961089661,-0.8146576044530174,-1.1751134830465257,0.23736416472853383,-2.680904760689023
Nebraska,1953,-0.7428048115764577,-0.7692835174777185,-1.1446869534200568,0.2754833468982956,-1.8408468383741219
Nebraska,1954,-0.7487197295699711,-0.7668119324613881,-1.1553106023256179,0.08804383681938382,-1.6178161278536312
Nebraska,1955,-0.744191876885325,-0.8844120302302741,-1.2120020883273541,0.22837651563013991,-1.287962129383587
Nebraska,1956,-0.7500272418632116,-0.7897259520749473,-1.0740739846196012,0.3413289703915663,-0.872361052022006
Nebraska,1957,-0.7261635292683812,-0.8173449754752565,-1.0001061630224937,0.22959950364429488,-2.086481355066138
Nebraska,1958,-0.736999814454133,-0.8366799034767944,-0.9887382794184113,0.30579523689184535,-1.3873205108141438
Nebraska,1959,-0.7515233872811005,-0.9482155757186991,-0.9160936591320964,0.8112337353780351,-2.0445231633664767
Nebraska,1960,-0.7755439679124851,-0.936535561541999,-0.9547926452862163,0.9438192289570096,-2.0881933302675155
Nebraska,1961,-0.7945663891265764,-0.9486575923832297,-0.831821266620589,0.6931906506201841,-0.9832521924535637
Nebraska,1962,-0.7879936432986558,-0.9237274476752704,-0.8959083216189476,1.2005677336039853,-2.2628691712489144
Nebraska,1963,-0.7825008878460509,-0.9770031266985376,-0.6461955779848421,0.10601560220238164,-1.5717438239176547
Nebraska,1964,-0.7791453221643189,-0.9758431873417751,-0.7486777645677525,1.3714597710375023,-0.7535284306234687
Nebraska,1965,-0.7843362481461269,0.004977747171760533,-0.6700502121414758,-0.07855633831599965,-1.7536803702298427
Nebraska,1966,-0.7800773711718179,-0.1135390907374915,-0.8344507475377192,0.7324687287936188,-1.6971827542650966
Nebraska,1967,-0.7640727169788647,0.3124914601703682,-0.48849936996280535,0.30433858555230137,-1.7483830905515454
Nebraska,1968,-0.749013718273329,0.23002992762829716,-0.30963938853174633,0.9816430727685191,-2.1897860192493397
Nebraska,1969,-0.7406642251949738,0.018473313293652226,-0.5129080482738546,-0.12154676369170381,-1.6744287270693479
Nebraska,1970,-0.7452299792260649,-0.12983913490583562,-0.21938242958657322,0.002856087956022747,-1.644338370753464
Nebraska,1971,-0.7452528406165999,-0.4194128776575562,-0.24968566585216273,-0.3637875862978354,-1.1545784923086768
Nebraska,1972,-0.7484243512538119,-0.13682102069360627,-0.27932291889587957,-0.6074569652078202,-0.8632841187370462
Nebraska,1973,-0.7724227671631084,-0.852436896807866,-0.18236828570888594,-0.3384045444876018,-1.8049429086951538
Nebraska,1974,-0.7974616645485474,-0.8817583883503219,-0.1619388281384163,-0.374396452698164,-1.1192356170947566
Nebraska,1975,-0.8205943079207872,-0.8014530827533087,-0.13557421869931213,-0.33097388579138504,-1.5303334091677288
Nebraska,1976,-0.8353727782197673,-0.7296821937971424,-0.2016303301344837,-0.2868504217491335,-1.4785792881514797
Nebraska,1977,-0.8339929579382611,-0.736544480021495,0.05344976199947127,-0.05568851427761351,-1.7589740862840717
Nebraska,1978,-0.8455473907207828,-0.40263330451267915,-0.06726845061072804,-0.13073041771070468,-1.9695574620228704
Nebraska,1979,-0.8762773530090312,-0.43998937319568043,-0.026929386445364627,-0.09458842490407368,-1.9259399361637877
Nebraska,1980,-0.909049381339598,-0.3870831497544372,-0.03566735342146475,-0.24051500524802724,-2.2106674121934167
Nebraska,1981,-0.9457611886201986,-0.4820582263954125,-0.06534504935916126,0.09656043151249952,-2.092140586725737
Nebraska,1982,-1.0037827051220662,-0.4765362045560833,-0.08690452956292197,-0.19689834475633763,-2.10771727899772
Nebraska,1983,-1.0383727999059675,-0.6366116656909946,0.021854331370712195,-0.18670211917625243,-1.8079765273201658
Nebraska,1984,-1.0671971402255278,-0.5293506978474645,-0.11552250161435436,-0.38750745833764055,-2.0314493704592422
Nebraska,1985,-1.092400554528922,-0.5153842079367552,-0.23826594515066288,-0.09690832152166809,-1.7817181269247697
Nebraska,1986,-1.1106173077762083,-0.5621467042730789,-0.1673899858825689,-0.36652131798972476,-1.8762282772206784
Nebraska,1987,-1.1167263299946883,-0.5285061227635043,0.014497729496216957,0.26718653632570766,-1.8022213472325164
Nebraska,1988,-1.1406416978250955,0.057902113198621166,-0.011136405723663343,-0.18376757727568468,-1.853993402161564
Nebraska,1989,-1.1519837023819668,-0.059720168835957814,-0.05267293940022533,0.019221536966776864,-1.7703607304255264
Nebraska,1990,-1.1423579890826692,-0.13862316328192062,-0.11747785118243363,-0.14082447164816306,-1.626305428313467
Nebraska,1991,-1.1450541321829835,0.29292452231015487,-0.19139369209371165,-0.04142367016105301,-1.4951916148193383
Nebraska,1992,-1.1769523380166973,0.282084156914554,-0.24125980290265062,-0.034785489216674105,-1.1884743865856109
Nebraska,1993,-1.1961012431004783,0.2060739829393177,-0.21021484460199624,-0.017053126518982387,-1.0486765498929163
Nebraska,1994,-1.2173769972454895,0.08376736495363481,-0.18680622207971292,0.004850321093300292,-1.3118406739449813
Nebraska,1995,-1.2301375497326108,0.08671566689379567,-0.2622230739406095,-0.15609565633786132,-1.1748849455074897
Nebraska,1996,-1.2724811837587287,0.07192642825784651,-0.3000308807905556,-0.1765589730980099,-1.603483851314521
Nebraska,1997,-1.2880338290437827,0.110581842767712,-0.41817780022790707,-0.32127941326229076,-1.2929209513519533
Nebraska,1998,-1.3129055459102257,0.061630675290163146,-0.3189907601770689,-0.3254282023161259,-1.6874409652848252
Nebraska,1999,-1.323715904581498,0.05758423118494592,-0.44147436360340964,-0.45516784432391494,-1.23789325312831
Nebraska,2000,-1.310814479676093,0.09062958780024535,-0.5088767491779531,-0.46547182165758055,-1.9992511695995854
Nebraska,2001,-1.274180297728136,0.007922147717285504,-0.5242022088173586,-0.5132921150045905,-1.3461385664565448
Nebraska,2002,-1.248121557249591,0.1044666596951637,-0.46782753759518125,-0.4894619534947816,-1.7949128405119514
Nebraska,2003,-1.2453751095467442,0.11218066733273888,-0.2756392854483486,-0.46527415387090404,-1.1006360892432512
Nebraska,2004,-1.2468276844111035,0.0654001944781952,-0.3259523097442566,-0.44934227916034153,-1.5025869413382342
Nebraska,2005,-1.253139468883727,0.03030031528094287,-0.33671923686300625,-0.4948241441974051,-1.1094740065917292
Nebraska,2006,-1.2755004223412254,0.014889407809834292,-0.3694573335315974,-0.4644723593428223,-1.0252891628171408
Nebraska,2007,-1.283323957118737,-0.04546656728238215,-0.4219050755728418,-0.47396740517157643,-1.2091285487993033
Nebraska,2008,-1.292411610018816,-0.06112962251585597,-0.5208031439794075,-0.4861531314601574,-1.1507774559551902
Nebraska,2009,-1.3007860840835062,0.02849800929515711,-0.431864843649634,-0.5400682068932615,-0.7792504086922183
Nebraska,2010,-1.2813345641263059,0.03010682127138307,-0.4116071766679587,-0.5871783384866062,-0.8109966718476781
Nebraska,2011,-1.25596696348092,-0.0025972459065617664,-0.4233791644011845,-0.6917269720231373,-0.8823821825472766
Nebraska,2012,-1.2259947037667818,-0.005158929833949201,-0.4088372818693803,-0.6696237454772654,-0.9987688393261014
Nebraska,2013,-1.2190902954446416,0.0008119930629607499,-0.21875612358801405,-0.645379746167422,-0.7420208243197243
Nebraska,2014,-1.2170135673993272,-0.04504974979712315,-0.216527415533884,-0.6134667828881161,-0.6970583468963568
Nevada,1946,0.6470550768133709,-0.6708148308881384,-0.8951849483391888,1.5130480592087847,0.2517278271435673
Nevada,1947,0.6277830625221124,-0.630675512766792,-0.6787314711384702,1.9169869305855591,0.7200794604768354
Nevada,1948,0.603731190280251,-0.6400230237227224,-0.7739183086525905,1.8790104771942742,1.3333988559788104
Nevada,1949,0.5836379368831383,-0.6941771531937009,-0.7360274720705285,1.8551391788494542,1.0328278980182704
Nevada,1950,0.560913692804527,-0.6674246444059954,-0.6766896284965928,1.6925245831631481,1.0552638667133336
Nevada,1951,0.5628534213417891,-0.7740802916954709,-1.1044403141908212,1.237998593400808,1.281135868435353
Nevada,1952,0.5626137865210836,-0.6723643516695645,-1.3760167159898555,0.5385638962524234,1.1372651376581988
Nevada,1953,0.5332721216751928,-0.7912311904442053,-1.3691674878157643,0.10538654012255094,0.514602639898407
Nevada,1954,0.5620499815898818,-0.7247239201717061,-1.431910565821989,0.010888810555053606,-0.2764498571611639
Nevada,1955,0.5851004420624628,-0.8087582476851893,-1.1804967615180266,0.08790468181606045,-0.2056745892106299
Nevada,1956,0.5644372941679666,-0.8543889642280837,-1.24128881173907,-0.12716451790942954,-0.23924494441384922
Nevada,1957,0.5219375287953096,-0.8417780189276832,-1.1150790953437,-0.09714170788767838,0.15967544808763642
Nevada,1958,0.48791007218847215,-0.96782696507365,-1.288233030298302,-0.11380717512895258,-0.31707517304245825
Nevada,1959,0.45466359064112355,-0.9156871930155378,-1.2841674970509356,-0.11910367052655324,-0.3554676958569973
Nevada,1960,0.4413912227768674,-0.9568407790630973,-1.3260944461464126,-0.16914113805313313,-0.22355639925947013
Nevada,1961,0.41650840132309813,-0.9062911212556958,-1.2980109476438884,-0.3101883477143291,0.3937301479065406
Nevada,1962,0.379219403165049,-0.9026844835028597,-1.3016792736275042,-0.24311361844724416,0.3339366020397442
Nevada,1963,0.34338973942823314,-1.0626190334811008,-1.2466823402701386,-0.29325035730176835,0.87816348593269
Nevada,1964,0.2983759392064588,-0.998110271871317,-1.1385725159799276,-0.16504661467126283,-0.22814510437511398
Nevada,1965,0.24828418243642755,-1.2421470181704943,-1.3577574564392818,-0.35786336686515585,-0.6151213400762624
Nevada,1966,0.22044771378785832,-1.2954179076275192,-1.363599209600787,0.008738251657838723,-0.2445020580570272
Nevada,1967,0.19916735584612755,-0.4736122275476374,-1.4630954914705219,-0.6667951622462541,-0.6273923522589776
Nevada,1968,0.15446709587528848,-0.500938143637368,-1.5175167425423846,1.2835150400229367,-0.3339135103826165
Nevada,1969,0.12728002494474996,-0.6659127944758765,-1.6282751128707782,0.6771185048385958,-0.33502910317066403
Nevada,1970,0.09153190704965443,-0.6614131233216937,-1.287037703322879,0.9013884276877809,-0.3643219402081437
Nevada,1971,0.029800182986925525,-0.14579841865838383,-1.1375184767148045,0.803764467334759,-0.25448562108051936
Nevada,1972,-0.02877484545851224,-0.43470548568339884,-1.1272674427784077,0.6971231227507535,-0.3483180222352766
Nevada,1973,-0.09696046492947773,-0.6392843055742645,-0.41654887327952683,0.665338498482033,-0.0025614020767773054
Nevada,1974,-0.16931592582282104,-0.7395762107803576,-0.595934843086596,0.6430356778064615,-0.4513072194841622
Nevada,1975,-0.23387278021479413,-0.8692971260095925,-0.6337260110717713,0.5862477513992368,-0.4734922960269583
Nevada,1976,-0.27356066024213255,-0.8254503515337399,-0.6547850555562794,0.5940549675405927,-0.7012338418750719
Nevada,1977,-0.3187026919467231,-0.7746329681160482,-0.8258218728799139,0.5756102841973512,-0.5235844814985705
Nevada,1978,-0.35245827858301104,-0.8363275565276678,-0.9006840883539007,0.6017363828103002,-0.28675596142067195
Nevada,1979,-0.35744562394029084,-0.8606004783607974,-0.8082456750066626,0.5576324394111012,-0.40777723971763863
Nevada,1980,-0.33575181721942865,-0.843151792734599,-0.8094460689116275,0.48989228412235325,-0.30617794743207677
Nevada,1981,-0.3173089278582147,-0.8890774383169171,-0.8912379035576188,0.5024484014616882,-0.4177817068158385
Nevada,1982,-0.3217327783604511,-0.9235501780206874,-0.8552064720591959,0.44358544748239004,-0.43291909962053055
Nevada,1983,-0.3388318819707324,-0.9193464991134345,-0.8256163665901454,0.4655609375252883,-0.35802821655064204
Nevada,1984,-0.31618762331710804,-0.9382097309044872,-0.7966755576317937,0.6246373681005831,-0.30869463018957577
Nevada,1985,-0.29442254367211307,-0.9218548301608124,-0.8379532350572187,0.693759822597435,-0.31285192537646295
Nevada,1986,-0.3141226616582643,-0.9751208614567467,-0.8646935160672702,0.8049499177549911,-0.4320568248113283
Nevada,1987,-0.3571310338815525,-0.9581253370552519,-0.8488786493222165,0.9763039645580424,-0.4501616124237449
Nevada,1988,-0.40857901842509153,-0.9981797539696078,-0.9080195627110956,0.9156324908235732,-0.2261278688642856
Nevada,1989,-0.43963054816851466,-1.0183589689772143,-0.7541096102046937,0.9584634541975833,-0.4681053663258103
Nevada,1990,-0.4783616185646524,-1.024865861491592,-0.7458361343869189,0.9248584807327371,-0.6476498880292773
Nevada,1991,-0.4851907069642268,-1.037235118025893,-0.7288539478399796,0.9003962793030409,-0.4935844688880236
Nevada,1992,-0.519778606133268,-1.0216404323239179,-0.7385124752592058,0.8895500959067001,-1.222441016410983
Nevada,1993,-0.5081984985560538,-0.32806873118936963,-0.7259143424692822,0.802689058873252,-0.4569550957690206
Nevada,1994,-0.4909185256146952,-0.23956027722387932,-0.7476056595428373,0.8182645065775801,-0.8514229463671183
Nevada,1995,-0.49260930859643615,-0.3345558884656291,-0.7765798778817813,0.7139302692316621,-0.3632198389815549
Nevada,1996,-0.4990785745812468,-0.31022417217844517,-0.7690932940210211,0.7365211863329768,-0.5220232702945874
Nevada,1997,-0.4764488378558691,-0.25891610630606327,-1.0329388497976622,0.6762798489309108,-0.4159283871828594
Nevada,1998,-0.4816441214750287,-0.27194856351312957,-0.8479317465252132,0.6639926385152695,-0.7288044537997659
Nevada,1999,-0.5072716195842917,0.028794186198065758,-0.7529085459577012,0.6017763110018929,-0.31717641393114593
Nevada,2000,-0.49692872235190383,0.04016334805392893,-0.8223852011246283,0.47765065936086015,-0.8057121503353417
Nevada,2001,-0.4436722637130079,0.1544758447455068,-0.8187792953474521,0.5365804778787001,-0.5285553326263419
Nevada,2002,-0.40735399061784194,0.17044382055003554,-0.9924854013042714,0.4725702497135618,-0.8658656688247552
Nevada,2003,-0.3519395500410615,0.09163935091979712,-1.0786319621217153,0.48130595768296697,-0.5588758451601895
Nevada,2004,-0.28344903240889463,0.046292195546122177,-1.1121068249968693,0.5193201746201134,-0.7268723971660193
Nevada,2005,-0.32679869968624886,0.01672173724518822,-1.118639498762678,0.6384282680529939,-0.6437299784613072
Nevada,2006,-0.337632679056837,0.01674578016813921,-0.9370359672300236,0.6805359749789388,-0.306717552398094
Nevada,2007,-0.3929896237933271,0.07261091303886726,-1.111428320398352,0.7277990983477095,-0.652584868567937
Nevada,2008,-0.42548335164006434,0.059648791174092324,-0.9956278238160648,0.6809459258650776,-0.45788835576457654
Nevada,2009,-0.37558172240298504,0.21633257413741672,-1.0406051311967282,0.6451002382779651,-0.22694842262490633
Nevada,2010,-0.30827519351940136,0.19954237699028354,-0.8146958987696861,0.5697865226460977,-0.5601384579077983
Nevada,2011,-0.21830704847249308,0.28575303557429105,-0.8246892298504072,0.6123314375933526,-0.27085091954236473
Nevada,2012,-0.1853829720340324,0.2564106210252274,-0.8554940517007943,0.6903405373334892,-0.3714583143763352
Nevada,2013,-0.157653463567685,0.15208292070660753,-0.8397468341159409,0.6881066825321428,-0.6693887524019316
Nevada,2014,-0.11847115209581102,0.1497556700464301,-0.9167049220161864,0.7812747746839531,-0.7024742553794887
New Hampshire,1946,-0.7318944054966627,0.34992692610886195,-0.5074184817572666,1.2362281268787625,-0.23549635494725515
New Hampshire,1947,-0.7321260171894444,1.2718339964508418,-0.37775914002779204,1.245978874554524,0.0652597207456586
New Hampshire,1948,-0.7319102138734831,1.2938960837850262,-0.39467907181858414,1.4527489821923356,0.11300687138636152
New Hampshire,1949,-0.7333055685848847,1.1158625059350002,-0.15701118237686867,1.2514248739890266,-0.3027096641976211
New Hampshire,1950,-0.7322731135782825,1.1481682319214583,0.03270521534738416,1.2021500060780346,0.46360929412495133
New Hampshire,1951,-0.7221166117310291,1.1742951497732357,-0.07544111097313039,0.949421779003145,0.8551507960706201
New Hampshire,1952,-0.7169701229096324,1.1683313518275433,-0.18024845422455643,0.8061360100227546,1.4619797383298216
New Hampshire,1953,-0.6930807058561119,1.1144664263361235,0.004122155961364344,1.27426998686026,0.6206071800796351
New Hampshire,1954,-0.68044515752898,1.1272606550198099,-0.10212637998614257,0.19938505546438068,0.1511290830050801
New Hampshire,1955,-0.651004633239458,1.0130412500312127,-0.0802735490247579,0.6131761698893403,1.1001413171461356
New Hampshire,1956,-0.6459748634024398,1.0850891856554339,-0.13015253536738255,0.4933022610505997,-0.00791625897549159
New Hampshire,1957,-0.6494114843845687,1.0318952068726772,-0.17621232503521816,0.7163324664763052,-0.3273709120696759
New Hampshire,1958,-0.6601045851351957,0.9470679303833862,-0.1590022991344299,0.7917690332943235,-0.7195282468286333
New Hampshire,1959,-0.6723852548104474,0.8623475703402826,-0.2175782092707501,0.8435187529210892,-1.9751250696622167
New Hampshire,1960,-0.691426766142289,0.8474707307075622,-0.27515520959438766,0.7545647121223039,0.5432554690796297
New Hampshire,1961,-0.7246196909095688,0.6574335494981665,-0.14811744676875183,0.7681709795128343,-0.17138755597822666
New Hampshire,1962,-0.7461307303914881,0.6496204888084834,-0.011498770836923172,0.39348631631897973,0.4046052452574758
New Hampshire,1963,-0.7686071653124598,0.5547937308136277,-0.06777386171468787,0.8090392684259132,0.09163602037766659
New Hampshire,1964,-0.8027749294245119,1.0057532578658643,-0.07792394567327053,-0.03988506408921013,0.6214151630785275
New Hampshire,1965,-0.8411886334342705,0.6874090221812931,0.023715909236488253,0.7731387969002878,0.4616100904974309
New Hampshire,1966,-0.8672514838245594,0.5108920024209073,-0.3421943374167491,0.31760633585807707,-0.0302766370733418
New Hampshire,1967,-0.8913897598297611,0.4223442210915053,0.0388947628664679,0.550935314966214,0.12742573134728044
New Hampshire,1968,-0.9227379287084204,0.36923210799146555,0.02866831806838263,0.3339887639814844,0.3199723506469957
New Hampshire,1969,-0.9596273701239174,0.17590893430710935,-0.2016855894377935,0.6318773762532348,-0.2599845709448611
New Hampshire,1970,-0.9909216743414274,0.15281147080309485,0.5451416625903016,1.0790634425420953,-0.47740561809435694
New Hampshire,1971,-1.0279247207640265,0.5206958361444041,0.5655684101269728,0.8490597196582232,-0.4987395391957879
New Hampshire,1972,-1.0527233156504752,0.6200078862341691,0.4567945420713107,1.119418966474196,-1.0041219356409625
New Hampshire,1973,-1.0896956626052436,0.45280736534813654,0.044017007303066374,1.0078390954229741,-1.0470329852427671
New Hampshire,1974,-1.1299336972195027,0.45239170465416007,-0.08009227500705435,0.8808432984450372,-1.4975654516464052
New Hampshire,1975,-1.1595648724145133,0.6584216687008394,-0.056288014639372996,0.9068926996127394,-1.2352754205284093
New Hampshire,1976,-1.1859042334079324,0.6069438434322089,0.12488924524368503,0.8972910179447959,-1.4190155716498083
New Hampshire,1977,-1.2220629306996802,0.5884960417554211,-0.08454348221562463,0.9197765183094013,-1.1619842073827449
New Hampshire,1978,-1.2595071586189075,0.5525774017565671,-0.12032726761416773,0.9023478136591394,-0.8406374075425255
New Hampshire,1979,-1.2838278289867184,0.5108970853404148,-0.13122247229822145,0.8869866273926421,-0.6314297060783557
New Hampshire,1980,-1.312514524387854,0.5043121266167816,-0.10058473809454727,0.7633455646572324,-0.46459343572614004
New Hampshire,1981,-1.3484289521079424,0.4193001153551867,-0.2706805209575951,0.7605371369058053,-0.450511842778745
New Hampshire,1982,-1.3876028808525684,0.3495335039436864,-0.17820222533171762,0.589539978790542,-0.3854822573963845
New Hampshire,1983,-1.4208764418395785,0.8242447464970596,-0.20639532214712314,0.8018487954535262,-0.04944157041250068
New Hampshire,1984,-1.4320697952073518,0.7826444053773204,-0.2528204544645668,0.5698647288323028,-0.3715581590965642
New Hampshire,1985,-1.4424011965055554,0.7209384803976254,-0.5086474286156871,0.6151801493829613,0.036756054577366075
New Hampshire,1986,-1.448146022110442,0.6904626373946144,-0.54629941063078,0.7918117118671298,-0.2143292436974479
New Hampshire,1987,-1.4229888927061731,0.6742563786465495,-0.3103196191251724,0.7896942165876611,-0.0024006129151315655
New Hampshire,1988,-1.3890293453199087,0.6192145557399046,-0.3509767631047146,0.89138365061055,0.19392685623737893
New Hampshire,1989,-1.3602349589702638,0.5512901303181448,-0.3534639171367936,0.8719256295689548,-0.1456669943879199
New Hampshire,1990,-1.3355760933921401,0.4384503740128503,-0.2839730993805551,0.9086911328589217,0.08467881432950614
New Hampshire,1991,-1.2789780893636404,0.3925494149891844,-0.1248646692654517,0.9449835728472953,-0.030981103187398905
New Hampshire,1992,-1.2378816378816382,0.3267309698375481,-0.10484243223555298,1.0100347907634224,0.2912971717346714
New Hampshire,1993,-1.229411217209612,0.3167415117497013,-0.12072488534516335,0.9404832711989226,0.04902551068558322
New Hampshire,1994,-1.2044460996372466,0.5629834606330472,-0.26909073328984146,0.9527744114121965,0.17788061534126282
New Hampshire,1995,-1.1639738157049289,0.29293272164566325,-0.2833160526958425,1.015096138217982,-0.006823656768268941
New Hampshire,1996,-1.1242881620653982,0.25706907984404287,-0.18452961022671216,1.0560000945000303,-0.05516840612160398
New Hampshire,1997,-1.0888034902518373,0.2746909146225855,-0.49886752883642604,1.0430727841508842,0.34241453242517467
New Hampshire,1998,-1.0354594296546362,0.7013786867100256,-0.02816154069053306,1.0217212244302303,0.18601049084172055
New Hampshire,1999,-0.9771101548281864,0.6732333039219558,0.013400832228838422,0.990021125324495,0.5231271167756559
New Hampshire,2000,-0.8849412658804602,0.6450658592878763,0.2256619030715438,0.9468213521554937,0.2525524024616658
New Hampshire,2001,-0.8011841956436033,0.5909394437047655,0.17801821272176635,1.0305330484068005,0.31292303169698554
New Hampshire,2002,-0.7040695262556498,0.6548605309916967,0.2700237330736942,1.050958172071103,0.4263529968762155
New Hampshire,2003,-0.6473564431893457,0.5563216466319862,0.2463393444671728,1.1378276972383776,0.37769007893244066
New Hampshire,2004,-0.5849463143093309,0.5207628367144139,0.2820004601091196,1.1018675596099137,0.5018869830968515
New Hampshire,2005,-0.5771543081129175,0.5667521925470873,0.18116998197755182,1.2338927399879815,0.4859789782044861
New Hampshire,2006,-0.5854027508674792,0.5156498805662061,0.6305642758289407,1.281164445280051,0.5126291606899408
New Hampshire,2007,-0.5528009653255974,0.619244103768323,0.5954089874409977,1.3622374100034136,0.5584195463570998
New Hampshire,2008,-0.5662081577487316,0.5984327448401897,0.40961740917851275,1.38970136065358,0.30664017754907563
New Hampshire,2009,-0.4883353936076131,0.6255414810155872,0.3646948943117593,1.4412673901205837,0.6101445879212116
New Hampshire,2010,-0.47964371242107007,0.6207809324024927,0.387514078217123,1.342070377165535,0.19266434130109755
New Hampshire,2011,-0.47439767549751605,0.44656922421662504,0.42973905191253037,1.316633965482552,0.07121106280473594
New Hampshire,2012,-0.43135661178087686,0.365582515081736,0.4313902665104287,1.3345159522019552,-0.03124859703500112
New Hampshire,2013,-0.3861545408566658,0.29818481495350985,0.5162148181070677,1.3393427123425496,0.33229429929026116
New Hampshire,2014,-0.37628365522783136,0.2967952302539722,0.4886052291435042,1.3586818151302198,0.15592925391163973
New Jersey,1946,-0.44613734731989707,2.0966852689923825,0.6091417636297081,1.9741359166731536,1.1366854022293518
New Jersey,1947,-0.4487996377432351,1.9653981294247689,0.6611220935352782,1.5388531964126053,1.42579293154766
New Jersey,1948,-0.4514712327036978,1.9589447518200345,0.8728146389913986,1.4589535262410678,1.221031007607496
New Jersey,1949,-0.4800237647406218,1.8759696775334407,0.8893815379077993,1.2257976363225307,1.7742677148822132
New Jersey,1950,-0.49962272032654576,1.8748843032874352,0.942503342018111,1.751054830730623,2.2562889936671495
New Jersey,1951,-0.5197455505274589,1.888632510736228,0.9948936207515708,2.5868655586543836,2.6805447598890537
New Jersey,1952,-0.5396200431837935,2.22770426387202,0.9917811102185211,2.294396076204743,1.8993462473842424
New Jersey,1953,-0.5859506755483064,2.154883514404435,0.8903152342557519,0.5856052444088428,1.3669142222247064
New Jersey,1954,-0.5742253834150581,2.1694523065653213,1.133105882940598,1.950133004475832,0.6128099415553661
New Jersey,1955,-0.5985440430318735,2.155528688542302,1.1192906352741163,1.383381801502506,1.6054140771106444
New Jersey,1956,-0.6093964176855333,2.16444115625745,1.01940988608173,1.3481064467683823,0.3219224057029549
New Jersey,1957,-0.6110056318460149,2.16548807341963,1.1468810263348674,0.9116350877335809,1.2406272440555637
New Jersey,1958,-0.6085523172649593,2.154821857341763,1.1444868771023033,1.2620447805342716,0.028017828600374252
New Jersey,1959,-0.5902512310301836,1.96447787104881,1.1444029724145988,1.80333944231516,1.1353416916909778
New Jersey,1960,-0.5531400238300076,1.9456932276676127,1.1443614483876772,1.6942784610457622,0.14827211070970528
New Jersey,1961,-0.5117650016970343,1.9716075379935711,1.0453763134720906,1.8187384035991374,1.0069080952831133
New Jersey,1962,-0.45639527888739134,1.939252451527929,1.2742400201077346,1.1957621905769928,1.6549871112542625
New Jersey,1963,-0.4139909880883793,1.9414861667314436,1.1261309719861425,2.114544030016768,1.1869939724360135
New Jersey,1964,-0.40439573092025155,1.9052138604403113,0.8733622975798758,0.7121040027134661,1.602998550498434
New Jersey,1965,-0.41619133450329987,1.5649698308102098,0.8007458304766449,1.9947148050564696,1.4923904839519662
New Jersey,1966,-0.4154071768000696,2.1879073727097875,0.9651371112083371,0.7805237491245304,1.9563322944617125
New Jersey,1967,-0.3937625232230174,2.167889849697326,1.0029515195483627,2.126415384893084,1.8156805823890465
New Jersey,1968,-0.39189958722602025,1.9764016531118718,0.9169988941090141,-0.026568020689103973,1.5689114681892204
New Jersey,1969,-0.37471244559934064,1.9059202613896247,1.8208957735231472,1.48384641379263,2.1003110855269282
New Jersey,1970,-0.38065826649731316,2.741745179235871,1.546299669220481,2.089848266621525,2.343059911171828
New Jersey,1971,-0.37845365021864413,2.775951331561126,1.3153297115528098,2.226410660767215,1.6272647912142637
New Jersey,1972,-0.35517195012872327,2.752616701996379,1.2060345733559892,1.458384016002405,1.9553596932566204
New Jersey,1973,-0.3141267667170675,2.544362709553549,1.4679304510260216,1.402090483789339,1.4543745595689501
New Jersey,1974,-0.24141724163296682,2.4384953682000825,1.1608289998405286,1.5518789158240642,1.7878501419802981
New Jersey,1975,-0.17639870477786307,2.3935041528073673,1.3448125307872314,1.536200007634068,1.8984068224803845
New Jersey,1976,-0.16444690563863446,2.403375095873155,1.4347548772619136,1.2381885241945834,1.8499844193252282
New Jersey,1977,-0.17673895300830536,2.2790774961863263,1.5901057419533808,1.449421299585711,2.1572708120477735
New Jersey,1978,-0.14110097031796967,2.2410771986102,1.452416509804943,1.2741344022770213,1.9919284029175637
New Jersey,1979,-0.1213710929345658,2.515942298545675,1.4690851066615518,1.571992457135206,2.362700593195487
New Jersey,1980,-0.10867468490228442,2.519378886492134,1.482410595438865,1.2693500878634019,1.768567369866462
New Jersey,1981,-0.08948900801544818,2.1487773436060436,1.3766052734505896,1.0789654077359907,1.663821108360828
New Jersey,1982,-0.02535573062098226,2.409269912829954,1.4025597073006622,1.2884330491050222,1.951788818160225
New Jersey,1983,-0.05300754453440289,2.3493035865156955,1.4004907923600232,0.9537815450931625,1.8186074329067647
New Jersey,1984,-0.13178239765781344,2.3112975623262257,1.3441051171296752,1.0949009949582047,1.5195867026236771
New Jersey,1985,-0.20363234125330631,2.308593107720603,1.3532636403423413,1.0701008435300752,1.9041032346789182
New Jersey,1986,-0.27026601339109557,2.2948201055435704,1.3699715915341932,1.1841658336956287,1.6510045191952387
New Jersey,1987,-0.2952429550532427,2.2350143687471555,1.3291845836301572,1.0025435819422,2.0224787033192473
New Jersey,1988,-0.35195056904208444,2.185065004826116,1.2321329069651532,1.2664608685450056,2.0402653460614952
New Jersey,1989,-0.3849141918843482,1.7935725917137166,1.1451462317061005,1.061179881298714,1.7139763503542869
New Jersey,1990,-0.42824005989900255,2.244099871339693,1.1762569836735968,1.1250705624350998,1.314184211747188
New Jersey,1991,-0.41224078388009233,2.182521629686574,1.4395073815839963,1.0976835513936996,1.7998319595444603
New Jersey,1992,-0.32716154728325236,2.2957721740186168,1.735557579218578,1.1020667882861637,1.4610445572441744
New Jersey,1993,-0.22789268922320155,2.1698753088380216,1.928037140683979,1.178285409951214,1.9501902306577732
New Jersey,1994,-0.16162190739894167,2.0173790192749137,1.878424159062863,1.1378618030095076,1.6556811038179566
New Jersey,1995,-0.06349385723011146,1.9538555896926924,1.9405648580659485,1.2146491297592714,1.8897187131493878
New Jersey,1996,0.04550897543295014,1.955319059262083,1.6211741539512003,1.1901199003872367,1.5661529775742917
New Jersey,1997,0.11676869103454973,1.8838285112197355,1.3791630473818555,1.3397315525882723,1.5765886053805107
New Jersey,1998,0.22361798896167479,1.7964426367059534,1.2513636702218174,1.5595848975205746,1.8035187803613415
New Jersey,1999,0.3270410879403021,1.739396565518468,1.617754209174524,1.5403234492189437,1.7175994790176763
New Jersey,2000,0.3924159943729412,1.696803246283312,1.923221381451868,1.8023813352943778,1.6497894759773974
New Jersey,2001,0.33803305005178164,1.6609179599942545,1.9211770521617946,1.6345144357780814,1.8362850956984371
New Jersey,2002,0.3248572683385061,1.7362019391661634,1.9126364559223124,1.649519353629676,1.4236004243801827
New Jersey,2003,0.3435765576819308,1.6257824717446638,1.8420679834308171,1.475698818687577,1.237587376927644
New Jersey,2004,0.42626591206248915,1.59834322884809,2.0468378571040993,1.3339505997171384,1.4523638871585527
New Jersey,2005,0.4687268056190555,1.516318815577529,2.2148160697156167,1.2946655869507806,1.636044214797053
New Jersey,2006,0.4830886605647037,1.6907973462554293,2.1117229941488276,1.1344229636946526,1.4561698210864658
New Jersey,2007,0.53570839763861,1.9380828205757905,2.000369090607783,1.2256095477731674,1.7749001551976955
New Jersey,2008,0.5268111838172771,1.9326365473908413,1.9326219496378263,1.2554000917743535,1.4996375570241403
New Jersey,2009,0.6091950531321759,1.8307200098270375,1.7727465749487867,1.379393977922974,1.7094356731237441
New Jersey,2010,0.6112151692715586,1.9739943778314615,1.699607870871006,1.3214319592046733,1.4406756469039237
New Jersey,2011,0.6409223077350685,1.8862465981790455,1.3319053021548095,1.366965936343441,1.6280715697520016
New Jersey,2012,0.6595834627957865,1.8121651542231634,1.3504047059666646,1.3255289060061919,1.5068516194006067
New Jersey,2013,0.6522706115906465,1.8993303458443052,1.1784401526343453,1.3710819979607085,1.7297505554103227
New Jersey,2014,0.6640426876931858,1.9864506351107276,1.250108517668088,1.2629055065433534,1.5700554590402596
New Mexico,1946,0.20548962705183946,-1.1541659028195652,-0.1876419997669191,-0.30198478789947386,0.18560220754153703
New Mexico,1947,0.19704220727478797,-1.059378072466015,-0.09517518382642441,-0.49917816348298893,2.1800439932318607
New Mexico,1948,0.19557659485267903,-1.0599939846405193,-0.41923107790468467,-0.46402969640345054,-0.13827806073685037
New Mexico,1949,0.1747959953448095,-1.2529298077954756,-0.20426804258882184,-0.5430248655773291,0.08065448077740527
New Mexico,1950,0.14706903409497055,-1.1698362566477827,-0.34279693691609653,-0.6986340415051261,-0.1277694238290397
New Mexico,1951,0.12594162933024822,-0.7220138023001273,-0.3149845288445071,-0.6765514337093794,0.33219737255767007
New Mexico,1952,0.09918858836250248,-0.7105489844305123,-0.24416542733957178,-0.9626418626251774,0.9785978734160178
New Mexico,1953,0.09438483664992975,-0.7292543741849102,-0.23151272188803385,-0.5531845563806611,1.3731724311868698
New Mexico,1954,0.1042333269499846,-0.7980304834864778,-0.2908756137866877,-0.0331320837558589,0.4629189700367782
New Mexico,1955,0.1603644174907887,-0.8738088685544616,-0.4252044939400779,-0.15093583072592226,-0.270760682476711
New Mexico,1956,0.170694207617602,-0.8880803567209287,0.23882731045618397,-0.3224366067316754,0.2897589182770142
New Mexico,1957,0.13895913252894498,-0.8119639812434268,0.16513131206537351,-0.36917452235103754,-0.2176910408257794
New Mexico,1958,0.12053732605154492,-0.8057923215698621,0.36789270152325687,0.22675089848104166,0.6347245856317043
New Mexico,1959,0.08990363704592724,-0.9489778704193553,0.3329313635395733,0.33958766786635836,-1.6444465651219424
New Mexico,1960,0.08117992534435192,-0.90760463581921,0.37405748733820493,0.1427253898126846,1.5146204269800299
New Mexico,1961,0.04350922623722236,-0.8777433951329853,0.24589072558286992,0.8815965355432265,-0.7364384798944414
New Mexico,1962,0.03604811959678673,-0.9158681290110537,0.3514561895066974,0.23409912678107292,0.30001178981751897
New Mexico,1963,0.02863448579708899,-0.9899364799812489,0.4425059359814861,0.5979896196265231,0.15231099626100525
New Mexico,1964,0.024625441064393957,-1.0380307995789266,0.5757660593858788,0.22048004590881154,0.15580806205501416
New Mexico,1965,0.03558351219316578,-1.312867776988958,0.2741044933227104,0.32484024570979836,0.18239496891461066
New Mexico,1966,0.05790262339913608,-1.2515159063610757,-0.08051808135553495,0.16110704988427507,0.41373470833186476
New Mexico,1967,0.08079792339605595,-1.4623455863135095,-0.01419764322850467,0.1723976133423602,0.3595436655145885
New Mexico,1968,0.08267383689105585,-1.463791365556863,-0.142099108660432,-0.6132618058658382,0.4020581203367552
New Mexico,1969,0.10026510367720981,0.05305968522144124,0.009917034233534275,-0.23040930862569378,0.49143076582367173
New Mexico,1970,0.10871714676360836,-0.012664975739628574,-0.21782641872403247,-0.32968543980277965,0.5753445983184668
New Mexico,1971,0.11844985925386999,-0.26811149003142737,-0.38050189752697544,-0.2770945988186551,0.5988776072667178
New Mexico,1972,0.1095937976716779,-0.4831258878301586,-0.12375364630615822,-0.23179369427268845,0.7203186486671953
New Mexico,1973,0.10176113728160005,0.02171937807465151,0.12534429799743835,-0.3151473370011669,1.028381832504593
New Mexico,1974,0.07364329010037715,-0.049450435933593,0.09302816755327246,-0.1708159652738818,0.5236833215307448
New Mexico,1975,0.04056325529253832,0.17459914263312612,-0.05413821413196323,-0.1344041139291237,0.572321331169486
New Mexico,1976,0.040218946914958156,0.15230847952013468,-0.06460218855133316,0.18181066528880033,0.49930533290682555
New Mexico,1977,0.07421613707015924,0.07000005095775735,-0.1530254010008461,0.15876902375008897,0.49503992648088346
New Mexico,1978,0.10834021420286391,-0.004895234196238899,-0.02708126345162185,0.33226795542341336,0.5932854374561368
New Mexico,1979,0.1747593590165909,0.053643764944694645,-0.04136735713471906,0.15348156085838774,0.559594664077997
New Mexico,1980,0.24722087462918033,0.05979985124217753,0.047155435383816266,0.5133091596431228,0.2681940605018414
New Mexico,1981,0.3484912480102289,-0.07786985860544257,0.03588396858672591,0.4495578720943628,0.44266707174019493
New Mexico,1982,0.3761377807736935,-0.07390401780269883,-0.08477720871595497,0.5241108447723621,0.42604615653283323
New Mexico,1983,0.4023645385361487,-0.07872267330591277,-0.0810996608373986,0.48370113840105344,0.4884418092163639
New Mexico,1984,0.4488273369179745,-0.03021814510519361,0.002290336695649736,0.49427388812372053,0.20561707928227324
New Mexico,1985,0.5152120913634328,-0.04520618778433855,0.07604277726640182,0.6403028007787973,0.565278505978316
New Mexico,1986,0.49211186095267206,-0.06090306079498812,0.06256931829133719,0.5895611184121585,0.3853589608072309
New Mexico,1987,0.4879786055273411,-0.1067047858757572,0.02971163684376597,0.6758028202267852,0.4096580706061848
New Mexico,1988,0.5128290973670474,-0.1022727861541965,-0.027608422185043523,0.5210129309806819,0.4301007722223204
New Mexico,1989,0.48119308252232235,-0.1263637407999476,0.020809556182232458,0.31562415808337496,0.27818655645203555
New Mexico,1990,0.4676196778734987,-0.224211378369203,-0.021575524920844524,0.29614935256789265,0.7253594291629902
New Mexico,1991,0.47853731153987894,-0.2243516982970366,0.011776306783616098,0.09187851539379699,0.7141391526324803
New Mexico,1992,0.44252841102825347,-0.2663021861901304,-0.02070164331504804,0.00368296017331342,0.5644562452798036
New Mexico,1993,0.44108010421989186,-0.3421075209151608,0.02313558977420921,-0.002119065911497621,0.1660312189236477
New Mexico,1994,0.4528623949452994,-0.2511512191737171,0.054555374515841366,-0.034139834485866424,0.25255475499580526
New Mexico,1995,0.44294828373219797,-0.09744950189818681,-0.018947925802720963,-0.07831528629009953,-0.28957543782610123
New Mexico,1996,0.40594079591724835,-0.10496174451791347,0.04107676452790072,0.018086223123069033,-0.02202770455423186
New Mexico,1997,0.3345852399007853,-0.10873322329442385,0.06411258455549024,-0.0977310553210491,-0.2599185480514213
New Mexico,1998,0.29901895135630074,0.1541983060464075,0.3333009273917467,-0.036842577433949766,-0.1337505662879084
New Mexico,1999,0.2962394288642945,0.2002327561964939,0.08987464676441918,-0.12984931279078973,-0.44575830045753073
New Mexico,2000,0.28323980021497536,-0.027300721806658813,0.05336745749738174,-0.08452978230846209,-0.14122050364076572
New Mexico,2001,0.315132740793665,0.14451434750594444,-0.09128268225715562,-0.06099336394626466,-0.1477707076360894
New Mexico,2002,0.268289728911247,0.11863069058663397,0.02545826956705664,0.02498270977856042,-0.013102272067129038
New Mexico,2003,0.23391325281859043,0.5222545255831025,0.006693128805484986,0.09747173162760772,0.06420502573124437
New Mexico,2004,0.20200766988829444,0.6700580364170063,0.048135939668644864,0.29288029758741363,0.23700525484836565
New Mexico,2005,0.17233434081996427,0.6393348265758733,0.2909704116110013,0.2088354400915322,-0.025564941240454588
New Mexico,2006,0.1534815519575621,0.6080164597681526,0.14289982441365354,0.09540249324469913,0.2097581277438775
New Mexico,2007,0.10919614003823154,0.69263646338261,0.3572419516754444,0.09727442735945219,0.07134072989519265
New Mexico,2008,0.11133962850825346,0.6593064312756971,0.33590950282386195,-0.13386322730158245,0.302637734847699
New Mexico,2009,0.005065701463283856,0.6813101244685554,0.3845392477353393,-0.07774714365093828,0.19641118687463027
New Mexico,2010,-0.0016624434792657987,0.6679774126582062,0.35574188834781706,-0.26180976903446096,-0.14424655211363463
New Mexico,2011,-0.04834582552378491,0.9003291645307261,0.4838731929917137,-0.17570198461330858,-0.06936115098942429
New Mexico,2012,-0.06791037091470682,0.8792148986533828,0.5058206156365738,-0.27551494283424705,0.19475798897571828
New Mexico,2013,-0.1035853779200217,0.8928964201816235,0.36668089316800423,-0.1936273899171147,0.17416391951491755
New Mexico,2014,-0.14325419269083653,0.8842788387345992,0.3618881222660167,-0.2194326960236446,0.14625238256468584
New York,1946,-0.46365729754807283,2.2635839334349668,1.6807117016879356,1.952307940154657,2.5889716404134204
New York,1947,-0.4652859210019832,2.1684357499041536,1.8044217989521085,2.322572422112395,2.6890589320085363
New York,1948,-0.4644860177778095,2.1715954310314816,1.7428014510881624,1.8016323467764526,3.1255538360319735
New York,1949,-0.47546315668029765,2.0742700525095943,1.8115212561872127,2.037286138991557,2.387604933230234
New York,1950,-0.463499182831022,2.075758642812692,1.7977312337451776,1.8055383285363178,2.7315477534200348
New York,1951,-0.48506181689402117,2.1612027277350365,1.8833051456920336,1.9751770183694835,2.336411080478155
New York,1952,-0.5031257274606721,2.089194176958772,2.026145614058499,1.7811299086612922,2.0741572029844044
New York,1953,-0.5191168048345407,2.083466574687863,2.346784203045128,0.785120580009757,1.438942220771839
New York,1954,-0.5236373154404438,2.0876755625178096,2.2855356396552393,1.3159127135589388,1.430887144575329
New York,1955,-0.583092259809408,2.006626984229371,2.2106364887713013,1.4142706656639923,0.9186131669916
New York,1956,-0.6546144347842998,2.0532214825553012,2.072366135456409,1.3206307346465158,1.25244144543656
New York,1957,-0.664820359102633,2.0115024802479096,2.25020919776562,1.003372419720213,1.3303923864545224
New York,1958,-0.621541627361989,1.9942484691462061,2.491537862868449,0.8436514178587159,0.16376654718522998
New York,1959,-0.5554339981911787,1.8185113210253807,2.600636903942539,1.0306805546576039,0.661977757879953
New York,1960,-0.49711528220899953,1.8445244938095884,2.430945292933095,1.118011918231238,0.3445733007574148
New York,1961,-0.42252212801091305,1.8141570297108798,1.9220390422161902,1.2281634481686183,1.2805438728261094
New York,1962,-0.40311015627948943,1.8387186712673216,2.1501935125977103,0.7529459185887076,2.024181068997263
New York,1963,-0.3729399420334462,1.9346791848303115,2.2962671572620974,1.6412920613043305,2.952843828070921
New York,1964,-0.32904277119222736,1.9255249246428092,2.450933992478522,0.9403747489333444,1.8608819058867663
New York,1965,-0.30784101806370756,2.096562803282154,2.1670816082634783,1.985781153681599,0.7958605036318355
New York,1966,-0.32011332443385115,1.839440182883046,2.3704599433140983,1.8406645273844904,1.7975946633647744
New York,1967,-0.38210684312175447,2.1122552185241465,2.1920288456924264,1.379228563382526,0.745476032519467
New York,1968,-0.4208014176559078,1.9195576369486738,2.574706257259412,1.1128551397360362,1.5443708406246743
New York,1969,-0.4494660101915107,1.8360035187232935,2.2228290932730284,1.9802963517542373,1.750471591647304
New York,1970,-0.4784508342320805,1.6617135608602007,2.316212317960006,1.9551986772842738,1.854525240016442
New York,1971,-0.46491284242103587,1.4737517845372086,2.183028809654028,1.3031987555386397,0.5915073500996245
New York,1972,-0.4725798279196833,1.459278357778856,1.9954880245135642,1.624676079235496,2.5175426875058386
New York,1973,-0.4366824185318153,1.3008908077196042,2.03423534049383,0.7943664483624588,1.638398607093346
New York,1974,-0.38843458520055907,1.33596503643081,2.201385094310281,1.0692473312975317,1.6957611732439088
New York,1975,-0.34773177831442237,1.3171523737768933,1.806955101448206,1.0984615307858814,2.1094374667205193
New York,1976,-0.31787796795095186,1.2749468819374266,2.024808064553448,0.7652944125286275,2.0512292637117713
New York,1977,-0.23190541960520655,1.2337690012216553,2.2878755180776085,1.2987499753971916,2.404369979341136
New York,1978,-0.15436088614186463,1.2334782259668444,2.1673843305991087,1.247932940791847,2.258020332097014
New York,1979,-0.10643336552718881,1.2434732883957116,2.033576211384781,0.9505838738141504,2.34684937807316
New York,1980,-0.08803229375795524,1.192594793815089,1.9698510276449592,0.9850535919040937,1.882063683868017
New York,1981,-0.11940229641207119,1.4234696547016277,1.699651685809954,1.1564408821444538,1.9552163820253194
New York,1982,-0.11657783679791531,1.409163657471277,1.7802212776986768,1.3572183676451177,1.9372549973138513
New York,1983,-0.06618588450903096,1.3548349362706336,2.0925535651384086,1.1708249258636574,1.7624746877408612
New York,1984,-0.05944265349896157,1.3025375071031164,2.15021731733937,1.0933567675668383,1.6229260637828595
New York,1985,-0.04850940325989274,1.6519039065590844,2.09874656107633,1.3218523014410941,1.9071755325563968
New York,1986,-0.05770118152407595,1.5925882263262283,2.03691557516365,1.1921400568577585,1.942994676723682
New York,1987,-0.04771667216307573,1.5896649320165401,2.1350351756530768,1.0499191007523132,1.7152214907242505
New York,1988,-0.013825166339598719,1.5117137020750664,2.013845117406013,1.2866969689453125,1.7908524248279702
New York,1989,-0.025757221140592135,1.3911456563178717,1.936072557153823,0.9960095825070401,1.7605467438464297
New York,1990,-0.015378499013021527,1.231285554651048,1.931021538561261,1.2579580291304733,1.9414427208464449
New York,1991,0.04121284041145678,1.1946206871211456,1.9529743708869156,1.2313455503014825,1.9103868707911236
New York,1992,0.19898511551883913,1.0938197740546884,1.9498675873368907,1.4477424513948856,2.4131032128339323
New York,1993,0.33229155986041053,1.0108821187904906,1.9078854597551393,1.4965083015054754,1.8086607299570125
New York,1994,0.38016820900747655,0.9882307143581703,2.168286944406828,1.4246222611156263,1.7144897022386334
New York,1995,0.3610041229952544,0.946990876392277,2.2151899539335216,1.6985490522636255,2.2383177927221882
New York,1996,0.4484990034708013,0.9572907621912334,2.246115988894294,1.7201906684690054,1.6717894011205139
New York,1997,0.5685457600220319,0.9756188587359839,2.11904877441181,1.7704442404493408,2.025525848960989
New York,1998,0.5493620950410483,0.9109071418226646,1.983710190925869,1.6510188529839545,2.1816856655109613
New York,1999,0.6473456669762895,0.9070144651373847,1.636078936606136,1.9056212829395245,2.371185875246177
New York,2000,0.8667809235659657,1.4695980767252779,1.8527663036849673,1.898352164362189,2.105326738288288
New York,2001,1.009273943694228,1.4316293856513875,1.9746184176813202,1.8681268594832239,2.1803550470543094
New York,2002,1.1065022312676818,1.5016830360957591,1.825829393419513,1.7913392246339357,2.2867118589268327
New York,2003,1.4217808295694965,1.5875440005620318,1.914081918620576,1.8358701323631332,3.0944991917924822
New York,2004,1.2325370234548114,1.5658836488054684,1.8707053022227373,1.570966669758768,2.3268840661205163
New York,2005,1.181545592936614,1.47750848130625,1.9491319065555308,1.477272457432244,1.9783628378886098
New York,2006,1.136056814753685,1.4346225144519518,1.9933548995678472,1.3083516215812474,2.1396701129376794
New York,2007,1.2253065506574772,1.398454340349245,1.9345183275218962,1.3569904583751036,1.6176869681619828
New York,2008,1.4521533863828704,1.385472879122111,2.654632406949385,1.1894594458933638,1.3657682448564292
New York,2009,1.5888776431692704,1.358907061966669,2.475722434602632,1.2830880042705817,1.9436716609177749
New York,2010,1.6017224579674174,1.3571026053971844,2.5134371742030073,1.2122258796617744,1.7319618375831853
New York,2011,1.7038635000772702,1.3774035786940244,2.5494286014269454,1.3865378813069116,1.7615416393390617
New York,2012,1.7639701938629413,1.3718151751165188,2.468700626066179,1.338403430785954,1.9015834547786075
New York,2013,1.6838411825588984,1.3516005909742734,2.404058701788986,1.2874014025695952,1.4391634080589497
New York,2014,1.8127846971900026,1.3188195514235297,2.3470131052996135,1.290654166827576,1.8922129717788274
North Carolina,1946,0.6565607848783894,-0.3698164799636522,-0.6550710141201338,-1.2508096668655444,-1.958697294501653
North Carolina,1947,0.6428056453056458,-0.03172631738150182,-0.8929456329315859,-1.3273158047516553,-0.5720636763402572
North Carolina,1948,0.6349224667825751,-0.034399510032640745,-0.9335054711949564,-1.495195434358582,-0.9326544973867136
North Carolina,1949,0.593057650652416,-0.16044718263136049,-0.976793334892622,-1.3376902137736522,-0.3488731548651802
North Carolina,1950,0.5605306418634975,-0.1056484988492654,-0.9055821221592071,-0.7604491377835454,0.24663688844802514
North Carolina,1951,0.5392387052385974,-0.09337857150276216,-0.8228010370406429,-0.3456500083917789,0.03157737761430568
North Carolina,1952,0.5092567273142596,-0.240289610214774,-0.8560962484869952,-0.6256377865448667,0.5319133598819843
North Carolina,1953,0.5455771062309895,-0.19012683062340807,-0.7550023287037252,-0.6232210114486434,-0.07047594784217986
North Carolina,1954,0.5304904565482496,-0.20421399976677565,-0.7866934370190813,-1.0987569877748562,-1.077501225397175
North Carolina,1955,0.4391688262867802,-0.2590968275702032,-0.8557004937246382,-1.8882902660769627,-1.4592010501981514
North Carolina,1956,0.3578231207220256,-0.2825981731627407,-0.8607345962491539,-2.065576098565552,1.1676715441310002
North Carolina,1957,0.36099378815667255,-0.37487462474110134,-0.8685106629146138,-1.6632704060853174,0.19292806478027605
North Carolina,1958,0.36763039550756826,-0.27939016429984753,-0.7451931174972558,-2.015625711374584,1.4316399469862426
North Carolina,1959,0.3794476171836003,-0.41849351366051574,-0.5700312674918219,-1.6409168523020239,0.9324251180912061
North Carolina,1960,0.42929350697116436,-0.38180994502224536,-0.4081156976588609,-1.7087596648408725,-0.1677186949752115
North Carolina,1961,0.5021662948861327,-0.447459729809161,-0.46456288004245877,-1.2019695011906797,0.4358501855683672
North Carolina,1962,0.5350396204179653,-0.49132644485374677,-0.2921989035308883,-1.2811461462347027,0.5441457924184503
North Carolina,1963,0.5543943764579645,-0.4558038276269395,-0.37212690357497863,-0.5688041303578206,-1.3992604493938454
North Carolina,1964,0.6225960596631605,-0.5031890030123031,-0.4637842650560329,-1.2673806420234703,0.7680693274084419
North Carolina,1965,0.6112655630820255,-0.7967885592348957,-0.5080564472152098,-0.338381144955518,-1.6626095136714005
North Carolina,1966,0.5786974789929266,-0.702298041940354,-0.5901828348939582,-1.1301188508140791,-1.478597957898969
North Carolina,1967,0.5427233006728978,-0.8899277719519034,-0.4628717767204404,0.05360932926950029,-1.750907183402903
North Carolina,1968,0.5025359250400574,-0.8127686583894043,-0.4478623610604816,-0.46096249786165033,-0.066138776269048
North Carolina,1969,0.4332019338394876,-1.0243795676898242,-0.6247457614298337,-0.6423531101353327,-0.7321267176270483
North Carolina,1970,0.4013970794031175,-1.0356321942099176,-0.7404870394800789,-1.0020307304895186,-0.6196209416376817
North Carolina,1971,0.3879615460881148,-1.1995806556453794,-0.7470202236981842,-0.6003809332819445,1.3430831682783224
North Carolina,1972,0.3938265532183897,-1.3502930280533112,-0.8372342822785261,-1.1370221496363362,0.3950743740846167
North Carolina,1973,0.41842823065575446,-1.1412598386987332,-0.8458533578731986,-0.7772287396983976,-0.1481128365622761
North Carolina,1974,0.43509484605938664,-1.1506172211522658,-0.7921904662500798,-0.8890945664820487,0.9047589995209006
North Carolina,1975,0.45283710606000394,-1.1983767434836725,-0.9475124111117211,-0.8730351382740754,0.8045965556564787
North Carolina,1976,0.4782464229086315,-1.2390969409305606,-1.0001233412413446,-1.06578013017576,0.5652853254999015
North Carolina,1977,0.5692935989907643,-1.1598316222616012,-0.6875680992470283,-1.0855975832808098,-0.21969753912448406
North Carolina,1978,0.699600410560212,-1.1982328986289101,-0.741011897714678,-1.4737019038561658,0.18716280976302424
North Carolina,1979,0.7598766370259636,-1.1875622866306113,-0.7628650295300776,-1.5315700158935637,0.04692351601651094
North Carolina,1980,0.8118059245717805,-1.2078772699188618,-0.7950171895455412,-1.309170723148159,0.5081465204391605
North Carolina,1981,0.8497919720216607,-0.5775417525507964,-0.8072252057169915,-0.8874031366490694,-0.13604499802213318
North Carolina,1982,0.7881797290675705,-0.5752580855154569,-0.830716585468387,-0.8133125605193873,0.37175552741048656
North Carolina,1983,0.7771768640969122,-0.6412812690436828,-0.8287909868348514,-0.678206893416577,-0.2312396478296739
North Carolina,1984,0.7768637170233351,-0.5534695590507195,-0.9228133696885653,-0.9471702807802057,0.13917355762839007
North Carolina,1985,0.7480846971227746,-0.5373674631801024,-0.8361944677998507,-0.6498619944926014,0.15825160489987172
North Carolina,1986,0.6837068483548543,-0.6044585391168086,-0.8232752619423053,-0.8163469846213631,0.11435331442112366
North Carolina,1987,0.59452157416864,-0.6727662090660914,-0.7289664357226379,-0.740705847939373,0.02701553081402905
North Carolina,1988,0.5497682067447882,-0.7429601400640987,-0.4774938560338988,-0.8723188397371869,0.2559976954659303
North Carolina,1989,0.5210226235762426,-0.7573705504006419,-0.5566060121997508,-0.4074468087033412,-0.016984480180232867
North Carolina,1990,0.5161111109944084,-0.7614071914019442,-0.5170817193311535,-0.708322760343937,0.19818703655360098
North Carolina,1991,0.45231699015121946,-0.8008746151987908,-0.6021080697628094,-0.5434779685632831,0.29027325151130245
North Carolina,1992,0.3499137323965405,-0.8019456007618488,-0.6037793464234248,-0.8214622146149132,-0.08795019662962729
North Carolina,1993,0.23131264106407856,-0.8441302901282298,-0.5901942434981278,-0.734798721094118,0.9713364158792044
North Carolina,1994,0.15172087892818986,-0.8049853823826435,-0.6353352490782886,-0.9424309676300613,-0.1888033690708999
North Carolina,1995,0.06700624738732922,-1.467646124948594,-0.6629407363613363,-0.7030871566551091,0.3382218660208559
North Carolina,1996,0.05406280224491894,-0.9319210224825479,-0.6503188654599561,-0.5887902187772553,-0.06467690977483383
North Carolina,1997,0.09446984571152929,-0.9865315807923635,-0.4808767127379514,-0.5518188433253359,0.42235382365935975
North Carolina,1998,0.08021801791032143,-0.8611114880109718,-0.4127386165529064,-0.5884225312632719,0.17838386845074994
North Carolina,1999,0.04172262541448961,-0.9023124705769856,-0.29415086540885116,-0.46385866533774267,0.40982051804262354
North Carolina,2000,-0.00745968856343579,-0.8900908775422808,-0.45011602153725444,-0.45664931173862416,0.5371352189200268
North Carolina,2001,0.01740140908555883,-1.011451177118445,-0.3551478360279972,-0.5000887776881192,-0.06687246405850927
North Carolina,2002,0.010972272682769482,-0.9942328532416782,-0.4227530622663156,-0.5492168317954109,0.5304069396098031
North Carolina,2003,0.01637923432732064,-0.9781866200379438,-0.43039728531421,-0.549503830041841,-0.3580320139673129
North Carolina,2004,0.08420515313120223,-0.9534684927960072,-0.4517387958151587,-0.695529699504383,0.5301741882639747
North Carolina,2005,0.10186708624279829,-0.9094310433785276,-0.4819561361607156,-0.6383766936584887,-0.3924677669074001
North Carolina,2006,0.1533996469747111,-0.7141261015352396,-0.5309124509166783,-0.839190051762754,0.5586915075089002
North Carolina,2007,0.15649920312045962,-0.7263006319274559,-0.4749411640870581,-0.7263418890875492,0.3437664881065212
North Carolina,2008,0.17239526326297877,-0.7484227572695292,-0.3714534182118028,-0.7360803241053646,0.7012008519910253
North Carolina,2009,0.22186167451821523,-0.7572306206008441,-0.37162622237001547,-0.7692997743737333,0.282262148223834
North Carolina,2010,0.2653767877279599,-0.6960347102721676,-0.36057421250279925,-0.5512865327862533,0.7735261254983938
North Carolina,2011,0.20132009673445472,-0.8785007553159689,-0.3654389373252762,-0.654366366023012,0.4117031839982857
North Carolina,2012,0.14897945500594836,-0.8794029698829514,-0.35345577773592857,-0.6508870886743807,0.35298780896437315
North Carolina,2013,0.09913171416809037,-0.8893821880421078,-0.4675317660645379,-0.6985424134538774,0.1508139045783067
North Carolina,2014,0.03340241774299811,-0.881366426522588,-0.4480829503718223,-0.6886607171799959,-0.19166508716636535
North Dakota,1946,-0.8349893279169501,0.09640457276203834,-0.10884187875657388,-0.22657315936734249,0.643543016301122
North Dakota,1947,-0.824367141483468,0.05615638602112507,0.11446820632888036,-0.4317558114835389,0.7181760316763202
North Dakota,1948,-0.8182816494809295,0.09290341186837346,-0.11110988982741957,-0.5651357343506808,-0.26341211209101034
North Dakota,1949,-0.8033671240063128,0.027111028649774577,-0.0993763821540245,-0.6083939376060558,-1.5803448859288811
North Dakota,1950,-0.7909208922482959,-0.06794826537863774,-0.008246441938320323,-0.5448536515481814,-1.0313672161926006
North Dakota,1951,-0.7815434626071902,-0.07334202414894356,-0.08395352741915528,-0.518618196774443,-0.43950895957897773
North Dakota,1952,-0.7684872794622531,-0.05522427577704096,0.024750615465719595,-0.5282153982978735,-0.18047982386479602
North Dakota,1953,-0.7457828417280417,-0.08163186013665913,-0.19684200126725096,-1.0687008028682825,-0.6812839761769597
North Dakota,1954,-0.724224840767027,-0.09429448454390496,0.015085016554654008,-0.33038149332330824,-0.416131530194118
North Dakota,1955,-0.6963045666031011,-0.12817310062187062,0.020024256549815093,0.3220304400219983,1.1551309039252584
North Dakota,1956,-0.6830642805574064,-0.15950546592183806,-0.029813583132036876,0.8001776183585686,-0.8587463829714169
North Dakota,1957,-0.6733218858234112,-0.13309684194569088,0.03439842705775599,0.7270829068226017,-1.0692776875864187
North Dakota,1958,-0.684481885684962,-0.14391479798909862,-0.004112568350675716,0.7383021679716042,-0.6463075877814562
North Dakota,1959,-0.6987382442589819,-0.26682754546560566,0.010596003772386273,0.08462589107723809,-0.885425118220358
North Dakota,1960,-0.7075702795141856,-0.2580206131737109,-0.22087549689209846,0.8367798678057591,-0.00467474295447588
North Dakota,1961,-0.7093971759667002,-0.5085283305416988,0.10642437048932867,0.6505987998849003,-0.23916721297377397
North Dakota,1962,-0.694553989736118,-0.5383923286745153,-0.21235467704404387,1.0724763993534867,-0.3040771674576363
North Dakota,1963,-0.6851511448730662,-0.6513543427543383,-0.06570759745159574,-0.29984957244639576,-0.6461987488527473
North Dakota,1964,-0.6925619038320076,-0.6152399798755265,-0.01065348212431193,1.178919883856066,0.2701304781062832
North Dakota,1965,-0.7126374179091094,-0.14523896126955899,0.2315216981305009,-0.4079712414550574,0.023500540362246247
North Dakota,1966,-0.7244282643629408,-0.1988385942705833,0.18562173065762103,0.7185571749125497,-0.31246505769057215
North Dakota,1967,-0.7369762798709564,-0.3461658924413832,-0.2671120238465649,-0.3125111502384719,-0.04154427567801839
North Dakota,1968,-0.7478740442208377,-0.3426223688827168,-0.2621788878147946,-0.1550394416169597,-0.46895420732167636
North Dakota,1969,-0.7696510817991196,-0.5635432830277786,-0.2589750003820562,-0.6380669062143502,-0.5937291102115775
North Dakota,1970,-0.7917618791807118,-0.5138445914382825,-0.03342480974980868,-0.7366151526476489,-0.9232910761894301
North Dakota,1971,-0.8236295997915044,-0.6298692227122613,-0.25395499818010725,-0.8229398808941037,-1.315085754833376
North Dakota,1972,-0.8502017550528501,-0.8268148771382696,-0.3405714812871041,-0.6745633341178231,-1.15376360070186
North Dakota,1973,-0.8861460940379393,-0.8459556004172807,-0.572972313957828,-0.9684625090506519,-1.1898328338782842
North Dakota,1974,-0.9161180735792398,-0.9625436866153203,-0.6136258875912193,-1.0227126427381248,-1.3795827631058757
North Dakota,1975,-0.9369249732156906,-0.29888803206056774,-0.5135571227024889,-1.1645013341713981,-1.070552280724047
North Dakota,1976,-0.9413586140670788,-0.3010274243847819,-0.5421382402078676,-1.3570359463124513,-0.9961194831899683
North Dakota,1977,-0.9597145053590269,-0.37600125574611026,-0.42215624604896596,-1.144591278369606,-0.9742163403631768
North Dakota,1978,-0.9834244643482725,-0.34566518868388973,-0.5922517454923432,-1.0743146391361755,-0.9063968177338738
North Dakota,1979,-0.9973551177280877,-0.3510320925871116,-0.604009760620083,-0.9681523322680091,-0.7200398060980892
North Dakota,1980,-1.0097780323656536,-0.2923071305775545,-0.5320188188055349,-0.9146252208617733,-0.7363534598173854
North Dakota,1981,-1.0221495960398277,-0.33112587956637307,-0.6230113196062582,-0.9201898382936096,-0.5376759675696171
North Dakota,1982,-1.0505347159117298,-0.30164706728387025,-0.7174523677758083,-0.8250846135206895,-0.5845050259870269
North Dakota,1983,-1.0758340494014333,-0.013880409728874454,-0.5170648366471013,-1.0604495266207934,-0.3320257738894575
North Dakota,1984,-1.0655194850274088,-0.033946474386124054,-0.47308384317884883,-0.8926306252063833,-0.5772134729075417
North Dakota,1985,-1.0666933830278091,-0.3245095404153609,-0.4274850100796659,-1.1464912894358446,-0.39356995384859883
North Dakota,1986,-1.0838301920229478,-0.3563073382559849,-0.5399773757270819,-1.0121309474738922,-0.6645308811074297
North Dakota,1987,-1.0842943396872784,-0.41358758904145737,-0.5500385185463511,-0.9314543735700906,-0.744287799972782
North Dakota,1988,-1.0804851987139712,-0.49406415847853524,-0.54020120681798,-1.0055575069752387,-0.9079514381700863
North Dakota,1989,-1.0792512938089576,0.03466249943172312,-0.45697907897573997,-0.9008282969054572,-0.8337862094349587
North Dakota,1990,-1.0565218708000215,-0.06832583390603233,-0.6858409242702093,-0.905410683315692,-1.0256986683169327
North Dakota,1991,-1.0475475101331706,-0.09472183061723188,-0.6560633833340661,-0.8578187831433653,-1.0585156185374414
North Dakota,1992,-1.063548704193766,-0.17215016065682787,-0.6998454124365214,-0.8376531011244451,-1.1340199252455838
North Dakota,1993,-1.0826913101222193,-0.20245766863113548,-0.8212466420583915,-0.7816060765324,-1.5217636699074257
North Dakota,1994,-1.0846512015266603,-0.22363613306121002,-0.7994775056107868,-0.6717939278849846,-1.4874492112336801
North Dakota,1995,-1.0908738860909724,-0.23264954128314252,-0.9039363096128101,-0.6506826618434903,-1.5961450147050646
North Dakota,1996,-1.0988823919824349,-0.20194710166954327,-0.8867308781772686,-0.6308706087613417,-1.5920633921035456
North Dakota,1997,-1.1083945868357081,-0.17749823345249588,-1.0782184415671965,-0.7515258098598278,-1.5541768187822795
North Dakota,1998,-1.1053443330786912,-0.1890527018527231,-1.3408095618891858,-0.8210475385379734,-1.4917163522535861
North Dakota,1999,-1.0743943669794112,-0.4339145846170041,-1.351834864624652,-0.8633352882297278,-1.6012072417511807
North Dakota,2000,-1.0240961328620877,-0.41817973452065266,-1.4680740883441792,-0.9101239565076025,-1.309237292069491
North Dakota,2001,-0.9888813322788705,-0.30007508230674174,-1.4885954977598101,-0.8942422848443976,-1.258396538292546
North Dakota,2002,-0.9518448604364851,-0.28464050496183174,-1.4309430768681373,-0.8312886054596794,-1.1237632898890655
North Dakota,2003,-0.9366887393718193,-0.37393086510793333,-1.31094555444382,-0.8019335134960478,-1.1288446423481397
North Dakota,2004,-0.9188272457228152,-0.3120045645708593,-1.3966626937628177,-0.8182341762788928,-1.1419636463734684
North Dakota,2005,-0.9176539246341916,-0.24159785903595998,-1.4218474503913519,-0.8456885504256751,-1.0877410845769666
North Dakota,2006,-0.9346184653058942,-0.24640757773752225,-1.3758711236112617,-0.8988528982430191,-1.2607850845137536
North Dakota,2007,-0.9738661351003441,-0.27000815889941954,-1.45569439569746,-0.8592130505298796,-0.9754062518414011
North Dakota,2008,-1.0349167851152854,-0.27867883330497273,-1.4883201893722966,-0.8339059768731266,-1.3741845064889275
North Dakota,2009,-1.028995864690401,-0.29186005864678327,-1.3950523356597875,-0.7957378125714234,-1.268371011689609
North Dakota,2010,-1.0143839461675024,-0.29731071699968276,-1.4999348544059792,-0.8240262172189557,-1.0378706570653182
North Dakota,2011,-1.0191128827161315,-0.3475679543905455,-1.8201589932411564,-0.8691239902508401,-1.1105680839849197
North Dakota,2012,-1.0103460221120966,-0.33493393658011755,-1.7558184357056807,-0.8826762338894384,-1.1236868881961557
North Dakota,2013,-1.035677903592423,-0.22511710116950695,-1.4574520791135355,-0.849704990683092,-1.1074500290455846
North Dakota,2014,-1.0426286539175211,-0.2254845578451121,-1.703442868495631,-0.8512615844309587,-0.7714252925788762
Ohio,1946,-0.616827199638591,-0.5560402636227663,0.7831323632540174,-0.1623497092591297,-0.16976324878046806
Ohio,1947,-0.608850930421725,-0.6323820990222137,0.69373707769021,-0.1258107941492487,-0.611019301289194
Ohio,1948,-0.6026930467525173,-0.632774767756958,0.7115919539158103,-0.1691874578011507,-0.20079751564534426
Ohio,1949,-0.5607754180267449,-0.6517353657717642,0.4497942744153409,-0.23431244834669254,0.13799945762175994
Ohio,1950,-0.5175977473982895,-0.7548725379221777,0.4576941181220715,-0.0117244691501692,0.1987911585735848
Ohio,1951,-0.4696639367915466,-0.7188157948815144,0.47578567529113613,0.2699601489168352,-0.23338812590038976
Ohio,1952,-0.42445617222334453,-0.7727491542577463,0.2805824931050647,-0.33651388165209134,-1.1570240825003812
Ohio,1953,-0.41817119236238737,-0.7536931056709354,0.26725165508814497,0.21875587588992665,0.4713693928890945
Ohio,1954,-0.44504534278160107,-0.8214438334716734,0.4161965818403211,-0.23649066936091695,0.1614809806914744
Ohio,1955,-0.4556413684247757,-0.7820568497932004,0.33511264292587484,0.8069350503079805,-0.1992016734407381
Ohio,1956,-0.4343359322203536,-0.7514576561880163,0.20260741578628277,0.5198100705051136,0.8991620279377922
Ohio,1957,-0.41885089141264453,-0.8327553139754357,0.1516324085664739,0.50548516513805,0.9853505892896295
Ohio,1958,-0.3881578378139205,-0.8061397234158385,0.19114448874329662,-0.08842920011210009,-1.0650167745335084
Ohio,1959,-0.3353287073062438,0.04948761723475341,0.24991250303015478,0.20665870657198815,1.222824757382317
Ohio,1960,-0.3206284515245686,0.03749350228606536,0.3824271784585759,-0.010384608916726702,0.5843033619315768
Ohio,1961,-0.30540785223969225,0.09660301305243622,0.5774534809392189,0.1081065808094375,-0.008214272064285988
Ohio,1962,-0.3022288367640728,0.03232615339527859,0.5737787244574147,0.2920727076993658,0.6954595166663805
Ohio,1963,-0.29854384860631583,-0.03509732088832325,0.4898781239264136,0.3454486124958064,1.138156353950826
Ohio,1964,-0.30515686170953965,-0.013578103768544715,0.35685889332783105,0.1310670555444821,0.10217923996194907
Ohio,1965,-0.28361690954073804,-0.26585733909876447,0.3086078071196044,0.6327870779881304,1.0206252036488301
Ohio,1966,-0.3273680484600816,-0.3483309369050375,0.28794174934795735,0.06028194050824937,1.3474089659229203
Ohio,1967,-0.33225015195740515,-0.5419183108692032,0.4333495400209467,0.06028199034522134,0.6989645919789913
Ohio,1968,-0.30828774443913115,-0.5032667267273864,0.22349675292707918,0.6059447335680691,0.8781895674567599
Ohio,1969,-0.254662966023317,-0.7683630593526513,0.1743925254208079,-0.9321138303890377,0.6089557273573262
Ohio,1970,-0.22872681747197454,-0.7619710122780299,0.013991091880986543,-0.4250601948178224,0.8043006741362532
Ohio,1971,-0.22738203567217546,-0.8765198015177064,0.20360526559304135,0.2989477992102139,0.7343795676432525
Ohio,1972,-0.22691035938888846,-0.7355240792374191,0.06639835252044039,0.05767004725393589,0.6897551620084179
Ohio,1973,-0.23976259260626695,-1.2172635902241045,0.09129730941713199,-0.11745958741173594,0.2617776081820522
Ohio,1974,-0.24457413948693715,0.18882170512456525,0.09570643706762627,-0.15035900534729066,0.6682360444048868
Ohio,1975,-0.22719576005040698,0.20244292132333097,0.1323837244700772,-0.08338135784253037,0.0312723207757482
Ohio,1976,-0.15763739186892922,0.1305777970336301,0.07974250543802852,-0.3039395460071429,0.41595530660861363
Ohio,1977,-0.09287863549712876,0.09478184739335922,-0.12631181772588485,-0.13505627845139057,0.18597310065945863
Ohio,1978,-0.1058416329115138,0.07575697749917927,-0.07274293148625606,-0.2631594656618471,0.5524087388075948
Ohio,1979,-0.16306711956712014,0.05790571876850303,-0.014199644654441974,-0.03405883738202418,0.29111157289297557
Ohio,1980,-0.19180925836341867,0.07293504156216717,-0.05884033791004172,0.07298193549486694,0.8242901280495694
Ohio,1981,-0.2106981057895634,-0.023116000674010477,-0.06751553445716404,0.13468415903923361,0.576341196029758
Ohio,1982,-0.17967211843852757,0.008591792321939216,-0.04372549364960546,-0.14851112086037807,0.45618347397474196
Ohio,1983,-0.07297253131854003,-0.05989248125855642,-0.06112138386470882,-0.30778049662121915,0.7195033353170311
Ohio,1984,-0.04635013832079364,-0.07011179394164987,-0.03333932265596364,-0.13484941797735198,0.5715732860652848
Ohio,1985,-0.0602504112002053,-0.05605267351728669,0.35372395252174915,-0.22226421938337773,0.24596956876113116
Ohio,1986,-0.02712638963252908,-0.07878926188985341,0.3962618604700701,-0.2874545088537359,0.15945502883540227
Ohio,1987,0.013241556239825755,-0.10343746923154928,0.3645459014082225,0.09208987871382193,0.5228263235170055
Ohio,1988,0.025117843300140743,-0.14750894560554625,0.4499290759666926,-0.43414492857532117,0.13643855060246723
Ohio,1989,-0.002943201950456933,-0.20047600754356842,0.41471074677568665,-0.38018755164527135,0.8087775527391599
Ohio,1990,0.01826508352227921,-0.4115061892988962,0.3176210925996224,-0.35560894660287945,0.5572262967972763
Ohio,1991,-0.005903889354778668,-0.42906711680258974,0.3221558146492173,-0.4068857979837616,0.7493219290305341
Ohio,1992,-0.0066384373897953744,-0.4155618636650246,0.2529921992605997,-0.28722029569917523,1.074492767299668
Ohio,1993,0.0351284136390595,-0.4895958867873115,0.3342197456311437,-0.30305044677865056,0.15846078860400115
Ohio,1994,-0.047336088513220076,-0.5528280637020997,0.2901946078907963,-0.3865268377943623,0.7704752722228034
Ohio,1995,-0.09845619135367038,-0.528151304862723,0.2586985775435769,-0.33550905836402345,0.04674708504369171
Ohio,1996,-0.03529312396360907,-0.5373872677553273,0.23642184063419433,-0.4969138635915899,0.3049184864175088
Ohio,1997,-0.027889591330537325,-0.4951276706657656,0.010314162141842298,-0.3523369177782984,0.05761150085455739
Ohio,1998,-0.04681861026805799,-0.49409795255775507,-0.16449482973919913,-0.38025518712926576,0.0049230108338792645
Ohio,1999,-0.06692529966822566,-0.4968114471967539,0.03772141899681952,-0.33496061176773767,0.14087027999818486
Ohio,2000,-0.18412179124640002,-0.4623110556157205,0.2413886296438687,-0.3128450258153641,-0.3755417923165402
Ohio,2001,-0.17863851108291948,-0.5425457454144944,0.17442888860129563,-0.31502936577502844,0.0885235182092245
Ohio,2002,-0.15635851466766854,-0.6499962922311866,0.22265741684808418,-0.29649803689102355,-0.23453178803197403
Ohio,2003,-0.04698302463393777,-0.727374295506359,0.2937974681469327,-0.2343892699611065,-0.0008965289735988548
Ohio,2004,0.04575363152149762,-0.7770950595628076,0.28397816056469566,-0.26820016007414654,0.21095489831903436
Ohio,2005,0.13503713817696564,-0.7809284498881927,0.3313687036666705,-0.3728449286763677,0.3332007162630377
Ohio,2006,0.16411373301426685,-0.7136640595132658,0.35769825863256394,-0.2292505722194334,0.14440224595542803
Ohio,2007,0.22025773417208355,-0.5436881747290709,0.23931249902292934,-0.2182408754471862,0.22146546892470503
Ohio,2008,0.31731638894513575,-0.5306429755469781,0.17386520169992878,-0.1301617710569362,0.13761221558587045
Ohio,2009,0.3754621181598829,-0.2555753463066067,0.16726537205293748,-0.14973811268188278,0.026917843456302853
Ohio,2010,0.30366369392491044,-0.25622336495939746,0.22735921503453801,-0.1978222472526971,-0.009547613514422196
Ohio,2011,0.25318175292386197,-0.2829758612697637,0.19117035932772442,-0.23195250817910132,0.4141210701553121
Ohio,2012,0.17939088973350087,-0.30117959915113734,0.1845102042499242,-0.13349373504630702,-0.1565348060038973
Ohio,2013,0.20474236936677304,-0.286678167782293,0.22662423369938456,-0.0973253129903844,-0.08455521737520984
Ohio,2014,0.2514136155118308,-0.30711892282484415,0.3269730580015853,-0.03157454297673645,-0.10262181225570521
Oklahoma,1946,0.5740232019095673,-0.4831400712300671,0.21010779924557854,-0.7016667278608787,-1.0759748907656521
Oklahoma,1947,0.5611460782573957,-0.5003962529282426,0.024359591034514055,-0.6019082542609496,-0.31930363167153003
Oklahoma,1948,0.5499651521198616,-0.4796379329940664,0.1760355191740415,-1.032451363914512,0.9800482973962173
Oklahoma,1949,0.529971704280413,-0.5486571181156549,0.07007621811509497,-1.5404230415239506,0.20443306016365853
Oklahoma,1950,0.5077893001745756,-0.6011589575480266,0.030767828434616454,-1.7340467086199025,-0.20577296896393363
Oklahoma,1951,0.5043706130526026,-0.5739434947801838,0.19793521487592464,-1.9880042950278247,-0.29147405248026015
Oklahoma,1952,0.49601085450008997,-0.12751550525382555,0.36865310140371926,-1.4991482990275886,-0.4956701520927278
Oklahoma,1953,0.5270037876618434,-0.2393815592519521,0.1611968955610244,-0.10633466094489562,-1.4945358340240278
Oklahoma,1954,0.5319614266781165,-0.1723171610650924,0.2490477847348369,-0.9737213912845922,-0.37326638668722834
Oklahoma,1955,0.5480489919988837,-0.2925640676988346,0.35193664443692996,-1.1241967539807403,-0.8250539240210012
Oklahoma,1956,0.5243433574645493,-0.335075052942329,0.4122763073572076,-0.26255520496124657,-0.2604708350934994
Oklahoma,1957,0.5081660982825723,-0.26276558601079564,0.7365501317026731,-1.162178374395973,0.48461798884447016
Oklahoma,1958,0.5184641252116325,-0.24729170749277427,0.6489552820022564,-1.0758695775552112,0.23386636293882504
Oklahoma,1959,0.5127330037783782,-0.34273898026208244,0.7168734244131663,-0.7954634979679025,0.362057458970244
Oklahoma,1960,0.5280312807782486,-0.3755715165439678,0.6510144703733197,-0.8869370681932077,0.3057193420778694
Oklahoma,1961,0.5114740978817166,-0.3699363646149152,0.6267543156423007,-1.108265731839531,-1.101646497372785
Oklahoma,1962,0.5135890412655701,-0.41288149826356646,1.0231358701375783,-0.7987816132050998,-0.5859424480005943
Oklahoma,1963,0.5203415223686637,-0.5240626195421532,1.0435438447344503,-0.7797654946368102,-1.054885100211676
Oklahoma,1964,0.5202891773868064,-0.47059855126486216,1.3501015821434752,-0.5167894161617002,-1.6652675774928474
Oklahoma,1965,0.5952171905882904,0.07856666345886844,0.9941593708206886,-0.5971653815506343,-0.7477994534485131
Oklahoma,1966,0.6364661861463446,-0.021815186522896005,0.8717179099059649,-0.04551370709257653,-1.312649081364024
Oklahoma,1967,0.666310285522146,-0.09916302019558562,0.9669641633885224,-0.6370211901697629,-1.5618008258503562
Oklahoma,1968,0.6659373022930886,0.5075761839143549,0.634144692642364,-1.2696428870946346,-1.5320048103685506
Oklahoma,1969,0.6971105254698821,0.29902079602887743,0.28489958345412664,-0.5263586194044011,-1.02533609497769
Oklahoma,1970,0.694922866557233,0.27699441295585037,0.2807709148300089,-0.5697488785694047,-0.33890740424420307
Oklahoma,1971,0.6691625296188681,0.09447306134735756,0.015363689515702331,-0.5408802492687244,0.6387244841165889
Oklahoma,1972,0.6469656621139926,-0.21242255514614444,0.03037299259872991,-0.1547965650580783,-0.2185868067073789
Oklahoma,1973,0.6343838957398432,-0.43799824364347373,-0.14669761136962267,-0.41324981469636074,0.2847571881061197
Oklahoma,1974,0.621212198316222,-0.4934204008082237,-0.03552518074105847,-0.5054400557735136,-0.029085838958394106
Oklahoma,1975,0.6107527853609077,-0.611977669249262,-0.07925512829039592,-0.34599575339968985,-0.035090411263604744
Oklahoma,1976,0.5884765322661789,-0.5865210612933159,-0.250290941055857,-0.742310839625933,-0.31580057113485793
Oklahoma,1977,0.551242140099084,-0.5946314271559403,-0.44280091238006253,-0.7209486935967564,0.1344856899894766
Oklahoma,1978,0.5421636330202404,-0.6609245082062962,-0.4056821169037597,-0.9327119816140914,-0.6933040428451669
Oklahoma,1979,0.5607986487444548,-0.6568961400405735,-0.4168111186797786,-1.0731580070286135,-0.26909075007592653
Oklahoma,1980,0.6396971743734335,-0.6293411452280384,-0.4461145400854572,-0.9673170276897689,-0.8655398847550461
Oklahoma,1981,0.7284077020506763,-0.7164084365918794,-0.28944450149635653,-1.0657858057022247,-0.6460544576710439
Oklahoma,1982,0.7304377058265552,-0.6887319715372068,-0.25581841217266144,-1.275990393564504,-0.8807780229452962
Oklahoma,1983,0.7305652605227809,-0.7470115776437624,-0.3937832394721943,-1.3512239811447309,-0.5490219267468113
Oklahoma,1984,0.7815110123673753,-0.7691330204951596,-0.5111036715159557,-1.67786008756512,-0.9689833859248218
Oklahoma,1985,0.8044877125930515,-0.749306623266388,-0.15253229032547544,-1.6404164477934688,-0.8601242377893366
Oklahoma,1986,0.770113068835562,-0.8012704182570246,-0.22450967897323865,-1.7431362669150545,-1.1394399145571312
Oklahoma,1987,0.751068519043976,-0.7968600250895761,-0.18249433565100812,-1.3577815641195057,-0.913514098122043
Oklahoma,1988,0.7445481165599662,-0.7784397461436815,-0.22045980359978218,-1.4801322379702757,-1.1387536232221267
Oklahoma,1989,0.7368816344907707,-0.8444220871956057,-0.2606112638444741,-1.6281218110481999,-1.1422278878795333
Oklahoma,1990,0.7161983394511836,-0.839278452558635,-0.31054217713836835,-1.3936699540707242,-1.4495716228692488
Oklahoma,1991,0.6927242050830839,-0.8921773040666989,-0.13501717761157853,-1.518211385079181,-1.3604218105427992
Oklahoma,1992,0.6554789507115927,-0.8912629915581645,-0.14981279310608672,-1.1678507419686799,-0.9812465796456293
Oklahoma,1993,0.6474249499016724,-0.8902168483562857,-0.18177491031627238,-1.3897852171174976,-1.3708195084229382
Oklahoma,1994,0.5629485148080628,-0.8809824650800249,-0.185067965757289,-1.5182900117577354,-1.1698921039226469
Oklahoma,1995,0.45717966827846657,-0.9558403427401886,-0.4387108313868016,-1.6559944762729335,-1.126285993350726
Oklahoma,1996,0.39378808833701634,-0.8706868556703669,-0.3997265529526068,-1.7426348571851364,-1.2204914677906116
Oklahoma,1997,0.3159508232515586,-0.8217593418156645,-0.4753483238229056,-1.740721823733734,-1.2962723842443966
Oklahoma,1998,0.2380805956944676,-1.061106748005947,-0.4315007111118757,-1.7063285683251639,-1.1308871214336327
Oklahoma,1999,0.1492232606228193,-1.058897090851579,-0.46313258777928124,-1.7209741540264452,-1.0066622079938472
Oklahoma,2000,0.0701398194633241,-1.0583020825501623,-0.5259413562128166,-1.593957013197431,-0.6421187140682045
Oklahoma,2001,0.0019108819459072947,-0.9041062742138664,-0.9335519843280529,-1.652509292430574,-0.7962376750982532
Oklahoma,2002,-0.0386090740664231,-0.938880975996429,-0.7091993288612137,-1.5763512452758766,-0.826874560145278
Oklahoma,2003,-0.11384129316121991,-0.9112743344651253,-0.7904956257727114,-1.6135685675785016,-0.7942939254908802
Oklahoma,2004,-0.12895111809073626,-0.9148638052971116,-0.8495597679818818,-1.5428210775354096,-1.020653150379698
Oklahoma,2005,-0.12187728357948788,-1.0093334079683252,-0.683635330789494,-1.5691784680586114,-0.8533871444814125
Oklahoma,2006,-0.16476734027656914,-1.0074006170115675,-0.8155675620015552,-1.4207274707736846,-1.3438506735078428
Oklahoma,2007,-0.31934299255365955,-1.0223824378081283,-0.9159153949109372,-1.3767316777880036,-1.2707425677110977
Oklahoma,2008,-0.5020477292803314,-1.0314851026697536,-0.841746261670952,-1.1744765664222965,-1.4214542231811547
Oklahoma,2009,-0.6206796583439055,-0.9997862117872934,-0.7773413196977642,-1.1017561165765566,-1.092298024923713
Oklahoma,2010,-0.7199005869901265,-1.0920978933296512,-0.9205761420949062,-1.1278479688769407,-1.2659805663829848
Oklahoma,2011,-0.7512038890752514,-1.1049391453499473,-0.9353016548658909,-1.0463722493720193,-0.9186231742606084
Oklahoma,2012,-0.7800411147309873,-1.049409424119329,-0.9319700905231049,-1.067104175479501,-0.9045895645301282
Oklahoma,2013,-0.7993059334913227,-1.0772670161964855,-0.7519266496023547,-1.0080570478932342,-0.5466135102881183
Oklahoma,2014,-0.8233486309167405,-1.1082708631078801,-0.7088617031327624,-0.9679480580027949,-0.7288775713052837
Oregon,1946,-0.4788227287110437,0.3018355455052956,1.4112188107058228,0.1390209557046105,1.3318838640178228
Oregon,1947,-0.47341523886512227,0.26915344110116984,1.068352965350939,0.08608298911790735,0.9206046106344343
Oregon,1948,-0.4725105768441929,0.2762327144613078,1.126280043812984,0.06960688919079966,0.9548366299143126
Oregon,1949,-0.4713526079806342,0.21626618385235027,0.9378468094288067,-0.2591052479968524,0.4791017525553156
Oregon,1950,-0.4587218143414973,0.19288423555043877,1.2385022980701237,-0.16880351179986217,0.7108074810187087
Oregon,1951,-0.44265141634796684,0.17601919771508692,1.207062571425033,-0.22506952035782804,0.6892785024997651
Oregon,1952,-0.4265134092917621,0.1920623120005774,1.3310081410804324,-0.3154098486909558,0.7497284951917511
Oregon,1953,-0.4215820273124261,0.14893951298697275,1.3507328118198936,0.8381936213090403,0.5447784396839171
Oregon,1954,-0.41936957226335764,0.15980010715663592,1.2144690595869916,0.1807150831409323,0.7594224973149535
Oregon,1955,-0.40512957821931533,0.7874115185167848,1.0051667719106543,0.4415910912506721,0.454345756192165
Oregon,1956,-0.38174992884329784,0.7561867667981096,1.3763503281145297,-0.11631110883616902,0.03968111794151699
Oregon,1957,-0.3950574891269718,0.7235162093091286,1.0672554641809855,0.013316896610518419,0.9005279576095073
Oregon,1958,-0.3864648852305392,0.7376105402090303,0.907440335395912,-0.3032018478282755,-1.474722106710281
Oregon,1959,-0.3817963933500468,0.5931292961286069,1.140803377840745,0.2192397169451149,-0.8817155489179461
Oregon,1960,-0.3858995282796724,0.6304931525039846,1.3855077121951254,0.31985862779816504,-0.4794873094404112
Oregon,1961,-0.3974875065217816,0.6153149242878043,0.9489511453469167,0.7097395984676588,0.5483043473773931
Oregon,1962,-0.3975873272020502,0.5106085992882062,1.1475132348583563,0.6338163271356071,0.9030775844640082
Oregon,1963,-0.39945292973423324,0.5145731724692133,0.6462839723141526,-0.9943581263048027,0.5343841379076106
Oregon,1964,-0.410125799308844,0.6025661004590781,0.6822550674573521,0.7354297553879167,0.13989317406842813
Oregon,1965,-0.41101013397006325,0.23650018729227626,0.6137864620395796,-1.8296315810901702,1.0738900461723675
Oregon,1966,-0.43229600546573577,0.11297056972076668,0.6504731820012052,-1.2313696656553563,0.43256373973590845
Oregon,1967,-0.4515552990768797,0.041318127870235415,0.7872111800920936,-1.3485221529375488,0.6595604508509404
Oregon,1968,-0.45526052353244584,-0.032881159617191506,0.39107454914133033,-0.08498096236043846,0.7641200396487754
Oregon,1969,-0.4314414023766925,0.4087805233252411,0.6852567144516278,0.18348344229466929,0.14820420997162823
Oregon,1970,-0.42133433364894385,0.4432010424878853,0.7506199851543798,0.3638763663216994,0.13901431685918145
Oregon,1971,-0.4199102979704124,0.3110822472498695,0.775767802834412,0.3671181165566971,-0.15322510059861216
Oregon,1972,-0.4219812666852445,0.303520286412418,1.0072643210782728,0.8659488691768835,-0.2088172828252115
Oregon,1973,-0.43364673895716427,0.5877997386431909,1.3858886845830278,0.7846996600396227,0.2671114054349404
Oregon,1974,-0.4462039181289119,0.5009671202768127,1.1553806332354404,0.8060143136899891,-0.004969810828621652
Oregon,1975,-0.43295973260941145,0.4165099258637481,1.0892597165319677,0.7302159454450601,0.004753501645405267
Oregon,1976,-0.4200665886459627,0.3771254106578725,1.0704131093192275,1.1261942707754782,-0.05013094759354142
Oregon,1977,-0.42582019093125706,0.31474066097636993,1.07307197026852,0.9412817849267221,-0.299755434440523
Oregon,1978,-0.42834231376029563,0.3591986535920766,1.2245932009601583,0.7953681819393194,0.10561568443007305
Oregon,1979,-0.4393370817600937,0.3723440062206287,1.1682776789290534,0.9828864644979765,0.019519441779467777
Oregon,1980,-0.4177201188649314,0.3535300818085574,1.1801929362273507,0.9769130984559906,-0.20252450711238953
Oregon,1981,-0.38416597982621875,0.2417359791268199,1.1798371177910383,0.8599204073492877,-0.11206586092938131
Oregon,1982,-0.3527629042952219,0.25882159580952396,1.1359614593362386,0.9778483285671564,-0.01187432226521678
Oregon,1983,-0.3258092455326676,0.5163561702394286,1.1876919007746316,1.347164224840406,0.2629459713632529
Oregon,1984,-0.2725427171330968,0.6650472243526262,1.0499995237630184,1.1846665866875494,-0.34426841477541187
Oregon,1985,-0.20351875565516894,0.6051711021554669,0.9821649957965142,1.3070624320807436,0.15585296695232903
Oregon,1986,-0.20354793277147784,0.5550422184520987,1.2483052548122957,1.3460077775447696,-0.39810843249711975
Oregon,1987,-0.19743865347200457,0.5445501490537504,1.268924816345353,1.2935913745089684,-0.08434962573975693
Oregon,1988,-0.150866542620126,0.5852395412173376,1.1445573726817044,1.264595514989207,-0.7460058450697533
Oregon,1989,-0.1739358095252591,0.832592186624771,1.0079922338385232,1.1381815831840543,-0.21539810772334272
Oregon,1990,-0.24453139716961084,0.9657240100924556,0.9700126089328452,1.2901275776256975,-0.5141799383308485
Oregon,1991,-0.285315747811542,0.9139821701630169,1.2174270181030378,1.041921175500494,-0.2686143557160352
Oregon,1992,-0.29974842478959846,0.837690598097401,1.1870140469780897,0.9044707016669375,-0.7583248054298846
Oregon,1993,-0.2725235315709071,0.7972656670489647,1.148349891468817,0.7965464737222422,-0.559120435722672
Oregon,1994,-0.23703902376275351,0.743071117608339,1.2325964600393609,0.8909735299408269,-0.3726628811037864
Oregon,1995,-0.18904350615389257,0.7811939741183955,1.1411287792411549,0.8118548214064443,-0.6391247965330891
Oregon,1996,-0.19858979244868827,0.6044517029000268,0.8912801459778007,0.8668986248619601,-0.6273114116268659
Oregon,1997,-0.19082381200051682,0.6137798789124544,1.1660438952739234,0.5985410780630632,-0.6114953882860796
Oregon,1998,-0.1750247378986425,0.5546037606571098,1.0075351643149115,0.7013510571091617,-0.3679474218659692
Oregon,1999,-0.18638280792961034,0.6688947030403338,1.0904235445869894,0.3961720296204083,-0.5413105997040624
Oregon,2000,-0.14541006382150376,0.6427772148952865,1.1667360653791365,0.2663689516918639,0.16740029679850066
Oregon,2001,-0.16664356827509608,0.6092055599672624,1.09875907085199,0.4798536546190406,-0.10655751197049079
Oregon,2002,-0.14377664085616546,0.556731546887678,0.9906826688599997,0.4940016553208698,-0.07130579581782652
Oregon,2003,-0.12250169262520769,0.49656586896961,1.0001411733288132,0.6077291046521351,-0.07961132518487006
Oregon,2004,-0.10187359516644491,0.4414358155665711,0.9822208325328285,0.6751116093302757,-0.06918514814578121
Oregon,2005,-0.042323329851365776,0.38983705609117447,0.8332617206460061,0.8007682859354,0.17476123122679202
Oregon,2006,0.0177321697222635,0.3756622140808231,0.9131354461783945,0.669312877202833,0.1795512213425808
Oregon,2007,-0.07812411114275804,0.6559493561986843,0.8587873956660197,0.8728582881621066,-0.22110016546273212
Oregon,2008,-0.02184632973826374,0.8300668631496436,0.6892868927977064,0.806389133434813,-0.05753614771339959
Oregon,2009,0.06558104618693045,0.8687814738007837,1.0763773584356024,0.9287394839161253,0.24885643580484823
Oregon,2010,0.04251685589167142,0.8742182955939347,1.091713721947651,0.8248054285573019,0.5991043419962416
Oregon,2011,0.008269361471563857,0.8333632741855116,1.0740661319554976,0.8244189846396829,0.34557820411484785
Oregon,2012,-0.024867655113044253,0.8069837161563574,1.0806978687899045,0.8004103285306953,0.43300800413567087
Oregon,2013,-0.06717486319209001,0.7707533982441369,0.9342528933317903,0.8252609895030858,0.717772289825877
Oregon,2014,-0.014959983184868412,0.7343949354242149,0.9473630106163677,0.8023878323401588,0.6785609483684084
Pennsylvania,1946,-0.7191411639937271,1.0568869961969818,0.8552116168609716,0.5279764021599407,0.9872140384906921
Pennsylvania,1947,-0.7180721251247785,1.5226252678622245,0.6690554646553876,0.5667882756204036,-0.6082091681143604
Pennsylvania,1948,-0.712946849039415,1.52351464012444,0.8299868265065701,0.7400326039463311,1.285707454531281
Pennsylvania,1949,-0.7024847451724311,1.423487599569287,0.973445751055437,0.8784396744699914,1.6991734080411343
Pennsylvania,1950,-0.7111127262835335,1.4067470012453658,0.817562751362936,0.9281282300705915,0.7460830719344931
Pennsylvania,1951,-0.7096725492713631,1.4206232635942073,0.7474759551228224,0.4758919326847598,0.46991066944910315
Pennsylvania,1952,-0.704989492555444,1.3663152928333364,0.6161024272083553,0.4783675924853403,0.785207478375355
Pennsylvania,1953,-0.6626258727708165,1.3787182385103431,0.5044151300381637,-0.015929743227577786,0.767772172865522
Pennsylvania,1954,-0.6476473580880591,1.3052387045671774,0.7278196185828473,0.06244165081495884,0.7825706393386068
Pennsylvania,1955,-0.6534213879607997,1.29373254761436,0.8852001608981696,0.9872055711330139,0.805056639875248
Pennsylvania,1956,-0.6782192809585078,1.3039969186886842,0.849683890889494,0.4853207087795234,0.04244605291703451
Pennsylvania,1957,-0.6798373140835537,1.2743117927003162,0.6133373111984793,0.3693737399569266,-0.45264445040738976
Pennsylvania,1958,-0.6695982332474308,1.317446788636445,0.5682503783830969,0.49229585485403043,0.681150705621118
Pennsylvania,1959,-0.6407182724470896,1.1387826765738038,0.8311373217792376,0.5401146162592027,-0.0887339562513352
Pennsylvania,1960,-0.6332723456709758,1.1229699620724847,0.7524998457373654,0.04142713685649996,1.436592434199586
Pennsylvania,1961,-0.62704377368316,1.138808701872278,0.8027314801764438,0.3839395547622705,0.5683848947587432
Pennsylvania,1962,-0.642365718906769,1.0859420930841355,0.8215324726842229,-0.40481158426726493,2.05328943429647
Pennsylvania,1963,-0.659323562098707,1.0767012365348418,0.7037916386372541,1.3786093058727544,1.3231791100568737
Pennsylvania,1964,-0.6541032248502662,1.0506498147040997,0.8403545748315409,-0.5871713345478379,1.4111078019681453
Pennsylvania,1965,-0.6383301630982411,0.7360849162881775,0.8697296035449984,1.2546747634007787,1.4634326980286423
Pennsylvania,1966,-0.6691012419691341,0.6028718786437846,1.3011844815577487,0.4561526005593456,0.9043158022680106
Pennsylvania,1967,-0.6953757972753976,0.5660337442761525,1.138650001428891,0.8039681924550555,1.5154054536702566
Pennsylvania,1968,-0.692893599256737,0.4133999182346367,0.8987851182616361,-1.1023071299306852,1.1977420586372982
Pennsylvania,1969,-0.696854720250206,0.8438740422431205,1.1142018389957427,-0.45358417144628466,0.3556196125144258
Pennsylvania,1970,-0.686236537621183,0.7302942086217992,1.204505831756063,0.06651224713723422,1.1805976998617072
Pennsylvania,1971,-0.6975776336452065,0.7280488678967111,1.5148337273228594,-0.026880775193209323,0.07020799867777884
Pennsylvania,1972,-0.6666921402920689,0.8161419426964824,1.5234892997146348,0.3866512353446015,1.159731942309536
Pennsylvania,1973,-0.6260638780603615,0.628250765627005,1.206002117611019,0.12922117238890254,0.7406585426364357
Pennsylvania,1974,-0.6176375609769585,0.7711461088585306,1.3666856929683087,0.256031442738405,1.1984868119063883
Pennsylvania,1975,-0.5771921498822118,0.6575165892800582,1.210902653658576,0.5403201958121208,1.0075850618076867
Pennsylvania,1976,-0.5442882989212711,0.5927955507188376,1.2496327388920685,0.3393632025280133,0.9947479835366545
Pennsylvania,1977,-0.4861833920801838,0.5714138519728125,0.9252151695579177,0.48263385942045295,1.5756809681141135
Pennsylvania,1978,-0.4675470930321977,0.5596424444356304,0.898164276615642,0.4628675558647328,1.2622487503325368
Pennsylvania,1979,-0.46721778200988595,0.5292995207941852,0.8069594992354087,0.31565552016354326,1.0037833761841106
Pennsylvania,1980,-0.47181135204483027,0.7547733569458803,0.7810425018320908,0.24281862311270364,0.9294291802709929
Pennsylvania,1981,-0.3928599294618386,0.6383773096885419,0.7354676428274143,0.28888661597346577,0.6813878605610483
Pennsylvania,1982,-0.32481344713590427,0.6321421282425647,0.8176894785804831,0.2579954941804876,0.43412360705048997
Pennsylvania,1983,-0.25821137579918274,0.5937787271373217,0.6906451953762364,-0.12844043749932185,0.6578329258131811
Pennsylvania,1984,-0.2265810196117442,0.5142915076140627,0.9369038215022866,-0.26299484544622065,0.8103016496172548
Pennsylvania,1985,-0.21966527566644467,0.5271951711049214,0.977545376397691,-0.1005715662962265,0.9716351425130587
Pennsylvania,1986,-0.21238914602947953,0.49453030245447044,0.8930341011623482,-0.5744036005631021,0.6060155546953391
Pennsylvania,1987,-0.14370743951725415,0.5023033682046956,0.8131731219594411,-0.10002311981833202,0.7805554312220749
Pennsylvania,1988,-0.12892311179330057,0.40830802317364734,0.7441407004032571,-0.5768119373809623,0.9329073308236401
Pennsylvania,1989,-0.09334934353689622,0.2721547789699634,0.869546771084015,-0.3580512498646196,1.0602972368981975
Pennsylvania,1990,-0.04549745818474819,0.16149229019662054,0.6419010521817831,-0.4272808413828825,1.2858143293595246
Pennsylvania,1991,-0.07471884293971925,0.14720002103148808,0.6677449444405995,-0.39866760541585095,1.0996641328452095
Pennsylvania,1992,-0.10409585334907556,-0.04716764293001957,0.6951584034036384,-0.3226223454988116,0.7215374285175676
Pennsylvania,1993,-0.12967042627546124,-0.11812551417135275,0.8664201850233745,-0.2438675166213417,0.9638817546919992
Pennsylvania,1994,-0.20442905612633072,-0.09393676356462384,0.7245611168735258,-0.3257481706980576,0.553838624069878
Pennsylvania,1995,-0.16150111308749154,0.20475613053363056,0.7755784324657004,-0.21345873299825469,0.7957980808701971
Pennsylvania,1996,-0.1653533901428133,0.22513420787704644,0.7355847129252805,-0.21615412155821528,0.3177854086569625
Pennsylvania,1997,-0.143913272978658,0.23271185206243364,0.9407445438361045,-0.20528073034745667,0.9828423103531347
Pennsylvania,1998,-0.12353149528117129,0.11015000575613279,0.8435663959412345,-0.15719088737834475,0.392332311263888
Pennsylvania,1999,-0.16624543129194636,0.09634972465676121,0.8097347213387951,0.0200421323495081,1.101547263227447
Pennsylvania,2000,-0.1351769396413749,0.08792058877822514,0.7003477146433009,0.02599199703763001,0.7865140070050092
Pennsylvania,2001,-0.11523407451734695,0.04068870432916811,0.6850120458368327,0.00375200293934617,0.7452386592513537
Pennsylvania,2002,-0.1339111928807416,0.012663302280616903,0.6002116783292885,0.04162969480469907,1.2678111601499524
Pennsylvania,2003,-0.1497162779171756,-0.029105188936175662,0.5254314185799259,-0.026824844180448955,0.6397712576707175
Pennsylvania,2004,-0.09455939592718149,-0.09754746194189878,0.5750007193782773,0.20541060927798876,1.0768353743442434
Pennsylvania,2005,-0.119358136079396,0.2069080675560601,0.44567227414635896,0.004255241074518093,0.996983458464502
Pennsylvania,2006,-0.05818248829108536,0.1601534323571698,0.5554451234821238,0.03803704365463132,0.5556743909064854
Pennsylvania,2007,0.09222356161367591,0.12456513702106799,1.0047499985437567,-0.004990201146614018,0.38269458391950967
Pennsylvania,2008,0.1675351579275011,0.14462138190406362,0.9260814766485798,0.1943790740348504,0.5933571949129659
Pennsylvania,2009,0.1212186269809307,0.12227817869025513,0.5658948338479124,0.0686311753644685,0.27165695275354934
Pennsylvania,2010,0.06811658173562184,0.12012707339928994,0.5505657928830725,0.1997244098214399,0.5196097157864417
Pennsylvania,2011,0.10792869936780705,0.07098131924431257,0.6343079135851094,0.08565451471703424,0.41369248230940436
Pennsylvania,2012,0.09563993095055065,0.0750528641695921,0.6400533546185451,0.03073338860283507,0.3834890607113385
Pennsylvania,2013,0.15875206716375953,0.057775314839581544,0.5554785301666987,0.055981927870957855,0.19158328673094474
Pennsylvania,2014,0.20095129366696035,0.03844592739218668,0.625127249049621,0.01652551838223651,0.318893185538023
Rhode Island,1946,-0.012596535382783701,1.2534811422588914,0.8406712092930648,1.5229121421156895,1.9424361380208675
Rhode Island,1947,-0.012230588762512644,1.102963856077684,1.0189788035008343,1.3484768848608366,1.2600861587484835
Rhode Island,1948,-0.018705666745633013,1.1728635873998101,0.9483247090590617,1.932385684121363,1.9570105852101354
Rhode Island,1949,-0.03431244994418869,1.03564170525961,0.9906569629100804,1.5992055271486272,1.8080053037133343
Rhode Island,1950,-0.050336218006076315,0.9685005788766164,1.0119351455643621,1.451301213790189,1.2059175240780902
Rhode Island,1951,-0.05900786037339755,0.9798884247738241,1.1359650244050445,1.3244479973655037,0.4496447471001065
Rhode Island,1952,-0.07135774555501377,0.9973456024214127,1.1215921630644052,1.4455405150111547,0.8217601567945277
Rhode Island,1953,-0.08401492351904834,0.964882583168909,1.2437352278134053,0.8795535271465088,0.9151704198127514
Rhode Island,1954,-0.05715717451654482,0.904960081749075,0.6656779819350018,1.317801871407139,0.5300653362461929
Rhode Island,1955,-0.015356301436122665,0.8355802971729114,1.0821757895919626,2.004933162439177,-0.41614948515407213
Rhode Island,1956,-0.005236762475901042,0.8902906029496005,1.0890130582924098,1.905272298059956,-1.1986550196013848
Rhode Island,1957,0.039521940235102485,0.9182944847287098,1.0210775594892232,1.8519771619434016,-0.1375441575287351
Rhode Island,1958,0.1007319180443876,0.8828017684416072,0.9898333405212796,1.8319444704850996,-0.05503322023294236
Rhode Island,1959,0.18283498493159012,2.0101876855104033,0.9348190630591114,2.1686050684145504,-0.5290279998406326
Rhode Island,1960,0.24364929361971077,1.9936029759701528,0.8906340355429846,1.710505963266024,0.4926015781933374
Rhode Island,1961,0.3005959735323025,1.9828072164932637,0.9606944696537482,1.8341693805368702,1.4273583200724826
Rhode Island,1962,0.3399684414937514,1.980531630515159,0.8186237656104333,1.507237369725471,0.7814048162802653
Rhode Island,1963,0.3654258946591287,1.9975627368070454,0.8657022274851023,1.4981834363921886,0.4749956774963192
Rhode Island,1964,0.3908985279476353,1.9585382854629236,0.6492357663291298,1.2666609215103044,0.7011236422289113
Rhode Island,1965,0.44581064451090757,1.6249577624187581,0.9317693713074358,1.5482180028729848,1.0947212036503289
Rhode Island,1966,0.49825845625543624,1.4554238943269855,1.037263170098507,1.4910397561213853,0.3617573920197768
Rhode Island,1967,0.5694921670120148,1.3833937274225956,1.1890298301414342,1.1613233420802946,-0.10817469889088145
Rhode Island,1968,0.6100945919578443,1.2050221992671157,0.979710662183588,0.5092864019472794,0.08747209645262471
Rhode Island,1969,0.6809743995684872,1.14581904177361,0.9621465620317449,0.09593331534744458,0.19361508907427621
Rhode Island,1970,0.7044893890301626,1.0429601078650321,0.9829053860272332,0.5611485106712278,0.4206977669492332
Rhode Island,1971,0.733031070848369,1.2973713275492988,1.0116294405260309,0.4170627008785678,0.7265345581052005
Rhode Island,1972,0.7440083190063659,1.3193512225362425,0.8414133365783536,0.370581515270479,0.5804715732694732
Rhode Island,1973,0.7413728844073059,1.1690601420484272,1.2157948574855133,0.5041624654379223,1.2546116051679004
Rhode Island,1974,0.712328445409192,1.2414838039777152,1.4075422625913592,0.76110540762656,0.6606508935277239
Rhode Island,1975,0.744540909083478,1.2275901074061102,1.1385924078428173,0.8473649185293337,1.2534831205279207
Rhode Island,1976,0.8176086187447357,1.1735748138161193,1.097438692266654,0.7655477249799678,1.4082148097795035
Rhode Island,1977,0.8739666829337412,1.5213293950027957,1.0344907732428315,0.5964648222009356,0.9915792662678762
Rhode Island,1978,0.9412429562634376,1.4770324595495186,1.095817150562317,0.8211017410715743,1.3124500737544278
Rhode Island,1979,0.9841477757468226,1.4862698873777658,1.0554905717992387,0.9961322066559966,1.2034583125729175
Rhode Island,1980,1.0741670678565827,1.4578802329425973,1.1001390513727995,0.9180054545535387,1.4093007317686432
Rhode Island,1981,1.1491443442809004,1.3418988912551757,1.2975264697947644,1.2145378635015203,1.6514685053910592
Rhode Island,1982,1.2108966261971599,1.2566270741678498,1.3337709532112825,1.164901585441022,1.814688091074727
Rhode Island,1983,1.3197501751756526,1.0969067735626121,1.2454073873755562,1.2334434644251349,2.095786900579089
Rhode Island,1984,1.4272631127005975,1.1033888022929026,1.3254133652847693,1.4031760090795735,2.3576400984823183
Rhode Island,1985,1.5174925611930685,1.0730277533285608,1.2472801436431318,1.1625819621372848,2.294015500718431
Rhode Island,1986,1.578380352967124,1.1418385120806045,1.5472320256852445,1.3564746546547133,2.3267348191620685
Rhode Island,1987,1.6456642802270816,1.0980247262360434,1.5720566399081506,1.1536230913752947,2.310691637728735
Rhode Island,1988,1.7475992646753207,1.044853874000089,1.7536054962294438,1.2173625254952505,2.0821329164823545
Rhode Island,1989,1.8829794860835682,0.9614604025386393,1.7610478284202629,1.1920826146653218,2.3545690194999507
Rhode Island,1990,1.9376158257189662,1.3653905568002802,1.7669073841532332,1.1611717315056924,1.984227651400694
Rhode Island,1991,2.0122114764565597,1.298096823111416,1.7345912803981065,1.2821398767502779,2.113508293073453
Rhode Island,1992,2.0731709723340543,1.2336857180999687,1.6891313621708057,1.2786239324893358,1.5999433204083338
Rhode Island,1993,2.0752948930077912,1.1085158544082099,1.6832782039805656,1.2968304450563235,2.096366036289373
Rhode Island,1994,2.1408044534849062,0.8845908780424848,1.7454199933182284,1.3660736346542244,1.8665013769279146
Rhode Island,1995,2.2213824069157733,1.1993183121274404,1.7771323513753463,1.4066298600412421,1.9733840417864141
Rhode Island,1996,2.245430823505829,1.1979373700835134,1.9420344696428744,1.501622674616628,1.941299961270149
Rhode Island,1997,2.25124640595715,1.1540121949797106,1.8907062210538141,1.5056289729732335,1.81402196598396
Rhode Island,1998,2.284505589943178,1.146867799026352,1.909846132597881,1.5034715621397088,1.8818229322745792
Rhode Island,1999,2.3408391469316365,1.1056472010099812,1.8753461840428591,1.510854818241298,1.8392185775023455
Rhode Island,2000,2.4163522574972975,1.083786109044221,1.809209874329794,1.5478180258224004,1.7533891923184048
Rhode Island,2001,2.565753925097059,1.0857112225893657,1.8578156309919216,1.5175002816746137,1.863178130460726
Rhode Island,2002,2.6191065899260635,1.0954905477619719,1.7980982772217438,1.5519526012620295,1.682417363570117
Rhode Island,2003,2.60138451048558,1.0432811184176223,1.751029484649207,1.5189991509764096,1.9119802146001714
Rhode Island,2004,2.53402801407222,1.015177712820791,1.7293515376056259,1.556315799731599,1.617670153177242
Rhode Island,2005,2.591758083076529,1.034964195723146,1.817736402112362,1.515208842076213,1.7484357129084638
Rhode Island,2006,2.531678879217328,1.0471452758579614,1.5440388514385524,1.6291675127450085,1.6651451879046384
Rhode Island,2007,2.4406759641643276,1.0215866122717414,1.6119688523319795,1.6638583038921644,1.5747150149956906
Rhode Island,2008,2.307693275273579,1.005572839368467,1.6274598721471336,1.6790195634800191,1.404712559415888
Rhode Island,2009,2.2230101162967775,0.9797911358861753,1.6373543196551643,1.7296764444269601,1.5051737402265457
Rhode Island,2010,2.3080846097279872,0.9864721654303623,1.5914851419218519,1.722450249137863,1.3676795253152405
Rhode Island,2011,2.3003053165932936,0.9869735136761238,1.5831219272613113,1.7774824380673462,1.4002366658233518
Rhode Island,2012,2.285257599530661,1.019309784172561,1.5976663457225553,1.6965318725394023,1.3365990858505652
Rhode Island,2013,2.2265574329205484,1.0048629078718947,1.7083429305186937,1.7153871252081598,1.3218067939700395
Rhode Island,2014,2.154985714169467,0.9830727750625534,1.74840425598641,1.698276180576598,1.0503968714680134
South Carolina,1946,2.3909567719727876,-1.1291004196258538,-0.8304232165573204,-1.4478059848209142,-1.0271674816244516
South Carolina,1947,2.4037972736682343,-1.125788873297973,-0.8885624881830357,-1.188188210692252,-0.7081840823371293
South Carolina,1948,2.437708121507288,-1.2261393133490466,-0.7196582379690304,-1.4727843160704146,-0.4581609494708956
South Carolina,1949,2.4271793718909653,-1.2144592745810658,-1.0374713837854368,-1.1414162187053374,-0.4052977142075577
South Carolina,1950,2.4453840161621287,-1.2507790132377694,-1.1096341844588218,-1.4698518466753459,-0.6013334709421594
South Carolina,1951,2.438824863295978,-1.3559326971444101,-0.7789283537770622,-1.6890120229111398,-0.0008725719595965443
South Carolina,1952,2.427213357751621,-1.3438416282769006,-0.8295221282294994,-2.3061371250545153,0.008708095630390215
South Carolina,1953,2.3956822446603803,-1.320458696632159,-0.6400777103619945,-1.394814837415907,0.8823134953582757
South Carolina,1954,2.370131631173051,-1.4045742320001666,-0.7400169044346463,-0.7715006723419342,0.30186769023601245
South Carolina,1955,2.3348685086673515,-1.4182152019045657,-1.0624872944156947,-1.0887371818222835,1.1580502505791082
South Carolina,1956,2.245687484753356,-1.4196454355766408,-0.9775030836455125,-0.8079697633354629,-0.40986117815366985
South Carolina,1957,2.2053657874106127,-1.4759390022863126,-1.0854952086674976,-2.4197177706009723,0.02171883593297274
South Carolina,1958,2.0725953714380045,-1.4801000759842484,-1.2049665601908224,-1.45691996221633,-0.5939949825599272
South Carolina,1959,1.8880682806295555,-1.3911336542135075,-1.2474219523912793,-2.1342143622357437,-0.08580753140986905
South Carolina,1960,1.7233079911777638,-1.4927238767788644,-1.1936967570515382,-1.7636960864898743,0.5804467680220581
South Carolina,1961,1.6175175143296323,-1.4663322201209468,-1.4017867373473563,-1.5750499915512322,-0.10599984274457835
South Carolina,1962,1.544259899110158,-1.5021621784813357,-1.413291646800969,-1.6241852157820231,-0.1911027869007797
South Carolina,1963,1.4990026578536955,-1.494468936147657,-1.3632907964779954,-0.42938941292333804,-0.6458264797152401
South Carolina,1964,1.4122778958392705,-1.4701105567991513,-1.4578847566014261,-1.6878056691105,-0.05091418898372918
South Carolina,1965,1.334576853809973,-1.2342756931369308,-1.2967443253646784,-0.3420631807402158,-1.4482090541361547
South Carolina,1966,1.254628585306466,-1.2431632562918258,-1.5512334415653521,-1.0054171740310933,-0.9304283553424924
South Carolina,1967,1.197711606828592,-0.9237318617620786,-1.7373432131570228,-0.0005258540226392507,-0.7269133477399002
South Carolina,1968,1.1089555997924336,-1.024796316880756,-1.4702145381062524,-0.5068329648044141,-0.7666454060922526
South Carolina,1969,1.0532201216596455,-1.1508407865682042,-1.4994745372671388,-0.6538528955300997,-0.24467455385745354
South Carolina,1970,1.012137332860132,-1.1570779578457184,-1.6969921633698286,-0.3232649885176162,-0.18829543781592334
South Carolina,1971,1.0173742771284235,-1.213018521391652,-1.7666269552688691,-0.14783804669968317,0.27148390183619925
South Carolina,1972,1.0029529977132625,-1.3055557769334516,-1.836865461931964,0.012792565530611033,-0.03051884383600994
South Carolina,1973,0.9889624394498051,-1.166521794200939,-1.6562290126714063,0.0027391887408781527,-0.39360463418621316
South Carolina,1974,0.9635821276939935,-0.8692817095429282,-1.535019847817131,0.04926882509090901,0.5846040848944237
South Carolina,1975,0.9414870517484106,-0.9377440088502466,-1.5968713869982827,0.08355571115026891,0.22167899673895444
South Carolina,1976,0.893488210986073,-0.9580517695161014,-1.6894569380394193,0.19469015517650307,0.49259720745102403
South Carolina,1977,0.8087794379838544,-0.9681947729169726,-1.5373072774516046,-0.009407732787472905,0.08816504132906806
South Carolina,1978,0.7063139528116535,-0.9964136912716894,-1.5461981868530095,-0.04639701191801975,0.12436822587675866
South Carolina,1979,0.6281722713792016,-0.9120296869879013,-1.3854153778683909,-0.27655269601912297,-0.37457549916575267
South Carolina,1980,0.548352409224433,-0.9601832162846735,-1.3569751260317788,-0.5613313880530358,-0.05333951569014311
South Carolina,1981,0.4985123470626169,-1.0150522168887746,-1.1556809369549992,-0.9507744580425482,-0.3703288801176778
South Carolina,1982,0.4338498953919135,-1.007638265022108,-1.1183941909288033,-0.9507887417502199,-0.347129802912833
South Carolina,1983,0.3757415593189118,-1.0354967625678433,-1.1479377790784346,-0.8233163319499359,-0.3855484370957897
South Carolina,1984,0.30419038145971106,-0.9950876663600975,-1.1514084351795892,-0.8164654884737514,-0.3283944835306714
South Carolina,1985,0.24730580967244703,-1.0573649327952304,-0.9421264625124788,-0.6723341984085764,0.3913890742138416
South Carolina,1986,0.1623807888761343,-1.0239024502059495,-1.0301804127469312,-0.7293923219889984,0.11812076129399678
South Carolina,1987,0.10265433613444114,-1.1352759848839837,-1.0961736523266843,-1.0574980836855195,0.6489524074110504
South Carolina,1988,0.04703070171367722,-1.1448564516861446,-1.1473203969599974,-0.7605417145044256,0.467778898496305
South Carolina,1989,-0.040422648036413406,-1.2488605320807216,-0.9347333133718174,-0.8044160102919363,0.5386982218927843
South Carolina,1990,-0.11994681429423346,-1.3991556960434732,-0.9283706895741287,-0.8115243222447094,0.1983077237057985
South Carolina,1991,-0.19315143523381553,-1.4325636011919929,-1.253687090970668,-0.7420862563802709,0.030593080039521943
South Carolina,1992,-0.27787591688599933,-1.3933310136324903,-1.2463235330651465,-0.7606917266719598,0.5707400425228764
South Carolina,1993,-0.3260157484040151,-1.4045336287709684,-1.1740944810762992,-0.7074344690134412,0.1076536341765241
South Carolina,1994,-0.37740066905777553,-1.2745181924731772,-1.2575351293539117,-0.5858349304753094,0.7753258125645024
South Carolina,1995,-0.4019337722532649,-1.470125504014032,-1.2525773035289711,-0.6054898195970784,0.24261305924233556
South Carolina,1996,-0.4451693020751821,-1.4850865283449597,-1.2296857173885436,-0.4874945697322513,0.7548108398060069
South Carolina,1997,-0.492443091562317,-1.720421652291481,-1.1764472288774845,-0.424367888187259,0.4998235574079071
South Carolina,1998,-0.5067980260661517,-1.6433058685191508,-1.1489556984789875,-0.3133271154491863,0.4817551930933285
South Carolina,1999,-0.5178724962503101,-1.6680949024186142,-1.2586956682218648,-0.23319068618731414,0.4659232706153038
South Carolina,2000,-0.5449881240297744,-1.4737909912420792,-1.1175231775682966,-0.2197103991351437,0.45757581349891135
South Carolina,2001,-0.5451635928285018,-1.2463741891569349,-1.1914755518148816,-0.3735265067732201,0.021793777686695142
South Carolina,2002,-0.5356060463081055,-1.2589914738377601,-1.3238446211984503,-0.4724404722619412,0.28476413686406304
South Carolina,2003,-0.5316271940369596,-1.2537485371161319,-1.2557933865782838,-0.5821998813495068,-0.48967714472435386
South Carolina,2004,-0.5120584483755712,-1.1618597277164835,-1.337238415535488,-0.8678052776321485,0.07637086014003103
South Carolina,2005,-0.4932992191600848,-1.137128454497868,-1.3214841282870127,-0.8052831049906349,-0.16679627230392577
South Carolina,2006,-0.46335204700393645,-1.224678469835983,-1.389055244902539,-0.9191303435417597,-0.21615658956549144
South Carolina,2007,-0.47600809966094787,-1.2179035303508734,-1.459808364299109,-0.8537386510357772,0.04240127958766033
South Carolina,2008,-0.47324225346319815,-1.1772267136288423,-1.285495341933193,-1.0472760677285369,-0.6571592174103397
South Carolina,2009,-0.4358675902613592,-1.184430734570874,-1.381036473291066,-0.8913160604190735,0.06409169400674351
South Carolina,2010,-0.38646074148114945,-1.1669696110466694,-1.2974912416412525,-0.9910047822871261,-0.6631198724648496
South Carolina,2011,-0.3916187266022829,-1.1505872676995033,-1.220364650488461,-0.8030803174427473,-0.5626557527182475
South Carolina,2012,-0.42749193208487374,-1.4573152449444675,-1.2394254646755518,-0.8687543964503669,-0.5520602694861673
South Carolina,2013,-0.43603183726445904,-1.4324160488664848,-1.2946631977842142,-0.7838424439288487,-0.4655543894084044
South Carolina,2014,-0.45891371630858246,-1.5119288677489415,-1.3844374819456455,-0.815873017980693,-0.46017997964769913
South Dakota,1946,-0.9003623576605199,0.4669587852532486,-1.4199854437440984,-0.2948593872366622,-1.1300209661410276
South Dakota,1947,-0.8903647158859803,0.70740059079798,-1.250721843766801,0.16250661985543544,-0.8695437398225495
South Dakota,1948,-0.8831631566392171,0.6751943405376053,-1.3233528309054448,0.590151425975315,-1.2024251568145168
South Dakota,1949,-0.8769662902506524,0.6297366919816048,-1.3561420383260523,0.6288221491075936,-0.713118750211012
South Dakota,1950,-0.8668735909288942,0.6153413911198032,-1.3790158344326275,1.039461225184441,-0.7714086412370715
South Dakota,1951,-0.8599434882456048,0.5468456307961884,-1.3429340585090963,1.0391972604748565,-0.14098527767955626
South Dakota,1952,-0.8517480053296298,0.5584436826023268,-1.37673960569262,1.3270253260613738,0.4041111654797122
South Dakota,1953,-0.8293939488780281,0.4960476692471309,-1.5066006092543907,-0.4508667219441232,0.009784216049215142
South Dakota,1954,-0.8147021328281505,0.5325439696660208,-1.3949606611939538,-0.38460541652061936,-1.7685104955928392
South Dakota,1955,-0.7862776581606614,0.4631994654397939,-1.4502199091035088,-0.4442327980730314,-1.7404392417520844
South Dakota,1956,-0.7751686354500996,0.45340734182087544,-1.567878855339443,-0.5851989533929217,-2.2356326157054465
South Dakota,1957,-0.7731701758109829,0.442089593798698,-1.5746548293428535,-0.05842081690326237,-1.7849294675296676
South Dakota,1958,-0.7878848561181384,0.5063386659296285,-1.5269412833181923,0.7519908692488152,-1.2889193129963095
South Dakota,1959,-0.8095763235430835,0.29486672941387454,-1.4424767080526308,-0.12966662305034746,-0.7754492524051037
South Dakota,1960,-0.8490043118862923,0.34671218374441426,-1.4738991890730169,0.7453153973744672,-1.584851111066773
South Dakota,1961,-0.8798546408441595,0.2990329252986104,-1.3802344819938486,-0.4337375069918731,-2.281870348035474
South Dakota,1962,-0.8972511054216239,0.2988714017442275,-1.3540525142792006,0.7423192016667375,-2.136918051501338
South Dakota,1963,-0.9081797744546118,0.2707186275602843,-1.2305889889752333,-0.8349717863729529,-1.6194475476565977
South Dakota,1964,-0.9314581650588701,0.19635373694693894,-1.227354660235325,1.0372679438666843,-1.8341599855081419
South Dakota,1965,-0.9513785483073672,-0.030423918725493194,-1.262825718198599,-0.39094354883805704,-1.4016738854784514
South Dakota,1966,-0.958244775305626,0.36315061686696887,-1.2764128118189306,0.38057868708298465,-1.3595130481563884
South Dakota,1967,-0.9607409020228914,0.3165091265022165,-1.214024819093771,-0.09639539204313623,-1.205690662637982
South Dakota,1968,-0.9626652915827678,0.23027905058964776,-0.8074395228926671,-0.8203233384503974,-1.2401431842016695
South Dakota,1969,-0.970624515492364,0.07357380850584011,-1.0543501202144083,-0.14768125094494353,-1.929937721204142
South Dakota,1970,-0.9590655672147551,0.07704312444326955,-0.9814481481294965,-0.4575406080091108,-1.8001152967321297
South Dakota,1971,-0.9635963516618687,-0.1846888909908632,-0.6947997053621434,-0.7423687361546727,-0.5646099236604502
South Dakota,1972,-0.9608453893693732,0.11764850089896593,-0.7401651853298339,-0.9226495367559236,-1.437713021741418
South Dakota,1973,-0.9680384560131884,0.3220644820602118,-0.6752539247827818,-0.9195551305596067,-1.061161128016186
South Dakota,1974,-0.980084875709987,0.25152284496850263,-0.7012939934095992,-0.760566455003214,-0.8767614675355703
South Dakota,1975,-0.9871892040926539,0.22583081566635402,-0.6947498070645637,-0.8908232226191163,-1.0524934008008484
South Dakota,1976,-0.9854805664912847,0.14069122887366922,-0.6921329940105109,-0.7579751398593464,-1.0223054941349061
South Dakota,1977,-1.0084884170691373,0.4011397781885638,-0.7635337262259884,-1.0176997836331616,-0.9297142775293414
South Dakota,1978,-1.0215685742602931,0.35738602579456813,-0.8849793585582516,-0.8785095770062035,-1.2687615166488642
South Dakota,1979,-1.015246254520227,-0.04277092852018013,-0.9022212980472306,-0.9669327991250259,-0.9163884134626201
South Dakota,1980,-1.0229382426522375,-0.0035261725522456647,-0.8890271488421688,-0.8226566209408076,-1.417959415229203
South Dakota,1981,-1.0323515546338946,-0.09171983514531355,-0.9273674312003671,-0.7602235829857746,-1.4061444020230054
South Dakota,1982,-1.033909558410038,-0.13615845250731276,-0.913848057095577,-1.0353638698939178,-1.4444647860681112
South Dakota,1983,-1.0253604403341914,-0.14632882565983946,-1.0331636402383655,-0.9309100193929604,-1.4468299212229465
South Dakota,1984,-0.9644904804239641,-0.1278037719360728,-1.0598684498262936,-0.8710957315764998,-1.766086717025933
South Dakota,1985,-0.9138600807181567,-0.5803480811410447,-1.2105029087690695,-1.0153784936986523,-1.611872947618656
South Dakota,1986,-0.8920256767284277,-0.3887472718234062,-1.116636497711713,-0.9211856826173469,-1.7233125559954527
South Dakota,1987,-0.8729947962147756,-0.42071614673715585,-1.1533312826716087,-0.7859892134221803,-1.6752416314473126
South Dakota,1988,-0.845454916235843,-0.4477299185239789,-1.1901705405060288,-0.8516297566555682,-1.6990581289223996
South Dakota,1989,-0.8264988737821938,-0.44380223233966243,-1.2502812584945384,-0.961079795265821,-1.7572054540564004
South Dakota,1990,-0.813777418916747,-0.4987212289672308,-1.2777059701912432,-0.9134072465941201,-1.859058636057477
South Dakota,1991,-0.8248601130241977,-0.45497489223506804,-1.3396288731145436,-0.9611971268438843,-1.4304730324902557
South Dakota,1992,-0.8618862945223558,-0.7038543001308836,-1.269278685298901,-0.831891800440077,-1.9244573675861811
South Dakota,1993,-0.8926614628178474,-0.6941784585623801,-1.0513092729754685,-0.8847800369675051,-1.361030426191861
South Dakota,1994,-0.9006164280452317,-0.630729174156741,-1.1540475434580268,-0.8777000869260051,-1.7618519737176521
South Dakota,1995,-0.9223909727351562,-0.6636522744117582,-1.1137086563521064,-1.038837716445122,-1.5068727623161615
South Dakota,1996,-0.9754312645123326,-0.634063927493986,-1.0703528362108932,-1.0791501101165135,-2.020354515779194
South Dakota,1997,-1.0184043031426602,-0.9029159395973745,-1.787071030521969,-1.1493071714457102,-1.7758337588090392
South Dakota,1998,-1.0455872481897641,-1.0072184469771068,-1.8312325603121653,-1.2925697935440663,-2.1310893865178504
South Dakota,1999,-1.0686146081438048,-1.0119394694887982,-1.858946412812956,-1.235969284707694,-1.9056551180721886
South Dakota,2000,-1.0696146942863105,-1.0583805881410826,-1.3355884589436309,-1.3803540063337245,-2.536714043644063
South Dakota,2001,-1.0290064720946805,-0.916170254760863,-1.4283163283359657,-1.2069177550716237,-2.433184066004153
South Dakota,2002,-1.0112622735179178,-0.8014420553102317,-1.2560411996106644,-1.0956948491497194,-2.1550844213049833
South Dakota,2003,-1.006149652604076,-0.864012016138777,-1.2967671867269333,-1.0197658096644122,-2.014237342874473
South Dakota,2004,-0.9781240227159087,-0.9421067970584488,-1.276553138780809,-0.7777422306750494,-1.545277526992824
South Dakota,2005,-0.9789189254236587,-0.966719858426232,-1.2293931145190862,-0.6894119397901436,-1.8965727574382365
South Dakota,2006,-0.9908266916500127,-1.081112428097002,-1.2335577764975156,-0.511452180205831,-1.5413923113327022
South Dakota,2007,-0.9783928130980654,-1.0490335077603465,-1.3946872773158887,-0.4670880447777697,-1.8122278682708275
South Dakota,2008,-0.9768698383455989,-1.0578287490329694,-1.3348824787564426,-0.3696043401066975,-1.230406022424489
South Dakota,2009,-1.004535652382215,-1.2434838477829706,-1.2546662354032705,-0.4061948800857098,-1.684096741544252
South Dakota,2010,-1.0004719345565367,-1.2437845603410351,-1.1985852603941767,-0.3850916252234827,-1.32507361903957
South Dakota,2011,-0.9913687189538495,-1.0890907065150046,-1.2336993119817115,-0.44723557063898794,-1.2967527283558369
South Dakota,2012,-0.9739744712461662,-1.078067539226047,-1.2463997572747791,-0.3976010400506554,-1.0132772906426468
South Dakota,2013,-1.010260426011341,-1.0697817139137211,-0.9296328681551255,-0.4082041305104514,-0.9668003957755656
South Dakota,2014,-1.0467553337263549,-0.985741653474206,-1.0311006295130414,-0.3586900296384321,-1.2821083771003599
Tennessee,1946,0.9197366635031813,-1.2384710279473865,-1.0327204042044176,-1.9690510495580167,0.2874695675561715
Tennessee,1947,0.9020011703537364,-1.1738922822327316,-0.9764580326605923,-1.802474461757159,-1.5713013480692837
Tennessee,1948,0.8884347934664278,-1.1678404314914899,-0.8656232504190512,-1.51438773060567,-0.7487496313660282
Tennessee,1949,0.835984992825881,-1.1794426270144278,-0.9000298412933971,-1.7704710083054709,-0.4295743797792537
Tennessee,1950,0.7602860893820458,-1.201548248008926,-0.8621387122913479,-1.4410335582237728,-1.3081679130190058
Tennessee,1951,0.6644944297470303,-0.7299421022474968,-1.1341520142078922,-1.4388152553895526,-0.05606833269879878
Tennessee,1952,0.5803986763869099,-0.7272176707478124,-1.1971301924105306,-2.1907002925853303,-0.11168069987192428
Tennessee,1953,0.5529498557901923,-0.7183015204474822,-0.5764787926961163,-3.314076986470845,-0.1516428638462229
Tennessee,1954,0.546834783933678,-0.7665037832884761,-0.6063208631317907,-2.3860503493054757,-0.7809554589555618
Tennessee,1955,0.4956457626062827,-0.8589292954655231,-0.755482335045973,-2.1986560137412923,0.6122295241802291
Tennessee,1956,0.3831835464179742,-0.842254498824315,-0.9467554262299432,-1.5312705883347644,1.246980045164653
Tennessee,1957,0.21303242439135275,-0.8161295771784994,-0.987064676053537,-2.3546552698542222,-0.5636293921250909
Tennessee,1958,0.0963742203199431,-0.7822316845750792,-0.8308418215010717,-2.099044691840305,2.239587812559049
Tennessee,1959,0.060550212153310905,1.1890323003888672,-0.9087610725648085,-2.258359382892853,1.339506288316706
Tennessee,1960,0.07574383995818412,1.1583059675111473,-0.9652391586771162,-2.1034645292186536,0.19247092630262322
Tennessee,1961,0.09497208751494371,1.1512441858724864,-1.121070280674589,-1.720048446404006,0.0889876402546806
Tennessee,1962,0.07458799434788047,1.1325824665338704,-1.2592674809806002,-1.4104348293247517,-0.2177586885144579
Tennessee,1963,0.07512222387197516,1.0926104029462873,-1.2684918377903047,-0.570600980681611,-0.9398045398239127
Tennessee,1964,0.03452242135882694,1.046232682829725,-1.1969992659225666,-1.1215451527030738,0.9404711083945455
Tennessee,1965,-0.06790421940916185,0.86671011144665,-0.9354114716764328,-0.5061503214317012,-0.06664786535346588
Tennessee,1966,-0.12698750139427975,0.6670853333861089,-0.7406112892312416,-0.7195103241973536,-0.25681799049994175
Tennessee,1967,-0.18344093745937323,0.5464834436827384,-0.9271934582794424,-0.45288078026689205,-0.25310941846688
Tennessee,1968,-0.22132717799516702,0.4669610190975773,-1.0172310548461696,-1.7224807610327646,0.8361129997705224
Tennessee,1969,-0.25587896236291047,0.2736642808190717,-1.0070463397252907,-0.7191972902467666,1.0157859370454265
Tennessee,1970,-0.26757570031094824,0.2665318479741664,-1.153064497095315,-1.3948795831568634,0.18991826900184086
Tennessee,1971,-0.2739007401876332,0.10855193848020381,-1.3038230643584798,-0.6476001322797761,1.653305025935341
Tennessee,1972,-0.2798751665764302,0.22106933238859103,-1.3966431196583813,-0.6898447062909391,0.3310553844417527
Tennessee,1973,-0.23135572805034077,0.37128433487894447,-1.3849805476695058,-0.5474147344285198,-0.018568342976973413
Tennessee,1974,-0.1802844722135304,-0.09483867612101037,-1.4800836051602495,-1.0459850588925685,-0.13016137874636374
Tennessee,1975,-0.11380711421004254,-0.17241164452052973,-1.5776885004861003,-0.9021715231563755,-0.12996928367207713
Tennessee,1976,-0.08395572414145756,-0.188681857875602,-1.499452510243262,-1.0365306198485627,0.018613765713100753
Tennessee,1977,-0.009309172236262963,-0.20162362250688035,-1.5058272847675713,-1.0825908950189318,-0.4597089934290131
Tennessee,1978,0.06852715406651799,0.18656594223369072,-1.492213769306476,-1.0925756478405897,-0.3836339695553046
Tennessee,1979,0.1362250961877088,0.17112089827481872,-1.3751817282029426,-0.9860269810312134,-0.45768781660165075
Tennessee,1980,0.20525313381249433,0.14980088404859782,-1.24518770759974,-0.882260505695549,0.05203682541606813
Tennessee,1981,0.26084341107979736,0.06835158581112002,-1.069148827198806,-0.6742718004923467,-0.09475629981311195
Tennessee,1982,0.33190772588509715,0.05040489418776803,-1.0285277744581924,-0.8762672849514627,-0.006682131353248898
Tennessee,1983,0.38867200620043785,0.017526008249956294,-1.211117119750775,-0.798554514905293,-0.19021276938627105
Tennessee,1984,0.45873134355239864,-0.07014438345248881,-1.25107243590865,-0.949149708367075,0.2369418435825344
Tennessee,1985,0.529633613479267,-0.08994299512586391,-1.2468500509308267,-0.8707117067598672,0.24330469901539714
Tennessee,1986,0.5749295446239276,-0.07719362908570938,-1.109150315598918,-0.8031060744168358,-0.13349409199381423
Tennessee,1987,0.5580273988135113,-0.1619059785598499,-1.0794027589771034,-1.240768304337218,0.19415353802934843
Tennessee,1988,0.4932483352536022,-0.17928038538657148,-1.057724778265583,-0.9035571388464214,-0.46474069906139714
Tennessee,1989,0.40665016120235425,-0.2317230591698955,-0.9081379742736323,-1.0806431554359373,0.19841022045243983
Tennessee,1990,0.3582881028483196,-0.2959735728254639,-0.9830400712198663,-0.9753999106270316,0.2973957589240464
Tennessee,1991,0.2570681587193965,-0.36320687409313784,-0.9491255491412439,-1.0664764339515729,0.3701624741095971
Tennessee,1992,0.20393599492584993,-0.36756632043131465,-0.9124354393574138,-1.0888301803088598,0.9076560874720652
Tennessee,1993,0.14008807761296058,-0.5066372242293551,-0.815565909523264,-1.049548263237833,0.5905103669477135
Tennessee,1994,0.09954637546525642,-0.8789710301913439,-0.6288401748818517,-1.0472475636076788,0.613224442466516
Tennessee,1995,0.04799939384011497,-0.8204790014856894,-0.7136721206077016,-1.0151810399825296,0.35914409426260413
Tennessee,1996,-0.00402742389595514,-0.658273294125492,-0.7906990578741386,-1.2076298450047902,0.38468308181301647
Tennessee,1997,-0.026199898629283642,-0.8265413759685932,-0.4239711287317138,-1.1372340978385245,0.1523263327251013
Tennessee,1998,0.01194698275458838,-0.8219056858477328,0.6503823631391774,-1.062496856500627,0.25016857657657315
Tennessee,1999,0.008393878173135314,-1.2166578779842976,0.2366278130150265,-0.9925270057819894,0.03810504381564186
Tennessee,2000,0.005990507152586152,-1.372141934927061,-0.743173273090927,-1.023839958927863,-0.30940889060511223
Tennessee,2001,-0.08548613466111003,-0.9213459569302489,-0.8170246092066893,-1.0667396795934776,-0.6052410994956112
Tennessee,2002,-0.11910087235987306,-1.0397722797673945,-0.7992996958405084,-1.1669723155353593,-0.4581522928015171
Tennessee,2003,-0.17142309225603888,-0.92648511944821,-1.0623449291725269,-1.1891041037059684,-0.4849027583846725
Tennessee,2004,-0.20525604182404167,-0.933879253308231,-1.0236123226407228,-1.1934679210801942,-0.24627572691823943
Tennessee,2005,-0.2653442055557609,-0.9072306987386877,-1.0279114159056713,-1.23962132488954,-0.7228520787606759
Tennessee,2006,-0.2960833567161948,-0.8730814501460663,-1.1868189542646759,-1.4442401558360116,-0.7551188593955258
Tennessee,2007,-0.32588749508503384,-1.0323555864110479,-0.6768652359934643,-1.279095602504124,-0.39875462225112857
Tennessee,2008,-0.40156638519996535,-1.0293079687432278,-0.7698925827714226,-1.2557612771332662,-1.0809067637647263
Tennessee,2009,-0.37628389630334175,-1.0216883590328072,-0.5809218181515767,-1.1231404722617988,-0.8157386881862895
Tennessee,2010,-0.36174489316505415,-1.0672188973999752,-0.5791920608652333,-1.18794824985776,-0.3992756841573584
Tennessee,2011,-0.3789974780356921,-1.0343579160367309,-0.40503425509748864,-1.0077538918098152,-0.5196818615214631
Tennessee,2012,-0.4215089724937266,-1.0137659642161865,-0.4461895928294352,-1.0128892009283488,-0.46535545160823266
Tennessee,2013,-0.41239079581339755,-0.9882625943188778,-0.4984399753624749,-1.0149026407769013,-0.3339414685065876
Tennessee,2014,-0.4487024747472081,-0.9831410684124456,-0.44681432592398523,-1.0969302401496006,-0.48938692570981
Texas,1946,1.4202753481190926,-1.1026478107741162,-0.5546382565915191,-1.0160155451838564,-0.8894405098680348
Texas,1947,1.4200255071312367,-1.238608114175199,-0.2535542900752227,-1.340180116156693,-1.2455237317465564
Texas,1948,1.4041614667087992,-1.1414932199090295,-0.23056739195087936,-1.006045999014544,-0.7812876884367128
Texas,1949,1.499577251561085,-1.2351320187259374,-0.467535381259488,-0.36607584421851186,-0.621263834536216
Texas,1950,1.606676226451041,-1.257338154316158,-0.46239527469263925,0.18727704650078264,-1.069640094095407
Texas,1951,1.7206067496493418,-1.2624272023385852,-0.6793397355913836,0.1921056733949529,-0.08341734093626131
Texas,1952,1.833419052234324,-1.2876587916330051,-0.654888184703224,0.20430514333479932,-0.6736998347187572
Texas,1953,1.7149082232086805,-1.3278608875989522,-0.7009646827451772,0.2866838827083672,-1.7666290539173986
Texas,1954,1.602514477646729,-0.7269225605221465,-0.7877984532695779,-1.440559467933155,0.11648796762258064
Texas,1955,1.4110679060938336,-0.8456787860284395,-0.6683467582665714,-1.006097621549655,-1.1036754859580267
Texas,1956,1.3560347528057106,-0.7790008650926658,-0.5459647200147664,-0.7802891027810251,0.32865594019161437
Texas,1957,1.5707351218462773,-0.8875323217915022,-0.4499399318860267,-0.94781418889572,0.20717345753927666
Texas,1958,1.7688595850206326,-0.81456972705906,-0.28675857698274093,-1.397874951543348,-0.5076146059061328
Texas,1959,1.9112463830527435,-1.0057385965358618,-0.3672864561581141,-0.30018781761969837,0.06394105337715603
Texas,1960,1.976560105959717,-0.9525098641765667,-0.43103095638537053,-0.8637066824437396,-1.3485062834797472
Texas,1961,1.9153714453867015,-0.9583398713266895,-0.4528635653079167,-1.135703408135032,-2.204109250662525
Texas,1962,1.885640482538948,-0.9956242013386977,-0.2817287106363139,-0.4590354801871472,-1.8349231142512894
Texas,1963,1.757773173681789,-0.9919826905538371,-0.3362540416389101,-2.09042898055841,-0.00012413909061032152
Texas,1964,1.8341290926599585,-0.9864409881303904,-0.3802605490270408,-0.36348715580050545,0.18583249197065896
Texas,1965,1.7693923827386375,-1.249838159137699,-0.4355072564485339,-1.4790125659922697,-1.8510700759691485
Texas,1966,1.7778498508242218,-1.2894805783716592,-0.41996673213110375,-1.5949800792615254,-1.8233918215339233
Texas,1967,1.8016754951240717,-1.492156617334065,-0.47745651836492614,-0.784788933942222,-1.3866882714309292
Texas,1968,1.8874001447150404,-1.3995450523713109,-0.6914218173897599,-0.16178286355770882,-0.8994011891855638
Texas,1969,1.9141341322951075,-1.6723148944161221,-0.485884323794035,-1.0283971592538268,-0.13317061064408045
Texas,1970,1.9843151963006482,-1.4455664696100365,-0.4891767073163069,-0.9296083283649547,-0.6983552194313546
Texas,1971,1.9659555469647019,-1.4718849104305738,-0.41766472296561996,-0.9641729472617198,0.7215255400080538
Texas,1972,2.040118896775644,-0.9653351721977974,-0.7795684989019706,-0.7592541034186404,-1.206692505395972
Texas,1973,2.1588695200267134,-0.5509898417665992,-0.77503769415828,-0.5364519925868035,-0.5784337046549162
Texas,1974,2.1604608757235417,-0.6295276808242122,-0.9719668872927055,-0.699796647504149,-0.7048713106768737
Texas,1975,2.0772832625710427,-0.6875449711850756,-0.9061087841182518,-0.5954625462708816,-0.621973743587825
Texas,1976,1.9813076705858053,-0.7106015571218,-0.954488884350483,-0.6331756619684034,-0.15381231285307154
Texas,1977,1.7858068549709671,-0.7367595096867765,-1.1678546771577565,-0.7768588724500615,-0.824534296808584
Texas,1978,1.6326402832450704,-0.7560619073945801,-1.1980338126427938,-0.31474210315087325,-0.55804974941053
Texas,1979,1.4436069483155398,-0.7464171186843546,-1.2839379747684123,-0.3134131067788839,-0.9054072579079269
Texas,1980,1.1904374964305808,-0.7207224285908012,-1.276518183572815,-0.19708059565043937,-0.058687205208939074
Texas,1981,0.9319544442045102,-0.8078673414132505,-1.2729287432713419,-0.18388811164951424,-0.13239461671211644
Texas,1982,0.8018810928302369,-0.8250201411117062,-1.192995846845056,-0.646216163966461,-0.19082562577468906
Texas,1983,0.6221324866948328,-0.31197189013505705,-0.8667685813594473,-0.687907604166521,-0.3182707931295086
Texas,1984,0.33762347481672406,-0.3443304777748969,-0.8805625598161834,-0.7519453437868168,-0.25876777685759145
Texas,1985,0.11149081374795493,-0.3265730270312125,-0.8997877332215388,-0.8352494650682933,-0.8627876126744916
Texas,1986,0.0750589185235771,-0.3497926374604564,-0.9257159887000975,-0.9736237991856052,-0.49002798763893135
Texas,1987,0.08345604802889227,-0.39369267348761255,-0.9146042756103812,-0.7538214710754414,-0.6459286119566986
Texas,1988,0.14999184010665778,-0.4463351032372869,-0.9675702248926914,-0.9045324491801826,-0.49802022867957496
Texas,1989,0.08813845443305968,-0.43978418208591663,-0.9716681921843467,-0.9976800254659507,-0.7307793736811331
Texas,1990,0.006036430088580753,-0.5206766909955571,-1.0726162551279486,-0.9515703696323297,0.051518125716570294
Texas,1991,-0.013278768408702353,-0.413337384520523,-0.9626261705458858,-1.0309624922895415,-0.46857764150051334
Texas,1992,0.007743796513795383,-0.42833170309871865,-0.8956438394282475,-0.8634138958997756,-0.41630424329100035
Texas,1993,-0.00544984754299198,-0.49631039512610714,-1.01171031308399,-0.7486806789910793,-0.8679381432658367
Texas,1994,-0.005881613640113735,-0.3345113561199183,-0.9802503371426518,-0.582048920469937,-0.1670925784205314
Texas,1995,-0.11973748442915007,-0.40887970246406363,-0.8935344268055566,-0.5596078869376561,-1.0310652683744903
Texas,1996,-0.143908194724913,-0.4446593749331632,-1.0321659270882748,-0.6232183068586788,-0.05270083168620398
Texas,1997,-0.28384886417712063,-0.3173538661363287,-0.9835271200862092,-0.5288375646331477,-1.1012158985910356
Texas,1998,-0.35902883332232094,-0.34820582245083403,-1.1093297796658266,-0.658369406679028,-0.9111524163974642
Texas,1999,-0.48372299407082575,-0.37791864244019374,-0.9652791338211476,-0.5942406952367362,-1.0254595203730095
Texas,2000,-0.5361046272551734,-0.41162284246583236,-1.0004970912789686,-0.25627829926842716,-0.7986323794484573
Texas,2001,-0.674411090988332,-0.4110374063933542,-0.8884401623529222,-0.40974679245028356,-0.5582882917815316
Texas,2002,-0.7451753221829228,-0.2830665092491039,-0.989537058332279,-0.3783135556912384,-0.9975280420414695
Texas,2003,-0.7595024462432496,-0.44575379680391986,-1.0423808702714286,-0.3865435916883269,-0.31276164192592215
Texas,2004,-0.8146747920466834,-0.38422601023365316,-1.0475947872148803,-0.5387423819860557,-0.9091190724541085
Texas,2005,-0.7714897634230689,-0.4408123218237634,-1.1303299789844479,-0.39911060903327267,-0.933390307540733
Texas,2006,-0.6657216374194059,-0.3936793676718175,-1.2627951497243612,-0.3547285356299398,-0.5238752699349437
Texas,2007,-0.6092415113096924,-0.5729485195427185,-0.9287551652824555,-0.424889819333591,-0.3280003583107449
Texas,2008,-0.5788208959096427,-0.5834912113953616,-0.9282758341727612,-0.45093974706031636,-0.646571331550831
Texas,2009,-0.6323283445855772,-0.5964192244629786,-1.0152951843334461,-0.5868976708839353,-0.562474614267268
Texas,2010,-0.748631973341203,-0.6243392074648009,-1.0281988778353581,-0.7547668964073194,-0.444010884352874
Texas,2011,-0.7475636753384148,-0.6225453693279919,-0.9494594949340205,-0.5566351001156509,-0.5048114010187831
Texas,2012,-0.6702925307635516,-0.6149655320984592,-0.9405141525382936,-0.6291573068056823,-0.5590075227751733
Texas,2013,-0.6260329666079718,-0.5947150457336703,-0.7790712460247582,-0.5005624107080011,-0.5553902633777172
Texas,2014,-0.5752772357319738,-0.610723965990806,-0.7180737091332532,-0.42717272535993783,-0.4337141823432644
Utah,1946,-0.5779159732368345,-0.6274266978906262,1.4888106248604078,-0.5909751690212222,1.038840290577816
Utah,1947,-0.5776903958335676,-0.6990535813189979,1.3216196395875717,0.04423473203324364,0.29303543685443006
Utah,1948,-0.5766664967041827,-0.545230047071263,1.4042513792693054,-0.2682426746375732,0.4035647826620063
Utah,1949,-0.5728618502915133,-0.7035076296404272,0.9821894633629817,0.02504349643251614,-0.1390900931286592
Utah,1950,-0.57408701008728,-0.7566671228903986,0.8631400697381567,0.17934988906502902,-0.7615367396087898
Utah,1951,-0.5720223936015909,-0.7736148990367921,1.2992105268305991,0.3509402191975102,-1.2272212130849676
Utah,1952,-0.5671363643640744,-0.795600553334202,1.3831601162818257,0.3194878909926661,-0.7365402419543386
Utah,1953,-0.5536925054758685,-0.8136446699927544,1.352786788302015,-0.6601122853760741,-0.4205250556196627
Utah,1954,-0.540730904018794,-0.7389059998946379,1.1653181559293304,-0.3916153107244266,-0.7459572269715924
Utah,1955,-0.4960667287885687,-0.8767985661835266,0.7824764718585362,0.09077948810939164,-2.1125548751818832
Utah,1956,-0.4769295785255662,-0.8605675499212068,0.5298747871313989,-0.05137166773871087,-0.841069267357836
Utah,1957,-0.47789924645717297,-0.8018813726029747,0.6323156513528756,-0.014763541475836289,-1.5583250800167798
Utah,1958,-0.4900437618438024,-0.826884796636751,0.5353065654473702,0.14367337130551017,-0.23324786900419167
Utah,1959,-0.5014396883894542,-0.948161251116337,0.39138887288821395,0.34248963232044644,-0.2025306628318851
Utah,1960,-0.5104740613312482,-0.870584919876208,0.49784368404380275,0.060853040825681305,-1.1523434335209528
Utah,1961,-0.5154241150414651,-0.9239486375589175,0.7704651393477872,-0.36183568093242835,-0.47158622275765805
Utah,1962,-0.5081933568561986,-0.912718168850547,0.2667102378932553,0.3140402901824054,-1.4812314849246462
Utah,1963,-0.492182088999781,-1.0354609988672039,0.1840986275543682,-0.5738797351409967,-0.4165396530648185
Utah,1964,-0.5031459379435932,-1.0788377820522177,-0.06288783128038061,0.7237345258537747,-0.8832292200348687
Utah,1965,-0.5282959347914565,0.5623192735670028,0.056343070808453494,-0.5492978753166081,0.22163095697505453
Utah,1966,-0.5524535059365454,0.37926047333063206,0.18883031176710163,0.780058861813141,0.11716744994625508
Utah,1967,-0.5823296998528386,0.2973220081570009,-0.010195017501780075,-0.883293671699196,-0.23005020134887108
Utah,1968,-0.6193710644962642,0.21256822989659635,-0.24627289754191434,-1.0934743529659883,-0.3718424110854149
Utah,1969,-0.6530004596782465,0.06204318295188194,-0.2573828517182249,-1.5127241000619682,-0.3173527559044732
Utah,1970,-0.6847780450343656,-0.058293260460495655,-0.33491557870192484,-1.4988852065577813,-0.6477182389151778
Utah,1971,-0.7159774227606259,0.00013892186245077713,-0.15194600526144797,-1.9460710306801758,-1.8450876667605876
Utah,1972,-0.7564826538979912,-0.2823531584093209,-0.19276480033157972,-1.8478576111528302,-1.7912711305736049
Utah,1973,-0.8078172243897271,-0.5223856569230892,-0.25912865980639754,-2.1483573989239075,-1.8312558175493245
Utah,1974,-0.8606731137255101,-0.5838536477453744,-0.22593240713879348,-2.441221979941601,-2.2337029259089847
Utah,1975,-0.9055104283929409,-0.6563973702157296,0.02264377200777846,-2.4741457350467164,-2.178677128205573
Utah,1976,-0.9682329024210833,-0.7303081893617254,0.01700070626286939,-2.691490744552662,-2.3292711888219215
Utah,1977,-1.019953473127811,-0.7398948314144527,-0.027785333025730673,-2.652473517224537,-2.114497799251499
Utah,1978,-1.0728372837534907,-0.7262528814403428,-0.06546656687127358,-2.843438949755812,-2.127771821966738
Utah,1979,-1.1126931936216584,-0.7794541203213068,-0.019351633173770637,-2.7334474874590238,-2.2527750720277537
Utah,1980,-1.1571243885183935,-0.7847718915457103,0.07072081722934971,-2.9004828425337905,-2.4474092836291237
Utah,1981,-1.2110033839383134,-0.7825910840051478,-0.5545021827207182,-2.881013874440031,-2.4749008908204937
Utah,1982,-1.2803663800498588,-0.8021499961965818,-0.5306634628661241,-2.574103043003946,-2.290717063256625
Utah,1983,-1.3354735296129439,-0.9435935767675382,-0.7503101001615334,-2.4657255896053223,-2.658142088288182
Utah,1984,-1.3589990666325131,-0.9501452684682804,-0.8687972093586183,-1.79552496110242,-2.240673571503402
Utah,1985,-1.4188497689555304,-1.0194729657251853,-0.7759706938397823,-1.9870969536347491,-2.46681789495313
Utah,1986,-1.4785670462251677,-0.9915627802913801,-0.798385663739659,-1.628396724710275,-2.515516753284193
Utah,1987,-1.5337780427126109,-0.9318616162643286,-0.8230956539006296,-1.2332830509834642,-2.6137109783391845
Utah,1988,-1.5790716089720185,-0.9432963271602228,-0.8974769551194622,-1.3716819560596023,-2.6287462412274123
Utah,1989,-1.6371098459767268,-0.9777066524316862,-0.9912692260327178,-1.500978617481469,-2.6559199189840905
Utah,1990,-1.6648431308146812,-0.999375224512845,-0.9510151102622679,-1.3444551441795445,-2.479088637765584
Utah,1991,-1.6883515316906152,-1.0066894517780505,-0.9268345470763296,-1.432407680367814,-2.536214385998434
Utah,1992,-1.7121975938975587,-0.8791144005935099,-0.776985503500822,-1.2008164020887693,-2.1540434928184156
Utah,1993,-1.7538110406734009,-0.9605881060202263,-0.9880931755035938,-1.2001118739473102,-1.877695268907665
Utah,1994,-1.7696048383437655,-1.3640813585360774,-0.9438153832398155,-1.1380796922590937,-1.7287394497312953
Utah,1995,-1.7764149839590413,-1.1499473939369789,-1.1078090427088043,-1.175595732186607,-1.3455132380619312
Utah,1996,-1.7872205773344434,-1.4256129895698255,-0.9992175287125575,-0.9944062729862043,-1.1614068895193541
Utah,1997,-1.8243164928081335,-1.3000414735903765,-0.9378322906488188,-1.1458430785523959,-1.035959735723824
Utah,1998,-1.821193989331468,-1.2920222476280587,-0.7785318280741137,-0.9161197220644939,-0.8388629935487542
Utah,1999,-1.8098206888789123,-1.3044440162522952,-0.8782857233707858,-1.2042716323534024,-0.9739359163424306
Utah,2000,-1.790898295227839,-1.3241101201378875,-0.9356427939110658,-1.09425240020101,-1.064191675570255
Utah,2001,-1.7800304326811205,-1.2000883609392174,-0.9691144799712355,-1.1565036229502355,-1.242755988055694
Utah,2002,-1.7744646465563803,-1.209906327841351,-0.936448047196964,-1.0689092637089834,-1.3412856259565846
Utah,2003,-1.7847845088730048,-1.2781329342272425,-0.9405689130727279,-1.0640158882581952,-1.5813966854902832
Utah,2004,-1.802489596694738,-1.2224863793927438,-0.9698987284413023,-0.9592559210980992,-1.4916482898665702
Utah,2005,-1.846978887028631,-1.1729018929005968,-1.0486690693311485,-1.1224946226507426,-1.9014481867514743
Utah,2006,-1.87117782628644,-0.9995554475995415,-1.0096243275265704,-1.1431166789933727,-1.382998054618169
Utah,2007,-1.8468041413083784,-1.0254775667454854,-1.1209594207226794,-1.1404703698227996,-1.7454954910041076
Utah,2008,-1.806353330702593,-0.9625587570709195,-1.1675274110526028,-1.1506565335445502,-1.490352838593489
Utah,2009,-1.8117112472395673,-0.9859756025216729,-0.9852939376897454,-1.213440853292485,-1.9561609558893132
Utah,2010,-1.7842087712514183,-0.9727707498013232,-0.8670320815109106,-1.1762822422053898,-1.9105800978773353
Utah,2011,-1.7730788131232647,-0.9806886880777533,-0.9616992727496099,-1.3319439341089334,-2.073307593768542
Utah,2012,-1.7249436133002563,-0.9796963515298422,-0.9723150028654178,-1.2726969013013127,-1.8277593460143384
Utah,2013,-1.7256829612481146,-0.960642509192805,-0.7248031269596256,-1.3188199379695535,-1.7307963985536865
Utah,2014,-1.7128516998154482,-0.952968531786867,-0.8150768012229187,-1.2930125872226725,-1.4097603385972042
Vermont,1946,-1.015035302681594,-0.6097951048608562,-1.151190768584628,0.29107936964697795,-1.307547608694436
Vermont,1947,-1.0051713315073851,-0.569142816160001,-1.0471083269683026,0.37079232676815926,-1.436791054641574
Vermont,1948,-0.9986893444716439,-0.5742858346704908,-1.0765051651536421,-0.04293764496193946,-0.3078878469274716
Vermont,1949,-1.0029444204029578,-0.6759100539655775,-1.1671255053507743,0.5156046721593991,-1.1356475072592733
Vermont,1950,-0.9960645931002373,-0.6490822913542723,-1.1864513755272412,0.6141366863959675,-0.9814062845678779
Vermont,1951,-0.9832455556344017,-0.7217890812308053,-1.0183210749207519,0.8302127156365064,-0.8830963271571034
Vermont,1952,-0.9701050445477155,-0.7688017321162397,-1.1224009222380655,0.8854996633534051,-1.4242440062065294
Vermont,1953,-0.9428389738878156,-0.6666542016317965,-1.126930385466981,1.6588820126625659,-1.8384974479652636
Vermont,1954,-0.9249057989352839,-0.8477565621198285,-1.0806622925045257,1.7853425436511376,-0.6860959193585009
Vermont,1955,-0.903839060482044,-0.7653447341605027,-1.0492649922115416,1.4797464502270599,-1.2671957878978428
Vermont,1956,-0.8764713966210163,-0.8753787593205216,-1.1911672959772446,1.7629701202299615,0.06382564198419408
Vermont,1957,-0.8511762013491181,-0.8312104962122654,-0.7817052827439901,1.3746806850827302,-0.2104621313668557
Vermont,1958,-0.843302620253236,-0.8135697074338549,-0.8644026752330844,1.0975328763532712,-0.35268580543793904
Vermont,1959,-0.8373938318129597,-0.8323453486321778,-0.6885733062872655,1.2317605571553385,-1.5619593740194906
Vermont,1960,-0.829719297045843,-0.9543792980667235,-0.8220372209296658,1.2424881128091412,-0.7963465798515796
Vermont,1961,-0.8238264158828009,-1.3957566634150502,-0.9212592085116849,1.4796451718441077,-1.650050002825389
Vermont,1962,-0.8098444477498838,-1.3703273292110107,-0.9330446912306838,1.2456416519938236,-0.543317341847457
Vermont,1963,-0.8092828029145565,-0.14313202992479218,-0.9661158877053283,0.8823569897409823,-1.1297271967984195
Vermont,1964,-0.8307230357472054,0.1099797334202248,-0.7275607698839602,0.8449354537149113,-1.354893078454335
Vermont,1965,-0.8440018137228414,0.5497243299712956,-0.7856886823150392,0.9777006927439921,-0.9763008913875183
Vermont,1966,-0.8501047418512915,0.454293094539953,-0.736402672971189,0.6597184467265369,-1.193695032478525
Vermont,1967,-0.8564301953571202,0.3505556652952607,-0.40514060422187365,0.9307981587386442,-1.2817655531372643
Vermont,1968,-0.8595233123750942,0.23255392812281714,0.3605873371258359,0.578723323523382,-1.4527408838541789
Vermont,1969,-0.8617787233365092,0.0873017373904766,0.30654269666889356,1.2496492178207137,-1.582575144568014
Vermont,1970,-0.8636548390466933,0.029689324647319354,0.6092175172920222,1.1100156902907075,-1.5440727905990825
Vermont,1971,-0.8627373723381939,-0.16698519205350495,0.6460027452457417,1.1331214688077111,-1.9331294049159118
Vermont,1972,-0.8558204646077405,-0.346422907399259,0.5947713255514745,1.3930129808544742,-0.8697829559280551
Vermont,1973,-0.8623019723860016,-0.15951344737450085,0.8885155150828783,1.9112633779665291,-1.2590384280202578
Vermont,1974,-0.8797468344292148,-0.22966933194317465,0.8289733638866663,1.6903291020679048,-0.6741762894036651
Vermont,1975,-0.8811631840613917,-0.31912080398195514,0.8165921844971852,1.9780997051709115,-0.5968105577627019
Vermont,1976,-0.8759085154074759,-0.30957750668662865,0.7147941118880559,1.8263535290556605,-0.4741421735287505
Vermont,1977,-0.8794990921277851,-0.04910983071458081,0.762616105601698,1.9719925755362144,-0.38681000138688987
Vermont,1978,-0.8732749924348014,0.11327650164735809,0.8055358743069998,1.8831756979536842,-0.20111989257409693
Vermont,1979,-0.8577973448828049,0.16655043708426281,0.7633886593704002,1.8820815274175897,-0.17249451119099682
Vermont,1980,-0.8355653704984852,0.12047986004209266,0.7045517461432459,1.7922396841413641,-0.170567709582256
Vermont,1981,-0.8110823388264993,0.014130485218731665,1.3996924418146597,1.6003416253370775,-0.28158262129303147
Vermont,1982,-0.8184706137128112,-0.00296936725753028,1.1273992816765537,1.3836731642085769,-0.3494935196053541
Vermont,1983,-0.8262522300713898,-0.034581436334160484,0.987980825784312,1.278346735643256,-0.22638621877008228
Vermont,1984,-0.7959194532941571,-0.05508663045293866,1.162020133042796,1.2821097867553484,-0.375493132982207
Vermont,1985,-0.7643083540737439,0.7431308393387577,1.1129800437146955,1.2473240343718954,-0.28661219687975403
Vermont,1986,-0.7751805849284503,0.6945520087142006,1.225123842897087,1.2104156226567713,-0.11598777232089309
Vermont,1987,-0.7706513372338156,0.6758457726602373,1.2653841410858002,1.120294322756245,-0.19756170870936654
Vermont,1988,-0.7680832405615429,0.5931946943044802,1.2526598233754027,1.2113034772449904,-0.019244462214797833
Vermont,1989,-0.74708811831769,0.4931507427437674,1.3492764649000526,1.2878508139432194,-0.3857189917645824
Vermont,1990,-0.7080872137142653,0.39263785268205087,1.4856204273499671,1.3000004437574462,-0.14451466810560623
Vermont,1991,-0.6766088029716874,0.6809994965882434,1.3775309524407795,1.450146766513985,-0.46876017606104725
Vermont,1992,-0.6418140010722175,0.8429955410772914,1.5699551526499436,1.4327901146138189,-0.17185412522822519
Vermont,1993,-0.5844130437518668,0.7508642016545827,1.4021997849594798,1.4241816059185133,-0.3779217829305929
Vermont,1994,-0.4968588796573783,0.9443813617405268,1.1161189488198215,1.4073541104657927,-0.0955606781170031
Vermont,1995,-0.4193528901927619,0.874254325010417,1.3094570107807717,1.44645566017135,-0.1327264103552143
Vermont,1996,-0.38185239186073866,0.9074954973007862,1.284971855805231,1.2659530398132577,-0.2316231366064991
Vermont,1997,-0.34915660518982033,0.8873056759472059,1.3690134179847275,1.5006055543248065,0.006916071732094206
Vermont,1998,-0.2921687195585842,0.8843191661537935,1.563785258472986,1.4450681453163607,0.27211763493901536
Vermont,1999,-0.22430858386553126,0.8428005812511636,1.6918333356064137,1.5893592155161351,0.003464262368642428
Vermont,2000,-0.15478968732742926,0.9736610749179636,1.4952358845665854,1.4965514636444992,0.6274316370871664
Vermont,2001,-0.07163240528162716,0.9934857792243336,1.5407954773050436,1.5005062357780863,0.3714673739704982
Vermont,2002,0.05287243942000204,0.9367806928065228,1.5973250774856023,1.479903337372191,0.926294935068571
Vermont,2003,0.13874742892154734,0.8745700717150183,1.6549040606316208,1.4668069229028329,0.6937487335834949
Vermont,2004,0.2273534432153224,0.9264748226605911,1.5822202570479387,1.6175650152550807,1.3191231140782131
Vermont,2005,0.27430730668714665,0.907963363991971,1.7529907973910657,1.6722125051741763,0.8453011435160867
Vermont,2006,0.2954025819331306,0.9261769796237616,1.8273874175410232,1.8579109361157715,1.269982845339477
Vermont,2007,0.3658209363563247,0.9743065107381795,1.7353379245952734,1.8216536359882471,1.1396512776574033
Vermont,2008,0.4886982385934352,0.9707097864053675,1.5504335633553261,1.8651265592292292,1.6596767338340743
Vermont,2009,0.5974104766124004,1.002678725886152,1.580585931830192,1.946787498206278,1.7506640003586917
Vermont,2010,0.7570653372292896,0.9955664767112061,1.3980408446599524,1.9475402448046586,1.8477819421367347
Vermont,2011,0.7319466218928402,0.9793431782547761,1.474662236598001,1.9256571496353831,2.143750810948344
Vermont,2012,0.7383989542781683,0.9538486662658744,1.4692272659986025,1.9188450183127517,2.2949090091622915
Vermont,2013,0.750853584019825,0.8780875933828108,1.4518378099378344,1.924083649655454,2.151275678802552
Vermont,2014,0.7378837646143551,0.8502043667498447,1.4204842459653126,1.9341799418045504,1.884902981832889
Virginia,1946,0.2602378593146161,-0.4293420403870163,-1.0140565578775003,-0.9545675987416538,-0.6522383127557667
Virginia,1947,0.2594551921876789,-0.4893474315590688,-1.2341877570729758,-0.9573550220410139,-0.9798071775859584
Virginia,1948,0.2610370757674761,-0.44235946308323215,-1.301533662753538,-1.0662256323225658,-1.11313756679713
Virginia,1949,0.2500771442828566,-0.5134229958807801,-1.4071392557107536,-1.5034865533224757,-1.333524128486099
Virginia,1950,0.23539446461447625,-0.14865188253570596,-1.474675206015721,-1.2520648425915455,-1.7669904824936253
Virginia,1951,0.19307908191572698,-0.1844690171249068,-1.3713871506948032,-1.1284984194231311,-1.4321893881980297
Virginia,1952,0.1450963592686642,-0.15219327734212348,-1.2484419659652535,-1.0093918468380332,-2.148779704924621
Virginia,1953,0.12230199426175234,-0.170373679372673,-1.1519745672661426,-1.969526546438429,-1.690367361192566
Virginia,1954,0.09689125841921324,-0.2554430028669501,-1.2278605190229837,-1.2239189802822354,0.1931152196632124
Virginia,1955,0.09823953538136874,-0.26091671372893044,-1.2791047312140862,0.08218206790961913,-1.2231497288309787
Virginia,1956,0.12604501239305316,-0.29644303142528244,-1.3386978603993926,-0.5479109031490925,-0.09688915273414561
Virginia,1957,0.08906903663032595,-0.3453770703365212,-1.3123606832785117,-0.5050830512387331,-0.17440006407599176
Virginia,1958,0.07983630596352541,-0.3995133116605661,-1.2719825689207949,-0.3799485857509308,0.4738841396023062
Virginia,1959,0.10451099547867226,-0.37723653305838895,-1.1352106971661589,-1.054258626430173,-0.17891134277260554
Virginia,1960,0.12059729877590228,-0.41539543393551465,-1.1423107941976525,-0.955558011877657,-1.11525778234209
Virginia,1961,0.14513968942023406,-0.3580918036118355,-0.8727031100288607,-1.3121627788450028,0.2720997836063079
Virginia,1962,0.16120508761625812,-0.34069985517989343,-0.8486905510253326,-1.010153233570729,0.7072507613005155
Virginia,1963,0.19389410695342435,-0.47853217206700677,-0.9445975258723831,-0.2206784830820601,0.242156507955174
Virginia,1964,0.2584283828126522,-0.5269103406732158,-1.171253579357344,-1.0400900325165634,0.6382376646036365
Virginia,1965,0.3089908289515219,-0.7148528153890711,-1.2331512138344376,-0.01618389346090358,0.3375524781292966
Virginia,1966,0.2770605668113276,-0.8124839254262813,-1.0910774651074095,-0.40792314826197085,-0.5430322666491976
Virginia,1967,0.25948304998277844,-0.9852729358074388,-0.7702333681444152,0.02942745925349919,-1.0233982821736696
Virginia,1968,0.22659428285316008,-0.9879664616535472,-1.05166122155769,-0.2068424207298893,0.15266329501542444
Virginia,1969,0.1646496786474494,-1.2027165202016294,-0.8070719874019417,-0.17946344140776246,-0.2698836246424038
Virginia,1970,0.14601223372031075,-1.1532617886590766,-0.8072094274237078,0.000965437518852551,0.4950020457072434
Virginia,1971,0.1723975911484875,-0.9631441271373101,-0.9047739423084841,0.10579258861983286,1.211643858555213
Virginia,1972,0.16374589261275926,-1.0812808830037322,-0.9644924047504141,0.09681924843309506,0.6130601985440095
Virginia,1973,0.15005769298846955,-0.9435169164110148,-1.0638553291132635,-0.3279557942591598,0.4613734972483711
Virginia,1974,0.1469962053973512,-0.9565793231359824,-1.0579397966827617,-0.44691818031637165,0.015546927275307033
Virginia,1975,0.13912593310353544,-0.9724767239149797,-0.8686741499621118,-0.5678938577532759,0.3866075266298772
Virginia,1976,0.10136038870772839,-0.9955784797122257,-0.9301752985880615,-0.24396630355053392,0.42348419844699386
Virginia,1977,0.027426987776061403,-1.0494517447026481,-0.8194051916668493,-0.5657657043193584,0.4140385840826881
Virginia,1978,-0.06034684052362132,-1.0755493918206294,-0.8436408461929912,-0.49251038309165074,-0.2515289573222102
Virginia,1979,-0.1072802012848393,-1.057044472713088,-0.857142787100889,-0.8167805225284285,0.4775789315713614
Virginia,1980,-0.09380511869223217,-1.0436042116076594,-0.9164358092249849,-0.6328748132728269,0.31675479258930767
Virginia,1981,-0.10316782231052692,-1.2201941749961602,-1.0759112526637167,-0.7469574912224637,0.44908048972046266
Virginia,1982,-0.10109602924321756,-1.2442932079488045,-1.0444127076652132,-0.42304101189503907,0.33224765427556774
Virginia,1983,-0.12415295865565365,-1.238272786002636,-1.2256323960512188,-0.14839423468062124,0.4589540406746579
Virginia,1984,-0.21895079053629482,-1.2904594822791373,-1.0774658311402745,0.010872479689117288,0.8151121639763736
Virginia,1985,-0.3178132693168848,-1.2335119794086373,-1.1073622499955988,0.17334335717897,0.6350312999589193
Virginia,1986,-0.36201579690599117,-1.4435853264888,-1.153163552236802,0.010775591530512222,0.5141083632876992
Virginia,1987,-0.43315497479179355,-0.6418465437816846,-0.824516744912508,-0.30598563861709416,0.6791141596892373
Virginia,1988,-0.4932163164213387,-0.6689049937650873,-0.7860812443242418,0.08759892732374694,0.2099681011080111
Virginia,1989,-0.5161589658995089,0.2607914144267175,-0.8218599781851725,0.15474265859572067,0.8183707073521519
Virginia,1990,-0.5288521324156651,0.14841558518030762,-0.8552061094173159,0.18750436223100667,0.17980201505274113
Virginia,1991,-0.5467691186339068,0.3174195007566581,-0.9232573495661099,0.219982266519477,0.9913362594059194
Virginia,1992,-0.5540114123871509,0.34325284890327357,-0.94647323224566,0.16264845463056793,-0.03411847274283644
Virginia,1993,-0.533394557853759,0.2889901009247935,-1.0043064980213827,0.023041596248706504,1.1867487788184559
Virginia,1994,-0.5227692519514231,-0.1465862809869328,-0.9318243585402184,0.0809936675817153,0.09052180914537626
Virginia,1995,-0.4920257117366699,-0.14470486096335514,-0.8552515214364852,-0.003602921765603962,0.9333370173233616
Virginia,1996,-0.4765147897778519,-0.14182181785570974,-0.8861829111573463,0.2491074132801663,0.31389404585139097
Virginia,1997,-0.4512466648166588,-0.19843859708322814,-0.7445015315672332,0.11072490904327004,0.5511532968169149
Virginia,1998,-0.3934138370017502,-0.4019887192561804,-0.6950866110202365,0.25774043976606303,0.5020993492333461
Virginia,1999,-0.3518614943411211,-0.1479216349706899,-0.8230205674915266,0.10133805559144726,-0.07612562287506076
Virginia,2000,-0.3011971032447842,-0.19585557288591174,-0.893196418135926,0.13965595682572018,0.33305497380167043
Virginia,2001,-0.3196469562893444,-0.4333107684458333,-0.9214279562272454,0.09505837327759757,-0.2335385293347002
Virginia,2002,-0.2962175380665418,-0.4324694716785994,-0.8723287875176479,0.08290814723844621,-0.25374714679368315
Virginia,2003,-0.31656833073868773,-0.5389514070823572,-0.9358378141134198,-0.0203844240144943,-0.14749092748030931
Virginia,2004,-0.3195347522048761,-0.4557927017276989,-0.703238933295828,0.031193240286117606,-0.4672209508074969
Virginia,2005,-0.23586905962975208,-0.45764782426660905,-0.7604500251119033,-0.058563608804165175,-0.28818251922845023
Virginia,2006,-0.17251229081970873,-0.44781323131124834,-0.6060189757909035,-0.021153133500397835,-0.20726057080745286
Virginia,2007,-0.16802482210546563,-0.4481999896362441,-0.612307103775153,-0.14926729713440576,0.5291450597464501
Virginia,2008,-0.14699542823645662,-0.448794476453839,-0.49877687983914876,-0.16181251799336244,0.7140752186297359
Virginia,2009,-0.12221368412974835,-0.497648606524349,-0.6323938224205569,-0.10650979419311739,0.6047143045629022
Virginia,2010,-0.03657430477867945,-0.48463773703017266,-0.7679070441146164,-0.06666758950422778,1.1528172077457577
Virginia,2011,0.03549272106068569,-0.4968753586777483,-0.8068630297247528,0.07361823414704716,0.924572152405489
Virginia,2012,0.0394066143040303,-0.5019607146656176,-0.8066833645359341,0.20219965639924276,0.8946328064249338
Virginia,2013,0.0017276724306695608,-0.5125041243148469,-0.745237005176942,0.11812797959737097,0.646688421299825
Virginia,2014,-0.07714571349189134,-0.5393795682304452,-0.6962321787189248,0.10062487921606075,0.5574642121184709
Washington,1946,-0.34525638611462134,1.3498240402216923,1.679319889035687,0.6231864717174435,2.261061656873227
Washington,1947,-0.34209784827332534,1.2581873833734871,1.65553588956932,0.7059025754110417,2.649637175822435
Washington,1948,-0.34215546476959574,1.2076576443316693,1.65934717992899,0.7432130502118854,1.6713616084540261
Washington,1949,-0.33179373854169536,1.194378071603809,1.806159098892152,1.4690660844706236,1.608291671872656
Washington,1950,-0.3166408249290553,1.1138904103503888,1.6346096047503993,1.7737415897239572,1.2310619778877234
Washington,1951,-0.3202288535017933,1.1797404842451824,1.476435232364581,0.8964201188534864,1.578237084034871
Washington,1952,-0.31630286563345283,1.0651998203645376,1.6208297220972205,0.1332482674064285,0.705439463802502
Washington,1953,-0.3081106899942658,1.1276042373256212,1.457399325118318,0.6775934605936383,0.4462804269559129
Washington,1954,-0.3141972000422217,1.1317829794106855,1.2896122273441004,0.8647111608239166,-1.3686982235444554
Washington,1955,-0.2995253579493462,1.030931596317199,1.7431690952843775,1.3372860453417794,0.9730870686423272
Washington,1956,-0.2987149351998344,1.0358478590946913,1.7975422254529363,0.7984281390946321,-0.1626453602949359
Washington,1957,-0.3176641952981738,1.0797783969341705,2.0666302368670313,0.7145130404636034,1.327894822333229
Washington,1958,-0.3401658170924167,0.9827059011093333,1.8103900578248486,0.9755210343912915,-0.5381729512473057
Washington,1959,-0.38064120426774906,0.8746837262362008,1.6353795518204843,0.974813480271873,-0.9724447918701099
Washington,1960,-0.4114444041543894,0.9038553833020357,1.7380284582893644,1.1281979190038973,0.10484063811073616
Washington,1961,-0.441090046973307,0.6364654227494095,1.6875764551043344,1.0148978575836494,-1.1648737834896816
Washington,1962,-0.4709440179544848,0.6074686651738507,1.4293575529427809,1.30354007971605,0.0496833832412292
Washington,1963,-0.4910054440122804,0.5626958383949879,0.879749175779402,0.351339017055842,-1.239019026502475
Washington,1964,-0.4845577919972583,0.5302349444044815,0.8787586507939075,1.456462976583619,-0.07222502632932956
Washington,1965,-0.4854199451843249,0.30471662216327794,0.6567352691478464,0.35283038915674203,0.5485418591455355
Washington,1966,-0.4844745358107536,0.138296736295298,0.7431498769962684,0.7771835675463247,0.5571169461695703
Washington,1967,-0.47669379216515717,0.059182411066706964,0.8500708661765208,0.31524410016849647,0.1497138723989195
Washington,1968,-0.4558278459675776,-0.028950178905925456,1.1730075874949049,2.526900607320863,0.35784430764661695
Washington,1969,-0.41822396703900006,0.5735687629215829,1.2015006223193343,1.1158048582020437,0.24192986833551403
Washington,1970,-0.353330907958938,0.5463052795974009,1.08281102317019,1.3594143878230631,-0.0074295857781381406
Washington,1971,-0.308021865754798,0.7951492096640442,0.9183851565269162,1.1346025565854576,-0.049165382681327474
Washington,1972,-0.24733591866241972,0.5162123670045696,1.0946656029151458,1.424832490337864,0.07279248242282835
Washington,1973,-0.20657314583363853,0.8526633876479911,0.9808680657728084,1.0972955102178552,-0.151673924907805
Washington,1974,-0.18075094304405115,0.8193507057169775,0.946677290750201,1.3541568546149025,-0.09576384853651988
Washington,1975,-0.18282443982356028,0.7178697091561518,0.8975929491620097,1.0026429752458337,-0.06995750818129477
Washington,1976,-0.185679332001256,0.9038619645439548,0.7959170318216512,0.9546686749345777,-0.5861319530358735
Washington,1977,-0.16352621666400619,0.8286211751477931,0.600038439628963,0.7953795670087149,-0.05980591541588383
Washington,1978,-0.1917895430967669,0.8510312342962348,0.8687164171140619,1.034246319991115,-0.22952512810294928
Washington,1979,-0.18728969482346497,0.8216129033411473,0.8399381828537655,1.1481014458763867,-0.13102449285026319
Washington,1980,-0.1646010727925258,0.8258642162689138,0.7554157749542364,1.1705073532210455,-0.340845651220521
Washington,1981,-0.1938515230119862,0.9427768114375423,0.5419970274793307,1.2649375732497599,-0.3176048871972065
Washington,1982,-0.21113759521772588,1.053035905208836,0.5269331473611815,1.1194994883232736,-0.27726482818438436
Washington,1983,-0.2684100667700911,1.0223453706663006,0.729769873998458,1.6851220097003379,0.15545102979657488
Washington,1984,-0.31366861886386904,0.9561652867095122,0.6564954705392785,1.4385803273401558,-0.34287177987572587
Washington,1985,-0.383555418595656,0.9508844400630249,0.6269377700396362,1.5342965437799918,-0.4279472363038293
Washington,1986,-0.4166508284075141,0.8775920688651025,0.6008061741193782,1.6341022032856998,-0.5966366623849215
Washington,1987,-0.43526848868686735,0.8846701512554779,0.5681984799132717,1.664880476046747,-0.9264597260043514
Washington,1988,-0.37278207649320727,0.7979285911464703,0.48131753988859194,1.662403147808634,-0.8935478918349213
Washington,1989,-0.355093307074658,0.7834950975044969,0.5818571672337308,1.452234313675259,-0.8009693988824157
Washington,1990,-0.3770676282092161,0.6361293302002244,0.7998298486685729,1.5169562524039628,-0.7322755191277269
Washington,1991,-0.36630490128838655,0.6007227185132236,0.6229021104476751,1.3395944356633165,0.16449856982785152
Washington,1992,-0.3566550347603386,0.5425772200269642,0.5375711349565804,1.2629291635056923,-0.9628337944953903
Washington,1993,-0.31087263848395597,0.7755501193021509,0.36268053589717736,1.2532232298695754,0.3106508276910685
Washington,1994,-0.25912280413331107,0.8593331969339872,0.5677177381075506,1.3353698139137076,-0.47171560510207833
Washington,1995,-0.210834791050242,0.8386530367688035,0.5667460333318254,1.017616204313766,-0.05399213234271953
Washington,1996,-0.04630069144528097,0.8373866511405164,0.6311106926475645,0.9851157290918753,-0.030504902623163587
Washington,1997,0.11638030598962669,0.824477216567587,0.21002586214433527,0.717462608511678,-0.11132067692871649
Washington,1998,0.14411009812396303,0.8731595128646792,0.18074969414636366,0.7245366880432571,-0.04006879889659939
Washington,1999,0.07497122850412491,1.027071339637101,0.34713629583930367,0.36085756078846226,0.049793233758314556
Washington,2000,0.03227024739218454,0.9901643390294403,0.2383604706130533,0.45177185986685753,-0.29056471750750956
Washington,2001,0.08133073289182816,0.9445365602737987,0.17133943807491173,0.49070196300005947,0.31431527446143953
Washington,2002,0.08697096815894717,0.9093918471192342,0.32059944064642204,0.6649683170500813,-0.39836230922744587
Washington,2003,0.10948486554093564,0.8600353188509681,0.24288833542668414,0.7198957468093106,0.5064806922324838
Washington,2004,0.14329191297420396,0.8180713201217293,0.17699721733315527,0.9101087325242325,-0.23460668322923764
Washington,2005,0.14369919180926674,0.7564342661959362,0.2905117734786972,1.025992771056184,0.11203083132313828
Washington,2006,0.1655338520294749,1.0825267046204472,0.36764187098836293,1.0863727075843865,-0.39149098882296934
Washington,2007,0.28020216741511106,1.0144214909174603,0.2654416362419576,1.1090011621093512,-0.22459141819552264
Washington,2008,0.32350384828295187,1.0238401325875544,0.1399715790588165,1.0630467958551448,-0.08284878537018774
Washington,2009,0.36826309634147997,1.0540995977024936,0.34835923030562305,1.1785453782403725,0.2200520747490167
Washington,2010,0.4564530839635004,1.0372598594514995,0.3991008401822583,0.9649684856056494,0.35116739855633045
Washington,2011,0.4500528049590594,1.0299003759360448,0.5185783123890216,1.0732920374444248,0.629324666787586
Washington,2012,0.3717248990738787,1.049481545400148,0.49709671602128236,0.9172632103312848,0.6785127747817551
Washington,2013,0.4046473965864262,0.9734442374693255,0.29708019930836777,1.003169255346779,0.9088739391959108
Washington,2014,0.4709087324889232,0.9562030199334518,0.2876798426535773,1.0072004417992086,1.2009755560546318
West Virginia,1946,-0.46791630692630265,-0.9498641181948428,-0.8093954090047195,-1.1147134043155862,-0.9289172337289586
West Virginia,1947,-0.4663029517864158,-1.0068380040287952,-0.9293521826635021,-1.153283207451152,-1.0668088983943
West Virginia,1948,-0.46120313042948746,-0.9674587689508075,-1.0512452065837663,-1.38326319756162,-0.18194194026929084
West Virginia,1949,-0.4556962669733399,-1.0535088640608659,-0.7950176304995953,-1.2003899400720501,-0.44189422117177674
West Virginia,1950,-0.44488924185799245,-1.0890475062051224,-0.7863457019525297,-1.3665555389405948,-1.0174168526208656
West Virginia,1951,-0.4309588695258523,-1.1155396515703164,-0.7775918891343403,-1.2185153653464391,-0.683597079228376
West Virginia,1952,-0.4132532684453575,-1.1716480465552641,-0.6751868048116944,-0.8058050249721259,0.1505215226253894
West Virginia,1953,-0.39054477020545875,-1.205613780592798,-0.871266904102334,0.03538347194223448,0.5764613392395002
West Virginia,1954,-0.3912121534229837,-1.2800966973605816,-0.7384910966427722,0.4296896759370386,1.1818507703061627
West Virginia,1955,-0.37591830956816263,-1.351368446987547,-1.0040094124420056,-0.6484804672381516,0.7326130562178047
West Virginia,1956,-0.4076459827131265,-0.7006589033474475,-0.8628729217955828,-0.858896827845658,-0.14127158971714204
West Virginia,1957,-0.41975723185014724,-0.7181023569707324,-0.7558664780423346,-0.37908031364696837,0.30472833989830306
West Virginia,1958,-0.4707436968121276,-0.7425108328059618,-0.8303026160738145,-0.5076971258087678,-0.9611189868312265
West Virginia,1959,-0.48522090206493046,-0.8215367452923691,-1.0658980472003483,-0.8726984653937748,0.9689347975592522
West Virginia,1960,-0.4933983577288881,-0.8077976784156992,-0.9985747215362155,-0.6907722150875523,0.733354962524651
West Virginia,1961,-0.48470281958905576,-0.8391007648932028,-0.35231086912642584,-1.3110888161180752,2.2728434018061763
West Virginia,1962,-0.47270044218584245,-0.7891115674011311,-0.3933596655197514,-0.6947447069783677,-0.7966318568739815
West Virginia,1963,-0.4419439931516898,-0.87353390918622,-0.33634541088985986,-0.3879431571804278,0.684020983326048
West Virginia,1964,-0.40786921113976893,-0.9086575608536391,-0.39590892938805494,-0.5397505676040808,0.9485939112127241
West Virginia,1965,-0.37424513531483217,0.19287235374027495,-0.37019789952376053,-0.40486236456139263,1.7188727492995484
West Virginia,1966,-0.3315287750022268,0.05562774122925333,-0.33145562474215634,-0.27923550965950855,1.2355029251331906
West Virginia,1967,-0.2814037537352236,-0.036949399457583076,0.1865071947455848,-0.4035065366596418,1.4485976929909492
West Virginia,1968,-0.2600260462052259,-0.12997216378368198,0.1420816694996712,-0.4189455842893153,1.2070709160206232
West Virginia,1969,-0.23464253232932844,-0.3346477164966206,0.035711585389508915,-0.7288928892699887,0.3956629051486922
West Virginia,1970,-0.22779678209411816,-0.4357937260640525,-0.2638453692595859,-1.296834462282757,0.5178139760709362
West Virginia,1971,-0.23026802587429043,0.022260857867737707,-0.13854910925511607,-1.195678046204359,0.7112490380848476
West Virginia,1972,-0.24319120684967768,0.13160728285628412,0.010705737031279767,-1.153116931895182,0.9469511979276742
West Virginia,1973,-0.24648517272971635,0.0025105347056708326,-0.06499546378354168,-1.1065176974632682,0.5288146588549333
West Virginia,1974,-0.2462053740579331,-0.0637950390876888,-0.039704779576693355,-1.5169624652196332,1.2823456381373832
West Virginia,1975,-0.2342343785183674,-0.13653519548747994,-0.1380497017933901,-1.3174322257356141,1.2690634071277416
West Virginia,1976,-0.20894288599028,0.11144877343059209,-0.17935546617885234,-1.5368545758288108,0.944398102772321
West Virginia,1977,-0.16815916884980214,0.11627092553193491,-0.23670883638484802,-1.4169112269965554,1.2021180589752838
West Virginia,1978,-0.11121108705868242,0.08279311577365277,-0.21643103039924266,-1.4674885181067556,0.8799411626507198
West Virginia,1979,-0.0036488870810585474,0.09376926245301567,-0.24758492769936852,-1.3449035052455043,1.2225208558989562
West Virginia,1980,0.09550522437523287,0.053337389928407024,-0.24162743119262026,-1.1962339573808691,1.0828599367936127
West Virginia,1981,0.23667260193820905,0.34320452237278687,-0.10579835895658649,-1.1843395931806686,1.0781166114633418
West Virginia,1982,0.3085657858245893,0.33787648765565376,-0.11336412972617071,-1.5069078027745868,1.0468907403874739
West Virginia,1983,0.44109979463555443,0.2994614017887053,-0.2044949325572476,-1.324383957555613,0.9827943989072951
West Virginia,1984,0.6391321076955746,0.7771235406615179,-0.08239840045332797,-1.3572590952641919,0.7653012275661893
West Virginia,1985,0.8010893478249047,0.7319763997299048,-0.0568965485339526,-1.150474530788946,0.7931820524525219
West Virginia,1986,0.9662250862229298,0.6513469302214369,-0.1823490451022354,-1.443037825266431,1.1115037320544507
West Virginia,1987,1.1146186040322057,0.6821483333552439,0.0026264646677237034,-1.2710223822268154,1.1917496211676488
West Virginia,1988,1.3051081043893744,0.608807676293461,-0.08551086148006977,-1.4274062813361859,0.9431875190121117
West Virginia,1989,1.486214947022305,0.420940225203875,-0.17511338782142855,-1.2361388768598638,1.237188855839878
West Virginia,1990,1.5994844591565747,0.3363855917055452,-0.1894226562478284,-1.2381681974971794,1.3003351387323838
West Virginia,1991,1.6471055561335197,0.2923037432292976,-0.3003511284644729,-1.2888109653646682,1.3663128195213359
West Virginia,1992,1.5944071694326336,0.23325502356222477,-0.30004253826540034,-1.39316167721138,1.3958899971081922
West Virginia,1993,1.5912506528270047,0.19197348611079643,-0.30598415387617756,-1.3462569594583191,1.0034037820107478
West Virginia,1994,1.6154122029100453,0.37884485177175015,-0.36131221163628185,-1.380931607205023,1.2458471813326621
West Virginia,1995,1.6578487249401623,0.3954357107965726,-0.24950271496936766,-1.3798065667318589,0.9737511297736144
West Virginia,1996,1.6664050546392328,0.3540901700950547,-0.16998366759541705,-1.5058737689669035,0.8596641956923144
West Virginia,1997,1.605841125626972,0.3904043545734673,0.02635968357969767,-1.4031285166672451,1.1652672806791826
West Virginia,1998,1.5960804027020217,0.37172314081164864,-0.26622139072806794,-1.4117318815988753,0.885215013468826
West Virginia,1999,1.5591253513211838,0.3552032401104561,-0.2023572601361795,-1.442583072769152,1.0554872461549254
West Virginia,2000,1.563700163382642,0.3184272724374975,-0.06986078576212228,-1.402007358986049,0.7585703463215442
West Virginia,2001,1.4300315254145894,0.26086114060962917,0.1310887656306649,-1.4976440506854067,0.7020051477530135
West Virginia,2002,1.3393974233183443,0.23426611179935375,0.09601229135233826,-1.4953684858178413,0.9254914470458271
West Virginia,2003,1.206950567997348,0.13677144741011785,0.09313315468220215,-1.5022511352749808,0.901991609680719
West Virginia,2004,1.1069727913372653,0.09746735166221038,0.08792304739479193,-1.444004726958084,1.2204635329788844
West Virginia,2005,1.0262222212510261,0.047634341659640464,-0.06542653182434907,-1.584875319238662,0.4135198884649911
West Virginia,2006,0.9919096270302391,0.02946015689935343,-0.0020696038442822168,-1.6192569515108168,0.5953270706952548
West Virginia,2007,0.9272509956254564,0.024038631021340958,-0.04006429136397874,-1.6717272722571852,0.7987171956010556
West Virginia,2008,0.862945887731915,-0.1322263305111296,0.0633756339665757,-1.7313317738362675,0.14757274065939158
West Virginia,2009,0.8561858155404941,-0.1543883860023625,-0.07254167205103933,-1.6818926401276222,0.5575101198379666
West Virginia,2010,0.8446074308855226,-0.1598748981411735,-0.1522125971844184,-1.761664675378635,0.1385196435518586
West Virginia,2011,0.7722060566688171,-0.19003757124344467,-0.030369742184290865,-1.7070555247178352,-0.08125999128949705
West Virginia,2012,0.6541619601736275,-0.1893480935567157,-0.031381885470894676,-1.7439960683585354,-0.3626758500840973
West Virginia,2013,0.5587483624437821,-0.1935612115812122,-0.10306082248135529,-1.7143091092887401,-0.9213170828659666
West Virginia,2014,0.4556135807384762,-0.20476050109847316,-0.12811235380196515,-1.7032970542506658,-1.003603970713345
Wisconsin,1946,-0.7718209696256758,0.055202791767827504,0.6522659668159829,0.8790606514206372,0.3978101419739947
Wisconsin,1947,-0.7676475142423106,-0.05085994605603708,0.8444040696607611,0.8727715292281885,0.1947773417449403
Wisconsin,1948,-0.760624313464626,-0.05528185600539455,0.8039316888910162,1.2788674746559814,-0.551589095390172
Wisconsin,1949,-0.7693394350745886,-0.18469110808725608,1.0744111862397285,0.8438140732165025,-0.31741027921003867
Wisconsin,1950,-0.7588399100393315,-0.0828487087212689,1.0950893100678765,0.7396796245391186,-0.8001165615203631
Wisconsin,1951,-0.7460969899017187,-0.16039160276102674,1.3220018605886774,0.8707630534430089,-2.135232873519929
Wisconsin,1952,-0.7387513049070981,-0.16650148582389623,1.2421105753381494,1.337373755543821,-1.0675582213167816
Wisconsin,1953,-0.7031547284266335,-0.16052424927228165,1.4294959309192428,1.68541505819292,-1.157484090676799
Wisconsin,1954,-0.6832149860008514,-0.2501464052638687,1.5876417501443087,1.799325860945782,-1.0220503218568553
Wisconsin,1955,-0.6503165939513874,-0.2103618648583236,1.522267733334683,1.4120137478756885,-0.5911354258427465
Wisconsin,1956,-0.6114535150919074,-0.2621613915035609,1.431573345612489,1.63131346332209,-1.828362232847952
Wisconsin,1957,-0.5793045908424882,-0.2783900993993563,1.5927927620493283,2.1675831200690356,-0.7043668451952689
Wisconsin,1958,-0.5567805845890694,-0.3677304729243559,1.3138935130683291,1.5361024934485124,-0.2532899508842893
Wisconsin,1959,-0.5646488240028293,-0.4549324816512954,1.490705420696102,0.7566547009236034,-0.4023467304737412
Wisconsin,1960,-0.5601522131917542,-0.41326442316281586,1.637745237076514,1.2868011877289514,1.4112758986966147
Wisconsin,1961,-0.5550884209753013,0.5004064485469413,1.757384525302109,0.8669231152460208,0.2153806044178871
Wisconsin,1962,-0.5510952310016177,0.539589666423428,1.6197306581943194,1.0421063019655632,0.4305691776689429
Wisconsin,1963,-0.5371243745985532,0.48018194705965994,1.794351190375298,-0.37762225212560513,0.1661655604630928
Wisconsin,1964,-0.5304297139283398,0.40512548478789395,1.5644822619316907,0.9435618734658883,-0.7350062350915635
Wisconsin,1965,-0.5096538135146214,0.722953013302777,1.6416879974729501,-0.17878270666943938,-0.22081002390262727
Wisconsin,1966,-0.4832170504209094,0.5975234650315535,1.0690783490085847,1.1427454220918527,0.16702094246254706
Wisconsin,1967,-0.45534515978311946,0.51970161376982,1.1142694299722755,0.06227064945605976,-0.6055872340402388
Wisconsin,1968,-0.4345993270646483,0.43886313347941863,1.3095943529551688,-0.3363477919727847,-0.017390558873486978
Wisconsin,1969,-0.43022492611923807,0.2633928604826561,1.4298742528684651,-0.6320567224165557,-0.16590813061733095
Wisconsin,1970,-0.42434078414300264,0.18789800844507132,1.0876140229676714,-0.033564677193365096,-0.11730402980162276
Wisconsin,1971,-0.4136302266824365,-0.0169473543961644,1.2936034444914855,-0.5364074347580025,-0.43611999253604466
Wisconsin,1972,-0.3790230653125971,0.18774692361473314,1.6819534159970144,-0.654308279899809,-0.075647923032309
Wisconsin,1973,-0.33691163379277805,0.0015860940129240743,1.3895293656452175,-0.8486666344503766,0.46736943565626415
Wisconsin,1974,-0.302199805129056,-0.09995071920634709,1.1495353676815203,-0.05925618551631795,-0.04174595908528902
Wisconsin,1975,-0.27403708466815785,-0.1231615783229171,1.2928942697797732,-0.35897080187732994,-0.3125454150686888
Wisconsin,1976,-0.2771425512839759,0.03520415013706451,1.2813889254714705,-0.1479607248290369,-0.46155062305792494
Wisconsin,1977,-0.2704574958544955,-0.04350139680412828,1.3105257487783248,-0.13399819524237966,-0.06796775866954319
Wisconsin,1978,-0.30234240447704674,-0.018770361099146957,1.3065600488665832,-0.06973471578894438,0.07349886430549886
Wisconsin,1979,-0.32495453958697496,0.000527248267834336,1.2985108469419866,-0.05443843036392848,-0.13626838042208594
Wisconsin,1980,-0.3315770003026745,0.005941004076239703,1.2492574115814168,-0.0005959605974140937,0.0844838374245369
Wisconsin,1981,-0.37671462494912433,-0.08142643719275322,1.430914299044363,-0.15435569337335425,0.40380167085023116
Wisconsin,1982,-0.400685275913543,0.4936702891333434,1.43656044047657,0.07619745638933426,0.23005978026601814
Wisconsin,1983,-0.4507052256439874,0.5931977414441866,1.51057266261307,0.08943607201393144,0.5528685034294097
Wisconsin,1984,-0.4780356940482524,0.5842790067641962,1.4422243954903964,0.5694458394909185,0.27347467354808463
Wisconsin,1985,-0.46936827614661725,0.5810215004144451,1.337294313860747,0.3182796289396706,0.3131841821804683
Wisconsin,1986,-0.4312858992241483,0.6282198835923029,1.257593236069714,0.3731320882084776,0.1054567988486947
Wisconsin,1987,-0.407033436874177,0.7195496357512378,1.367178534194006,0.48712434131383126,0.2596804251344482
Wisconsin,1988,-0.35396804577657165,0.6483977476916631,1.2230293833222332,0.35138880462617067,0.36047741519592646
Wisconsin,1989,-0.38613663926202313,0.5627063650116712,1.4508800733362668,0.4463281356748236,0.4042913594979659
Wisconsin,1990,-0.43120858266238704,0.4352161562075901,1.2791643488177413,0.44301791157195436,-0.09796666911923911
Wisconsin,1991,-0.44841885280258126,0.2926532261796992,1.2104351011349945,0.291810210251074,0.4413054286493505
Wisconsin,1992,-0.43117423509570424,0.45106561734202216,1.0094910242199773,0.29258905611573116,-0.10887025455177422
Wisconsin,1993,-0.4321879937431724,0.3667478063273892,1.0005912397510721,0.1937172806111643,0.4010233289663775
Wisconsin,1994,-0.3002567931633802,0.6112326831061535,0.9641180988030801,0.13876805650463445,-0.08266675123673509
Wisconsin,1995,-0.19149628555640358,0.5774562820910226,1.0115870919809258,0.12131725474718684,0.24345844384105791
Wisconsin,1996,-0.10135505760679946,0.577357236393567,0.9349531193857843,-0.007015267673567179,-0.336050775729917
Wisconsin,1997,-0.06402491119340069,0.5648798024289639,0.7183135494039281,0.04463208877613174,0.13318490971013996
Wisconsin,1998,-0.011202386602065477,0.26947174293340875,0.7366553441266913,-0.14409269008185163,-0.23045848659025533
Wisconsin,1999,-0.005823865458423021,0.17597322904109725,0.7962320567861024,-0.10370983487290647,-0.12467615204715238
Wisconsin,2000,-0.02941231501547291,0.18634572281458986,0.8818267631830753,-0.19457855401631993,-0.24660861457598815
Wisconsin,2001,0.0011248399990499165,0.3429478025834181,0.8859143294579243,-0.13761673058871196,-0.26431768031906555
Wisconsin,2002,-0.033048712443432444,0.40213076892105437,0.9418636118670505,-0.14108971763608813,-0.2981568897588887
Wisconsin,2003,-0.07540286998188991,0.3495055263085715,0.8443856869702803,-0.03970479070507613,-0.0668088902462891
Wisconsin,2004,-0.027641940188013196,0.29993307083632037,0.80008575356849,0.017284328780701633,0.15795251159509985
Wisconsin,2005,-0.04126644637470218,0.26156781937170914,0.7860738564773784,0.16440057817284337,0.7233714111494935
Wisconsin,2006,-0.07075030117557517,0.2312256827200253,0.7077721485839996,0.3413291869499372,0.3289690827587789
Wisconsin,2007,0.07535283175401747,0.16255420237936696,0.6117512877034936,0.33450573527814464,0.558644767344342
Wisconsin,2008,0.09504680025528107,0.17833145765639924,0.6889625278515534,0.2585405927434969,0.4632083192397325
Wisconsin,2009,-0.06166455837051687,0.37706040192247486,0.763854621162659,0.2385948517402289,0.2277226231171023
Wisconsin,2010,-0.1646574136915041,0.4697389560008424,0.9024619698094885,0.1195231536175205,-0.03207502123610461
Wisconsin,2011,-0.12145987123730183,0.3651559353264412,0.7944203554750447,0.21973176165118552,0.16164058967142775
Wisconsin,2012,-0.1527945220624756,0.3148812117418257,0.7779917018346307,0.07794924895524052,0.16653740489139626
Wisconsin,2013,-0.16715839201599494,0.21078239990186987,0.6795139825024645,0.2598948766888999,-0.04798769864720907
Wisconsin,2014,-0.1685723111702881,0.22488221214675083,0.5859852038610419,0.22753132994100722,-0.062178683199721196
Wyoming,1946,-0.43880150968268894,-0.9987922405502094,0.1418384468422053,0.8350491368729989,0.5073484493664138
Wyoming,1947,-0.43850107617286216,-1.2095757461320857,-0.05341526114453039,0.7979948179199244,0.05464323823856698
Wyoming,1948,-0.43678908358817753,-1.1267511252308295,-0.04874606260701453,1.139365664680298,0.12313141649897587
Wyoming,1949,-0.4449290739149888,-0.6605942764663915,-0.05313329587953704,0.5136981099689009,0.8015498902230587
Wyoming,1950,-0.4573176017705719,-0.7275685448621712,-0.0878095887798774,0.2392485393129087,0.20815231128022785
Wyoming,1951,-0.465170651728663,-0.6309510368379091,-0.1573490134170863,0.09753633735538286,-0.042668161459297645
Wyoming,1952,-0.47460620166629286,-0.6798702995549688,-0.1575961318727291,0.20841162770567526,-0.2809004792914098
Wyoming,1953,-0.5021049896697954,-0.7140469479811861,-0.25213999574109996,0.4935054021730532,-0.3568364127429604
Wyoming,1954,-0.5044268115369236,-0.700886039192484,-0.2663345738190717,0.5452973215211488,-0.4992082554438019
Wyoming,1955,-0.512797536412723,-0.7597915238993498,-0.024212734963489257,0.27238659960472716,-0.24532970660562148
Wyoming,1956,-0.5295954764189836,-0.8781563784419736,-0.09187696579942185,0.02087566276043402,-0.7884135347027914
Wyoming,1957,-0.5632561656108039,-0.9068976653063944,-0.08179857087457981,0.31284072028024185,-0.14680175383377658
Wyoming,1958,-0.6069125312910797,-0.8531982183545955,0.04254643105399592,0.19057733135137808,-0.5928467067944118
Wyoming,1959,-0.647401742789865,0.14555011933277254,-0.15481742246513555,0.15516255065391293,-0.28566692936734955
Wyoming,1960,-0.6937950686765958,0.06721972611789828,-0.2580120095727987,0.03964402247875989,-0.4875085969906557
Wyoming,1961,-0.7322187029411588,0.09326475796362935,-0.1287495348615389,0.24041021853787295,0.2813457081592546
Wyoming,1962,-0.7564268383628524,0.06970607360720162,-0.014961002566860622,0.25671737241017867,-1.0796245538333804
Wyoming,1963,-0.7820987865615066,0.010590838250926311,-0.34490017792852834,-1.651757958721905,-0.5897324211998735
Wyoming,1964,-0.8025473155435704,-0.06704039781693152,-0.5138221017437332,0.07709396953098364,-0.46445935707213365
Wyoming,1965,-0.8184198168297183,0.5217678623383016,-0.6093357029544944,-1.1728888696193334,0.25176074570268503
Wyoming,1966,-0.8150590116103122,0.3973030316616277,-0.7816843360126899,-0.8015059501842408,0.6772407751071954
Wyoming,1967,-0.8216675106197162,0.266369941300956,-0.6143440314242036,-1.743331170767709,0.33349009944647595
Wyoming,1968,-0.8248412044628142,0.20846861035929234,-0.6172252284520005,-1.239255588079441,-0.15097945063848775
Wyoming,1969,-0.8377939943251393,0.061579116830190586,-0.9372330507720544,-0.857101732731727,-0.3259912367792564
Wyoming,1970,-0.8467822618438904,-0.014279535243099637,-1.0398272591469084,-0.5500485568918555,-0.6076008807698793
Wyoming,1971,-0.8693110844599868,0.00230751736367026,-1.159248449479708,-0.43380088751330576,-1.0982347013070437
Wyoming,1972,-0.889096522719175,-0.261696115596345,-1.2275586652341635,-0.18018789567021345,-1.0094410867027148
Wyoming,1973,-0.9211599763826139,-0.0736264892566877,-1.0971642825417902,-0.14325541293004312,-1.0020462087815385
Wyoming,1974,-0.9604317897476219,-0.16966677778279618,-1.2008201282161328,0.01856486436831689,-1.0140165347068073
Wyoming,1975,-0.98543857478654,-0.1610844355251911,-1.277998048476548,0.05286246872588077,-1.17957170669804
Wyoming,1976,-1.0051179680396793,-0.22760876207959344,-1.1394408141288797,0.06150950112288013,-1.1170826424573992
Wyoming,1977,-1.039606618757864,-0.19833958450028163,-1.3393096766900505,0.06086920840677162,-1.2568416777781801
Wyoming,1978,-1.074447226012217,0.01896448935752099,-1.252282796559603,0.18479593256867446,-1.3873598000151852
Wyoming,1979,-1.0915894444868062,0.05768985736479853,-1.3643030193636525,0.188050309218503,-1.3675857399397477
Wyoming,1980,-1.102698365525106,0.021592147721140712,-1.3159232332399093,0.3150438078197545,-1.5893108947260952
Wyoming,1981,-1.1111300071187324,-0.05102962118977591,-1.3611110825618051,0.061107677642369324,-1.476566423727437
Wyoming,1982,-1.1345453036755195,-0.023871039892714274,-1.418035538625188,0.3013674856014655,-1.5503671177096379
Wyoming,1983,-1.1567298370900259,-0.10398519000187172,-1.179568912675882,0.03428083497701299,-1.7197469399042928
Wyoming,1984,-1.1454484397513593,-0.09878348526542487,-0.9014200366764306,0.3832531452293221,-1.4043229629083196
Wyoming,1985,-1.1520214836601763,-0.1386389243898934,-0.823126129730536,-0.190601751143269,-1.6737055516448158
Wyoming,1986,-1.1741295168246788,-0.12327771132257132,-0.7662070990231046,0.02152677387513109,-1.4633451451939397
Wyoming,1987,-1.2084762719311901,-0.1413193768252437,-0.856998762515969,-0.3793783905284312,-1.4668199666329163
Wyoming,1988,-1.2561984209853136,-0.1691584520197978,-0.7089485815024599,-0.24579884863081153,-1.4189104180166139
Wyoming,1989,-1.3110086009506712,-0.45110600446501403,-0.9202007013278668,-0.6473133999718453,-1.3324541257641247
Wyoming,1990,-1.3511523363288818,-0.47911465552722843,-0.7047763522694309,-0.5382607850579252,-1.261152989482508
Wyoming,1991,-1.3856943619291968,-0.527321892090031,-1.0619293965632286,-0.7528437297980208,-1.1525856685830902
Wyoming,1992,-1.4437326629976164,-0.5341834433920979,-1.1017873649092755,-0.7336537798378532,-1.0940852834665549
Wyoming,1993,-1.4980964184305727,-0.5181183416881636,-1.256648624344232,-0.8301984029166339,-1.0562374938962285
Wyoming,1994,-1.5348729438377036,-0.5713932404070488,-1.418280792106401,-0.9090741818994382,-1.0632786638505825
Wyoming,1995,-1.5653831333569828,-0.5303931620919334,-1.297264302541116,-0.9778127567695816,-1.0160732088069737
Wyoming,1996,-1.5788455362596943,-0.5813983829949193,-1.3046431421077886,-1.0302767049026424,-0.9888476010035143
Wyoming,1997,-1.5964258356537402,-0.5434523801819923,-1.3351884204498292,-1.064334187274676,-1.0929691884553148
Wyoming,1998,-1.6162883578262044,-0.5146009382748312,-1.6247844014296384,-1.0386654847937982,-1.0533628058934248
Wyoming,1999,-1.6129576562356123,-0.5122910890543033,-1.499731778115847,-1.056235951231652,-1.3123407152605735
Wyoming,2000,-1.5957366187648088,-0.5046210416976963,-1.6378043751191478,-1.0684487617906409,-0.9589814029320554
Wyoming,2001,-1.6110738490564342,-0.6129843379653587,-1.7672069347805937,-1.0135127872644902,-1.5469441974400855
Wyoming,2002,-1.64031129296596,-0.6334039869223984,-1.7774956017047403,-1.0064744703607456,-1.382599495324412
Wyoming,2003,-1.6914874724917328,-0.5909604755348091,-1.3269120359298547,-0.9639336817585682,-1.7779573929113865
Wyoming,2004,-1.7460829954035455,-0.6794793481497641,-1.5017913366778133,-0.9462529255447257,-1.8156758653805198
Wyoming,2005,-1.7886904140580377,-0.6473800291094874,-1.2952362034233573,-0.9689591826406814,-2.098054425813234
Wyoming,2006,-1.8334097176449984,-0.6178632106305812,-1.166871759683457,-0.9489120956643546,-2.2758688403439615
Wyoming,2007,-1.8709296014505918,-0.5495611671405117,-1.2420168054992164,-1.0056130232867495,-2.4727414552256777
Wyoming,2008,-1.9113547485956184,-0.5802720784045357,-1.1671568887315633,-0.8902588164880243,-2.5016784365477207
Wyoming,2009,-1.9197610544236987,-0.5879498321173046,-1.179891982758223,-0.9468688713378522,-2.619346105034465
Wyoming,2010,-1.919507586951671,-0.6167157483154875,-1.6154672373678005,-0.8543982958806324,-2.401104221003035
Wyoming,2011,-1.8981610079327547,-0.5984151153508803,-1.5729289062447935,-0.9019342011513296,-1.9562908721483339
Wyoming,2012,-1.841452665950276,-0.6178659297337497,-1.5650219154222764,-0.8808916991914473,-2.2649620441653964
Wyoming,2013,-1.8519434108042585,-0.49497581386639317,-1.3785431578132012,-0.8778964916117776,-1.8890729463757825
Wyoming,2014,-1.8629938169635014,-0.535025523863537,-1.6745110396805625,-0.8336065857128288,-2.012282020203555
divided_line,0,-0.7320811481614193,,,,
divided_line,1,-0.7243402475399235,,,,
divided_line,2,-0.7175817802264889,,,,
divided_line,3,-0.7147034012195257,,,,
divided_line,4,-0.7084738136569612,,,,
divided_line,5,-0.7044824029079575,,,,
divided_line,6,-0.6994525499204758,,,,
divided_line,7,-0.6755074419683246,,,,
divided_line,8,-0.667031304245964,,,,
divided_line,9,-0.6579132743227587,,,,
divided_line,10,-0.6607915569305066,,,,
divided_line,11,-0.6673080476063016,,,,
divided_line,12,-0.6903704373694302,,,,
divided_line,13,-0.7152934791178314,,,,
divided_line,14,-0.7419905948665594,,,,
divided_line,15,-0.7627723855768659,,,,
divided_line,16,-0.768549419387195,,,,
divided_line,17,-0.7787041753474172,,,,
divided_line,18,-0.798552388514694,,,,
divided_line,19,-0.8126077121846402,,,,
divided_line,20,-0.8140861300546582,,,,
divided_line,21,-0.8161387883000527,,,,
divided_line,22,-0.8208028386512358,,,,
divided_line,23,-0.8302147918073758,,,,
divided_line,24,-0.8392443100941636,,,,
divided_line,25,-0.8558154859574282,,,,
divided_line,26,-0.8671360837534433,,,,
divided_line,27,-0.89207981509191,,,,
divided_line,28,-0.922200991960885,,,,
divided_line,29,-0.9395812699033069,,,,
divided_line,30,-0.9487148934906086,,,,
divided_line,31,-0.9682547219044496,,,,
divided_line,32,-0.9812655741132917,,,,
divided_line,33,-0.9745243402979675,,,,
divided_line,34,-0.9588295988838477,,,,
divided_line,35,-0.9373361048847109,,,,
divided_line,36,-0.9319915937473777,,,,
divided_line,37,-0.9148804551335559,,,,
divided_line,38,-0.859683354155578,,,,
divided_line,39,-0.8080093430901123,,,,
divided_line,40,-0.7788668864106729,,,,
divided_line,41,-0.7519340665241226,,,,
divided_line,42,-0.7130757064600823,,,,
divided_line,43,-0.6761707267116616,,,,
divided_line,44,-0.6344996861185311,,,,
divided_line,45,-0.6188551234503206,,,,
divided_line,46,-0.6190413493885557,,,,
divided_line,47,-0.6141239132259589,,,,
divided_line,48,-0.5901749904576339,,,,
divided_line,49,-0.5729014041759334,,,,
divided_line,50,-0.5785590682654111,,,,
divided_line,51,-0.579049347533226,,,,
divided_line,52,-0.5746721980878738,,,,
divided_line,53,-0.5560250862584398,,,,
divided_line,54,-0.5137984165295783,,,,
divided_line,55,-0.4795712845589844,,,,
divided_line,56,-0.4469180677866191,,,,
divided_line,57,-0.4424863570992544,,,,
divided_line,58,-0.44864558561775125,,,,
divided_line,59,-0.4703256540050321,,,,
divided_line,60,-0.5092924003513435,,,,
divided_line,61,-0.562941872593463,,,,
divided_line,62,-0.6065524002315614,,,,
divided_line,63,-0.6358489162549535,,,,
divided_line,64,-0.6325077679448459,,,,
divided_line,65,-0.6600160795058021,,,,
divided_line,66,-0.6666707373235329,,,,
divided_line,67,-0.6988910663992696,,,,
divided_line,68,-0.7185076968604888,,,,
