"state","year","state_fips","ranney1_sen_dem_prop","ranney2_hs_dem_prop","dempid_est","reppid_est","dempid_se","reppid_se","policysociallib_est","policyeconlib_est","masssociallib_est","masseconlib_est","policysociallib_se","policyeconlib_se","masssociallib_se","masseconlib_se","dem_prez_vote","rep_prez_vote"
"Alabama",1946,1,1,0.990566,0.577986925629483,0.246649166708109,0.0233856474673426,0.0207686099443815,0.623000306582267,-0.607996170558469,-0.57586719119625,-0.0359164362051822,0.50627779847035,0.304181325163305,0.150720383687571,0.0847648161569183,NA,NA
"Alabama",1947,1,1,0.990566,0.579871673788276,0.245361621554241,0.0215804914277614,0.018972138684138,0.61105435526316,-0.728218801441386,-0.3867577302151,0.0258640933525328,0.524925922179731,0.301940896518779,0.14602924436794,0.092520522130231,NA,NA
"Alabama",1948,1,1,0.990566,0.582186771967557,0.243254829308877,0.0199370636595898,0.017400220839507,0.574122429591199,-0.702107551533551,-0.437302684909512,0.0521895012945711,0.486656658816295,0.310678005206395,0.123542700491674,0.0916998810342198,NA,NA
"Alabama",1949,1,1,0.990566,0.587156841129416,0.240556523148813,0.0187308957614959,0.0161970616212227,0.554596729096618,-0.877215970632154,-0.353490686338586,0.0758707304171738,0.491115278109392,0.304197838439094,0.13932604896302,0.0870248399114114,NA,NA
"Alabama",1950,1,1,0.990566,0.591759049948834,0.236371923069008,0.0178907422588078,0.0157587191907019,0.523700849702133,-0.978477863330936,-0.214016912424318,0.0718724907126006,0.509709741421744,0.302136198804901,0.161298415509236,0.115203524753623,NA,NA
"Alabama",1951,1,1,0.990566,0.595115424645521,0.232857287678475,0.0176848287610425,0.0153367683477207,0.472597524476879,-0.783288236056708,-0.334959785839398,0.191165619252699,0.505284282143179,0.304298684356243,0.198274906669727,0.116214253938833,NA,NA
"Alabama",1952,1,1,0.990566,0.598873213217681,0.228450722994514,0.016202328268919,0.0139697082530137,0.45698621656973,-0.723012700903111,-0.341226661372763,0.081482093245512,0.535111790678521,0.313158889601751,0.148469797730151,0.0946729326071704,NA,NA
"Alabama",1953,1,1,0.990566,0.598347909240012,0.227037876732639,0.0145127959826032,0.0130754130240342,0.45343414646736,-0.927433667682116,-0.445116378830816,0.129602288471679,0.4994287033916,0.315304925705844,0.145230048757874,0.102713234990781,NA,NA
"Alabama",1954,1,1,1,0.604553857366773,0.22286399862725,0.0126983138675097,0.0115226707588274,0.391121899723205,-0.8426021893047,-0.662088816394901,0.262740422924405,0.520516352922598,0.302504497339587,0.115503887976697,0.0724652225119337,NA,NA
"Alabama",1955,1,1,1,0.608444712177052,0.220313697728866,0.0115817552518477,0.0097837285170792,0.355202975162534,-0.794903763660398,-0.496397131981541,0.199663661571132,0.491764223102513,0.308171202155426,0.116499740607325,0.0684174107679873,NA,NA
"Alabama",1956,1,1,1,0.610964892412599,0.212667063091054,0.0113390241671633,0.0094206428424712,0.321101633652977,-1.25402946289402,-0.704342009630269,0.314962967497489,0.533169382398908,0.322450408714504,0.110990634399899,0.125304984437014,56.5,39.4
"Alabama",1957,1,1,1,0.603367761734542,0.208486926637165,0.0118549566823398,0.0098663078994487,0.348462144018119,-1.03028655888285,-0.575829151376045,0.189553017478287,0.506383916334812,0.316969688728344,0.135161606179878,0.0991044769893347,NA,NA
"Alabama",1958,1,1,1,0.599529702566071,0.201981664659995,0.0128727765680716,0.010253006221585,0.297371437930117,-1.37316767441667,-0.73091563542942,0.189105079392691,0.511115344681011,0.326169714560616,0.112195011121046,0.119535617774658,NA,NA
"Alabama",1959,1,1,1,0.591842886274102,0.193369085459235,0.013374291389371,0.0100389872171593,0.262030683733069,-1.20523827770871,-0.688854049003708,0.0740642213313892,0.473708670661719,0.333675321184342,0.118214241209926,0.124345207996368,NA,NA
"Alabama",1960,1,1,1,0.580265247957138,0.188887642877874,0.0131541686071513,0.0102545577046607,0.220698090122342,-1.15570864503351,-0.768195427040359,0.264523452634389,0.511691125245164,0.326726887060087,0.131061629337234,0.111101596762471,56.4,42.2
"Alabama",1961,1,1,1,0.568037540494406,0.186037409305129,0.0133632106647618,0.0103165184124087,0.0370625686602309,-1.11890266228903,-0.772694511542509,0.329302263628123,0.468513523568468,0.320938959248136,0.113032032924018,0.0955205352488772,56.4,42.2
"Alabama",1962,1,1,0.9811321,0.55692207598197,0.184806069905609,0.0130446455198847,0.0100492900330414,-0.0016713333239188,-1.04558759863642,-0.883962289246099,0.190625602202137,0.47322598777227,0.311545782892691,0.198580314249841,0.101795250381185,56.4,42.2
"Alabama",1963,1,1,0.9811321,0.5446379236816,0.183834095925466,0.0130940807526981,0.009936317763229,-0.0527947599659433,-1.12535434442171,-0.41481703312117,0.343467868064202,0.476288973764664,0.321124754116255,0.149911647790412,0.135666128281986,56.4,42.2
"Alabama",1964,1,1,0.9811321,0.533630707247269,0.180678983201436,0.0132093887366385,0.0096434456238266,-0.118758578300563,-0.85436004381223,-0.840348117223616,0.338594686621624,0.49634708121098,0.329438675604037,0.156122752107091,0.0956368170643281,30.55,69.45
"Alabama",1965,1,1,0.9811321,0.519231337830211,0.177235392431071,0.0131510180669167,0.0093570069779575,-0.209150076647308,-0.998331789411592,-0.641837037527838,0.120682910792308,0.462468823202835,0.339287035020821,0.140728398285562,0.121304879771957,30.55,69.45
"Alabama",1966,1,0.9714286,1,0.509280236837632,0.171573629831143,0.0121468443337208,0.0088784614297037,-0.0897041723033653,-1.17654579771518,-0.826628630308155,0.115761142609942,0.467048365577238,0.362249912731762,0.1286949157856,0.12757400249093,30.55,69.45
"Alabama",1967,1,0.9714286,1,0.504546280316573,0.161113775992636,0.0116848689098215,0.0084470081464521,-0.142142076188251,-1.25838731215944,-0.645223390586192,0.0349180291607648,0.465921651534912,0.379549398319816,0.142488259221453,0.131591505247427,30.55,69.45
"Alabama",1968,1,0.9714286,1,0.497871092964447,0.151524090763375,0.0107082475542526,0.0076405601661668,-0.16555652392829,-1.10413027301002,-0.541708199005937,0.117868169930909,0.46541049176409,0.36549759238145,0.0901502431359079,0.087819079576448,18.7,14
"Alabama",1969,1,0.9714286,1,0.492381493575133,0.14968888871401,0.0115635523441446,0.0083603492062589,-0.258248140595532,-1.32625672637305,-0.560435533785701,0.288305546286276,0.471813300129768,0.382965446740663,0.151470719317545,0.134731395138854,18.7,14
"Alabama",1970,1,1,0.9809524,0.49170659385514,0.150775983108486,0.0122218472031974,0.0085130876040857,-0.379313953913682,-1.34617112399322,-0.42360762011326,0.230593903489935,0.454447530891916,0.383590137341491,0.163612050553684,0.155196406850489,18.7,14
"Alabama",1971,1,1,0.9809524,0.496423089352796,0.151801065388156,0.0119813716511566,0.0085515681079661,-0.546280064161251,-1.42893214090748,-0.465786878642531,0.197257576738911,0.437449269357838,0.41274030195902,0.152626060339188,0.139853565526791,18.7,14
"Alabama",1972,1,1,0.9809524,0.503062249796356,0.15047186999207,0.012610462196301,0.0083803429495155,-0.704732370458544,-1.10726177412942,-0.381199175859741,0.202404038515539,0.403480896899114,0.362802933140153,0.132216760649065,0.134493619024567,25.5,72.4
"Alabama",1973,1,1,0.9809524,0.510872336524542,0.147430535581464,0.0127440304663141,0.0085678983511355,-0.540809209154097,-1.43980074910381,-0.390616398074275,0.138567023056413,0.413708685555384,0.403816386048502,0.161653875415312,0.140893526734949,25.5,72.4
"Alabama",1974,1,1,1,0.519907741225119,0.14413514634277,0.0122289608303803,0.0084722535468347,-0.750609154687438,-1.34395385057392,-0.358575110215833,0.133372443997527,0.43699124182029,0.382904190117541,0.130952062861547,0.134873766598771,25.5,72.4
"Alabama",1975,1,1,1,0.527519996019859,0.141872079834893,0.0117477152589677,0.0082218293272544,-0.758241754212875,-1.49355991306266,-0.354750354551585,-0.0300287636437014,0.434145918325068,0.422195032432123,0.139302134182671,0.144355705192239,25.5,72.4
"Alabama",1976,1,1,1,0.532157409189831,0.142083893447194,0.0112280994210677,0.0078863372048521,-0.730158073939288,-1.3875729600593,-0.267393531814213,0.030456927442167,0.414197460768642,0.381729752938638,0.126487956160002,0.153381289068736,55.7,42.6
"Alabama",1977,1,1,1,0.534788640190033,0.142788315274147,0.0110090142350867,0.0076316205372455,-0.75982853866658,-1.40056336391171,-0.33756220846043,-0.0652967958222775,0.41803138472585,0.360160919203661,0.134390939205135,0.173688629715963,55.7,42.6
"Alabama",1978,1,1,0.9619048,0.537419487761275,0.144109815163388,0.0106380942991748,0.0072716041102703,-0.795196323448428,-1.49220553906498,-0.46169255247043,-0.0556670716484305,0.405377414411657,0.386253906920154,0.136408896318819,0.149908285969999,55.7,42.6
"Alabama",1979,1,1,0.9619048,0.535681939787788,0.14917055863512,0.0106506114943154,0.0070850320074377,-0.84332970948482,-1.50453222322469,-0.448849521479141,-0.0824105389532876,0.403964960078088,0.343845631156533,0.135809075717049,0.229835527078993,55.7,42.6
"Alabama",1980,1,1,0.9619048,0.533318717076944,0.155919666218081,0.0096538026567254,0.0069498579391058,-0.801618907677484,-1.81278188281108,-0.737058780428069,-0.136295023898365,0.421374142896681,0.380257778173242,0.134198406394874,0.164635009111277,47.4,48.8
"Alabama",1981,1,1,0.9619048,0.523698593633325,0.165712831212308,0.0103657995465616,0.007333592234742,-0.883419803630569,-1.82433623098057,-0.612723932621499,-0.0955735961580537,0.412916822386899,0.420481409741878,0.137012820576044,0.223820789498815,47.4,48.8
"Alabama",1982,1,0.9142857,0.9238095,0.516367609076418,0.175099211735416,0.0098804621194546,0.0073278700812453,-0.878728164436497,-1.90286804275076,-0.572316937023016,-0.164497051818344,0.364793961307625,0.397621176830612,0.145422029149246,0.173948159127589,47.4,48.8
"Alabama",1983,1,0.9142857,0.9238095,0.50335160074982,0.186942065286168,0.009543754508712,0.0076910779405476,-0.857031778222912,-1.96926817315863,-0.4185288343565,-0.249753547929863,0.410670863820068,0.423950483175024,0.136428020369173,0.176616648225297,47.4,48.8
"Alabama",1984,1,0.9142857,0.9238095,0.488491892368233,0.200277593334738,0.0092041157669521,0.0076190963469701,-0.881707545103647,-1.83154343344879,-0.495579574264345,-0.0361765421405367,0.396804771279749,0.385117410284226,0.126365604820568,0.171728969387923,38.3,60.5
"Alabama",1985,1,0.9142857,0.9238095,0.471189652301438,0.214799711008284,0.0093118851853192,0.0078071843040795,-0.899285759816238,-1.9266803294922,-0.463217320643467,-0.197080590659907,0.392978718433951,0.417870105628877,0.155539682417209,0.178210017485027,38.3,60.5
"Alabama",1986,1,0.8571429,0.8476191,0.458085230901853,0.224939356732138,0.0088460192899209,0.0079354509361931,-0.911375221243879,-1.95202183887255,-0.275967825167766,-0.034931706124109,0.404714658054577,0.385272657747502,0.164436861293309,0.171099237911746,38.3,60.5
"Alabama",1987,1,0.8571429,0.8476191,0.441975772421713,0.237532011331659,0.0081873737130952,0.0076914111860268,-1.08138788222816,-1.99340684808575,-0.51775049985411,0.0035228386131477,0.391337170052868,0.400484564509133,0.132114862547836,0.126052596928424,38.3,60.5
"Alabama",1988,1,0.8571429,0.8476191,0.429604025437018,0.248364039441086,0.0083012156703463,0.0080068389227484,-1.10907124548236,-2.04146188741434,-0.424650398200753,-0.0081026395874417,0.40840777930059,0.392355646899135,0.167945389894727,0.112078271205506,39.9,59.2
"Alabama",1989,1,0.8571429,0.8476191,0.41931188052452,0.256890019951677,0.0084906773415056,0.00792675255186,-1.10093260181651,-2.09417310790954,-0.457166884913906,0.185439208746272,0.398829465334186,0.381807336798714,0.177771908574492,0.125118459078209,39.9,59.2
"Alabama",1990,1,0.8,0.7904762,0.412257403652505,0.262689095947636,0.0083690666159402,0.008133000445377,-1.05929359737588,-2.00072574745536,-0.334601898939611,0.143284445658939,0.41475605306214,0.404008845888173,0.16444386545145,0.120280304424692,39.9,59.2
"Alabama",1991,1,0.8,0.7904762,0.405695299521163,0.269365912452932,0.0083298295768112,0.0081316982806725,-1.08036557686622,-1.81866345803038,-0.285472647451231,0.148607566217278,0.384936368243489,0.363287989917223,0.181761684626815,0.107457492133876,39.9,59.2
"Alabama",1992,1,0.8,0.7904762,0.403804329340077,0.27545175895069,0.0086386950447869,0.0077910278004629,-1.00007490752802,-1.79579191541939,-0.380065534156685,0.231801413809589,0.36232274226833,0.365671163285549,0.177509730065511,0.0999221444913037,40.9,47.6
"Alabama",1993,1,0.8,0.7904762,0.401994610512224,0.277948374240432,0.0084061933294638,0.0079954182464743,-1.00735893454502,-2.07550597694734,-0.298850771512627,-0.164187807716942,0.384863167208857,0.464273863092709,0.199396230191715,0.113354865312584,40.9,47.6
"Alabama",1994,1,0.6571429,0.7047619,0.398766752107652,0.283402019007594,0.0080922759980499,0.0078282126216867,-1.03533552876828,-1.76639541268867,-0.465465716716214,-0.0713909029170014,0.379163590832698,0.453813147544202,0.154897941428772,0.130982726795464,40.9,47.6
"Alabama",1995,1,0.6571429,0.7047619,0.396659148882378,0.285959161116914,0.0080459733531269,0.0076901154713126,-1.02368300299054,-1.61415991785694,-0.382553289647374,-0.296727094122495,0.378178639990639,0.408660814928607,0.20908258853423,0.12915248100162,40.9,47.6
"Alabama",1996,1,0.6571429,0.7047619,0.396712684186961,0.289222808999762,0.0083769626936221,0.0076730198088838,-0.965633700128316,-1.71299952210992,-0.214762635308736,-0.033221709052028,0.372633554906775,0.404688403254373,0.152372129603093,0.139178575935936,43.2,50.1
"Alabama",1997,1,0.6571429,0.7047619,0.39356981946061,0.295719793230547,0.0078801380602966,0.0076941489998755,-1.16735338194211,-1.18935309269837,-0.16673984057647,-0.114773338999051,0.354590370166713,0.42808214599033,0.188477939032998,0.153498028775553,43.2,50.1
"Alabama",1998,1,0.6571429,0.6571429,0.391921922285231,0.302530952648565,0.0075687682033376,0.0075757785369515,-1.16515080996414,-1.1837203107068,-0.158046348319857,-0.0562182151226267,0.38455943605147,0.405866843508398,0.164384147112168,0.130979469466927,43.2,50.1
"Alabama",1999,1,0.6571429,0.6571429,0.390216009850297,0.307801828082042,0.0074571781745284,0.0072927698405963,-1.16345351886942,-1.22953135454978,-0.128774678443776,0.0734751302900439,0.33820452590969,0.388905988726138,0.207686636299277,0.152212958925507,43.2,50.1
"Alabama",2000,1,0.6571429,0.6571429,0.387798566620968,0.317942661936124,0.0070798459280174,0.0066077607482754,-1.26975130666856,-1.35004223050119,-0.136146549477174,-0.128900856197586,0.360736435928336,0.388822844316756,0.181622742526132,0.100088898261199,41.6,56.5
"Alabama",2001,1,0.6571429,0.6571429,0.380042460014685,0.326804343862984,0.0068779075539014,0.0073338235739508,-1.1675273734879,-1.08684088984678,-0.206338463881739,-0.0344562530682717,0.363807321303134,0.413591056738147,0.207976721558834,0.152293195955987,41.6,56.5
"Alabama",2002,1,0.7142857,0.6095238,0.372946643471064,0.334023641663475,0.0071808662710626,0.0071512040269609,-1.3475705241861,-1.36109602379223,-0.251947793813367,-0.155498977164412,0.397712472167594,0.44874805216197,0.188776365392723,0.14299771706413,41.6,56.5
"Alabama",2003,1,0.7142857,0.6095238,0.367956830653112,0.339165291387679,0.0069354196007781,0.0069738953429724,-1.37509803736694,-1.39514296696399,-0.360618381016346,0.107833344930562,0.41084331414186,0.392941509334706,0.16263017699486,0.141422873228402,41.6,56.5
"Alabama",2004,1,0.7142857,0.6095238,0.364366851135785,0.342590076376288,0.0066246329564704,0.006858659860603,-1.30581754536263,-1.28017793666703,-0.287180593300754,-0.0376769178055833,0.371217133685094,0.407915284264049,0.132587344352045,0.11481360759896,36.8,62.5
"Alabama",2005,1,0.7142857,0.6095238,0.360787597018498,0.343362924350853,0.0066336219231774,0.0069967317300014,-1.29134849117972,-1.26792249534551,-0.262118408338606,-0.0527501745486409,0.372164150157292,0.401696755435126,0.13970050970769,0.120519129602346,36.8,62.5
"Alabama",2006,1,0.6571429,0.5904762,0.357231271731681,0.34216874551609,0.006317199153309,0.0065293581207938,-1.47714884718517,-1.290858536029,-0.0663449399201708,-0.059004995492724,0.421293575566233,0.418249955581392,0.134469188564975,0.110716353253277,36.8,62.5
"Alabama",2007,1,0.6571429,0.5904762,0.354830287006753,0.338486463618281,0.0063977486708015,0.006703471571708,-1.48880743931024,-1.33614261357842,-0.105588536264847,-0.0218829151191478,0.399545340553231,0.409128293084153,0.1559406859845,0.108136919896045,36.8,62.5
"Alabama",2008,1,0.6571429,0.5904762,0.349661771104487,0.339451283921872,0.0064222302382223,0.0064194672285172,-1.51377333629729,-1.3670302015308,-0.18578498459179,-0.152157231166415,0.410873292404665,0.397626365397802,0.163103480845956,0.0945040079184785,38.7,60.3
"Alabama",2009,1,0.6571429,0.5904762,0.34576738518403,0.335628489328741,0.006255719074002,0.0064415937909603,-1.5722427663707,-0.990575096117219,-0.291911154098392,-0.382829009981005,0.3993302612024,0.381553444025667,0.199340437935541,0.0883176171851253,38.7,60.3
"Alabama",2010,1,0.3529412,0.4095238,0.340735486954208,0.334404013490115,0.0060765348455318,0.0067170649827561,-1.53849828179594,-0.979486540699994,0.0329437866277375,-0.456110769458669,0.365911954972124,0.383045468506569,0.18633851008892,0.113020208167441,38.7,60.3
"Alabama",2011,1,0.34285714,0.37142857,0.338589620467202,0.330749467016826,0.0064745408594798,0.0070662798633949,-1.55431974999513,-0.945595478733058,0.0798920996610308,-0.457396113881645,0.395153213673806,0.384749789880897,0.213773979997612,0.110936992254831,38.7,60.3
"Alabama",2012,1,0.34285714,0.38095238,0.338728746171115,0.325081359558127,0.0068125102064368,0.0071907980211847,-1.60206344226238,-0.914971718700857,0.0968717197222405,-0.410383921206502,0.374394504186445,0.389286277716176,0.215274605091765,0.107476309248061,38.4,60.5
"Alabama",2013,1,0.31428571,0.37142857,0.34037843733371,0.317165097594812,0.0073744854591502,0.0076417029866741,-1.58240900253266,-1.44644417875072,0.0947134564986384,-0.58210970822405,0.371092644687822,0.524181805186855,0.263404319874067,0.122713380855259,38.4,60.5
"Alabama",2014,1,0.31428571,0.35238095,0.342284435987054,0.31499524563611,0.0080888272835381,0.0086536500981373,-1.57702509742736,-1.37021207419512,0.0702193119698259,-0.524753631022269,0.396858429231195,0.546598573495689,0.324842667136696,0.131463652653408,38.4,60.5
"Alaska",1946,2,NA,NA,NA,NA,NA,NA,NA,NA,NA,NA,NA,NA,NA,NA,NA,NA
"Alaska",1947,2,NA,NA,NA,NA,NA,NA,NA,NA,NA,NA,NA,NA,NA,NA,NA,NA
"Alaska",1948,2,NA,NA,NA,NA,NA,NA,NA,NA,NA,NA,NA,NA,NA,NA,NA,NA
"Alaska",1949,2,NA,NA,NA,NA,NA,NA,NA,NA,NA,NA,NA,NA,NA,NA,NA,NA
"Alaska",1950,2,NA,NA,NA,NA,NA,NA,NA,NA,NA,NA,NA,NA,NA,NA,NA,NA
"Alaska",1951,2,NA,NA,NA,NA,NA,NA,NA,NA,NA,NA,NA,NA,NA,NA,NA,NA
"Alaska",1952,2,NA,NA,NA,NA,NA,NA,NA,NA,NA,NA,NA,NA,NA,NA,NA,NA
"Alaska",1953,2,NA,NA,NA,NA,NA,NA,NA,NA,NA,NA,NA,NA,NA,NA,NA,NA
"Alaska",1954,2,NA,NA,NA,NA,NA,NA,NA,NA,NA,NA,NA,NA,NA,NA,NA,NA
"Alaska",1955,2,NA,NA,NA,NA,NA,NA,NA,NA,NA,NA,NA,NA,NA,NA,NA,NA
"Alaska",1956,2,NA,NA,NA,NA,NA,NA,NA,NA,NA,NA,NA,NA,NA,NA,NA,NA
"Alaska",1957,2,NA,NA,NA,NA,NA,NA,NA,NA,NA,NA,NA,NA,NA,NA,NA,NA
"Alaska",1958,2,0.9,0.8684211,NA,NA,NA,NA,NA,NA,NA,NA,NA,NA,NA,NA,NA,NA
"Alaska",1959,2,0.9,0.8684211,0.23246440804552,0.283612767873409,0.0385710781587917,0.048298703743458,0.355692076625108,-0.356848323548435,-0.06234462228513,-0.0028640411049663,0.553188359325299,0.309224682112888,0.215625584459305,0.118558987361316,NA,NA
"Alaska",1960,2,0.65,0.5263158,0.232689936988647,0.282067770881329,0.038465362138467,0.0470056654169602,0.325319150951025,-0.114364431295328,-0.0581204280967592,0.118838070628646,0.516385828361475,0.287095431965801,0.192903990386731,0.103586400239176,49.1,50.9
"Alaska",1961,2,0.65,0.5263158,0.232290530356581,0.281466968484819,0.0372564731479341,0.0455890921186563,0.313389230194396,-0.110027270934583,-0.0547182159871144,0.150427008061962,0.53182907711109,0.276490834615108,0.194124440947025,0.0936582169670755,49.1,50.9
"Alaska",1962,2,0.75,0.5,0.23202122326042,0.282200553136953,0.0364707661383505,0.0446889548972241,0.213178021914815,-0.192983813549152,-0.0779893199675025,-0.0008163773780753,0.5055258346376,0.289661763938872,0.179472621706413,0.0969588365771839,49.1,50.9
"Alaska",1963,2,0.75,0.5,0.232536178637567,0.282025833348108,0.0358187144478635,0.0436767706406953,0.223136800440856,0.000798840678932,-0.0240664836539485,0.106604017895977,0.52093887317635,0.29056050628936,0.153589490829995,0.105223407175646,49.1,50.9
"Alaska",1964,2,0.85,0.75,0.233579896567589,0.282597370620845,0.0349374734969273,0.0425994138933127,0.119575553804918,0.111872332491042,-0.0136342556294837,0.110034910348658,0.505246292396688,0.295514373232396,0.178358102736616,0.096559308625059,65.9,34.1
"Alaska",1965,2,0.85,0.75,0.234047438110578,0.282593605038677,0.034198205313169,0.0414159775991286,-0.0076068457551426,-0.0879654183648999,-0.0321112428777909,0.10242868853436,0.498765712969112,0.282317141741027,0.173507676254864,0.0983297051041277,65.9,34.1
"Alaska",1966,2,0.3,0.375,0.234108624764659,0.283406034068209,0.0334603318141701,0.0407914594974072,-0.0234221748609834,-0.0784583850433585,-0.0043337270367367,0.0465903889686551,0.493773237121431,0.314418686509953,0.182291090561396,0.0958199428138933,65.9,34.1
"Alaska",1967,2,0.3,0.375,0.234739016331216,0.283719481080011,0.0330791281910346,0.0399139422897583,-0.116623364985968,-0.0479305090920146,-0.0055955016819105,0.0195903956988868,0.509491761710866,0.337550594376392,0.177911799803707,0.0966854711934284,65.9,34.1
"Alaska",1968,2,0.45,0.55,0.234894681775843,0.284394583694489,0.032811114107861,0.0388374746984605,-0.110090441044475,0.475836846523275,-0.0806083640004922,0.0791907444047048,0.469844933245909,0.318005990622399,0.15833408391582,0.0828592895597583,42.6,45.3
"Alaska",1969,2,0.45,0.55,0.23541819135681,0.285157728789148,0.0322487755699297,0.0383580638228132,0.290857539875557,0.409295788796022,0.0333869890894114,0.217019301668682,0.422985592603674,0.328412739067544,0.176853316476676,0.105111182762347,42.6,45.3
"Alaska",1970,2,0.5,0.775,0.235265495614261,0.286005381950035,0.0317049668629913,0.0370475081502962,0.184023366350623,0.954660331294669,0.0913326131367615,0.197614436090573,0.39962370315583,0.302918051008487,0.174792529730889,0.137757879028561,42.6,45.3
"Alaska",1971,2,0.5,0.775,0.235307533988549,0.286499511792217,0.0314187127825273,0.035879777304993,0.0541100391333788,0.96253508613152,0.19407150208359,0.175240477993171,0.457306081793255,0.307495987885041,0.197769375317923,0.12678295281201,42.6,45.3
"Alaska",1972,2,0.45,0.5128205,0.2345205354446,0.287952090559854,0.0308214611653624,0.0351459430548935,0.260782125814593,1.02799124419662,0.181845825488316,0.15578755083042,0.427289268882801,0.335676996635689,0.181014113410738,0.127732393864209,34.6,58.1
"Alaska",1973,2,0.45,0.5128205,0.233307626887556,0.288869423383834,0.0295868266358012,0.0337604475788699,0.143393149241262,0.800032404436311,0.217254614513632,0.226775162458226,0.423810048865548,0.340919048654125,0.230757176202495,0.105494458998143,34.6,58.1
"Alaska",1974,2,0.65,0.75,0.232742964989417,0.289342516923922,0.0291650172692178,0.0327411767881112,0.151840295595369,0.876860239598685,0.252098799755758,0.0236795967462995,0.436689530056891,0.328845629395272,0.233523315214684,0.119490667699121,34.6,58.1
"Alaska",1975,2,0.65,0.75,0.232687028080114,0.290078834419633,0.0286972893854907,0.0324902778808204,0.184219606833709,0.680551586583605,0.311080140322773,0.0088554580887996,0.399431747912391,0.330428929039203,0.284355737443872,0.143360140110412,34.6,58.1
"Alaska",1976,2,0.6,0.625,0.232203008644129,0.290238448913603,0.0277108800493552,0.0320142929322267,0.136817121876243,0.671871554179497,0.330804812153026,-0.139883441794737,0.409157643119704,0.326598687292945,0.287107935530667,0.163478651681267,35.7,57.9
"Alaska",1977,2,0.6,0.625,0.231196403897768,0.291252973702362,0.0270651912242581,0.0316378366666536,0.0815821022354881,0.891873697775883,0.356342610956688,-0.159547037906934,0.380695260209143,0.346573362647085,0.313452182720606,0.206044492567145,35.7,57.9
"Alaska",1978,2,0.45,0.6410257,0.230422476884457,0.292552445621904,0.026934616030965,0.0310154740021763,0.0252280312262411,0.788142913291998,0.390105886641561,-0.232305406751618,0.40454160260672,0.331651295916768,0.358844777918624,0.192484612299934,35.7,57.9
"Alaska",1979,2,0.45,0.6410257,0.229537240025634,0.293233894128676,0.0266347503024118,0.0300846172934489,0.0224589699053761,0.278465941434788,0.472638210327911,-0.174798513627568,0.399561989418868,0.312723970552265,0.348310750879972,0.241889815240868,35.7,57.9
"Alaska",1980,2,0.55,0.5789474,0.229282169159169,0.294028179617819,0.0262819514925015,0.0296982509967885,0.2028645697063,0.508816223354068,0.394415514089028,-0.292192490910207,0.396909323581709,0.329443645582102,0.384996864413291,0.199233349732905,26.4,54.3
"Alaska",1981,2,0.55,0.5789474,0.229279397343688,0.295123630357135,0.0260718435794679,0.0280873740734055,0.413554830219431,0.513769905984867,0.477649002628296,-0.222597540978748,0.341834337199615,0.331445310990939,0.361119685952203,0.243066907612373,26.4,54.3
"Alaska",1982,2,0.45,0.475,0.228631574876296,0.296163003475381,0.025424726425773,0.0274573354103335,0.350796065919672,0.819881279267869,0.449556129842161,-0.317412230735862,0.340866545722386,0.328584984597316,0.325003047053911,0.218345597387722,26.4,54.3
"Alaska",1983,2,0.45,0.475,0.228378066887465,0.297049828965358,0.0244427034019919,0.0264402174590229,0.384154446822188,0.855874955549684,0.418379321654796,-0.326190037316662,0.33673914442164,0.316230178873929,0.249922795314878,0.211220680894039,26.4,54.3
"Alaska",1984,2,0.45,0.5384616,0.227268255815784,0.298079387374794,0.0237848834571519,0.0261461823432401,0.325261686818111,0.525444689477834,0.476305813825421,-0.210809020853372,0.341499447202863,0.332718773387291,0.257104985528271,0.233094615713904,29.9,66.7
"Alaska",1985,2,0.45,0.5384616,0.226319673011595,0.299008004897334,0.023087207307982,0.0252091399190944,0.292995851986977,0.858885358542979,0.496474110217265,-0.250797249778216,0.31714639053023,0.319382021299686,0.263920102894816,0.200239171068752,29.9,66.7
"Alaska",1986,2,0.4,0.6,0.225353483527343,0.30028500771309,0.0224454054879598,0.0243272413324781,0.289125579994418,0.80399110647573,0.506045645562722,-0.168357606752778,0.332130522795996,0.332426302299984,0.239001374665803,0.197494493400078,29.9,66.7
"Alaska",1987,2,0.4,0.6,0.224253785906097,0.301201051455634,0.0215146826616564,0.023332553793741,0.251145203824789,0.504705642429046,0.509020450667238,-0.181291457719316,0.331583604029349,0.357088370762091,0.219890343158647,0.143643538465037,29.9,66.7
"Alaska",1988,2,0.4,0.575,0.223766022820079,0.304290927254498,0.0202775356343054,0.0224379177012506,0.219959931509725,0.21059341168785,0.502499044867048,-0.0625587549030878,0.338211422559476,0.337780444637882,0.220589770022756,0.139485924217812,36.3,59.6
"Alaska",1989,2,0.4,0.575,0.223213473274066,0.304764373130259,0.0196577592524954,0.0225289056543622,0.4595862694245,0.155483232818064,0.478389678060899,0.0438133735030987,0.314200285604997,0.336333537997291,0.236795515053087,0.124225702412528,36.3,59.6
"Alaska",1990,2,0.5,0.575,0.222791362781779,0.305884250911437,0.0189745835868967,0.0224072261009902,0.445933856459169,0.389547229266699,0.508815083587394,0.0360715799567606,0.319231028608236,0.359635741295752,0.219414101933949,0.125183212238344,36.3,59.6
"Alaska",1991,2,0.5,0.575,0.223980277489231,0.30583894339302,0.0188079859686467,0.0224764564171007,0.382621288212947,0.746095347166457,0.473357503055136,0.0350542657087005,0.295232866417387,0.383209336252859,0.223281016689279,0.110074096751658,36.3,59.6
"Alaska",1992,2,0.4736842,0.5263158,0.2257028873294,0.305693579484587,0.0183104365937403,0.0216440284618523,0.384531398935211,0.850345574609855,0.477580981597238,0.0301661301699149,0.302419818534861,0.374412115954739,0.224981212144243,0.118890762612912,30.3,39.5
"Alaska",1993,2,0.4736842,0.5263158,0.227454788342248,0.304525589421247,0.0179300164649894,0.0224651535293904,0.360567397360737,0.757258403459399,0.559092087595616,-0.198028572736015,0.301462248531607,0.385191282803698,0.236127653828701,0.102439043185758,30.3,39.5
"Alaska",1994,2,0.4,0.4210526,0.229184574428908,0.303431852118234,0.0177495202777726,0.0219881653952546,0.452722838113938,-0.0890306090563906,0.492720150323119,-0.253480142131653,0.341994326714709,0.395311486299791,0.233357189881806,0.148774625304078,30.3,39.5
"Alaska",1995,2,0.4,0.4210526,0.230579929102497,0.301990646321586,0.0173112504119919,0.0215613878913355,0.450463030118984,0.235951995950554,0.554372047710378,-0.395757190058,0.331871688779643,0.390890250196235,0.24942424915778,0.112924767717662,30.3,39.5
"Alaska",1996,2,0.35,0.375,0.230415419545803,0.303169293381141,0.017475088540816,0.0208370436154513,0.408810747464391,0.687621964849346,0.58181866703896,-0.236286033161028,0.311413636167942,0.37053898689861,0.229372033045122,0.148385117620234,33.3,50.8
"Alaska",1997,2,0.35,0.375,0.229385475915631,0.304629524925298,0.0174880846602327,0.0203651486867655,0.414415997638992,0.662753516238845,0.614188084839382,-0.283823496606662,0.344233423290955,0.372825136394763,0.260621480401378,0.141348632142693,33.3,50.8
"Alaska",1998,2,0.25,0.35,0.228215271164562,0.306258424962428,0.0174733709525203,0.0198583710737244,0.36255719329859,0.21727208386636,0.669133285368371,-0.248875031120577,0.329603443812357,0.384638623277453,0.277453447173124,0.127294270769237,33.3,50.8
"Alaska",1999,2,0.25,0.35,0.226696478679331,0.308677591508241,0.0167389652284232,0.0194851505458854,0.476212781372879,0.458019820390403,0.693259400047869,-0.120772719275691,0.313798831182906,0.365633206257604,0.316273657091593,0.146815078626534,33.3,50.8
"Alaska",2000,2,0.3,0.325,0.225071463563192,0.310825623841125,0.016874321285902,0.0188554159953341,0.22250267220138,0.326011332960737,0.757173347577809,-0.257512008387774,0.299674991519629,0.349171082339339,0.361000474689891,0.125430356119757,27.7,58.6
"Alaska",2001,2,0.3,0.325,0.22360609060042,0.312939686473599,0.0166366886750385,0.0185582958501924,0.505981428819929,0.21984738511979,0.91027419264292,-0.15855251731768,0.304795829367655,0.350822007005141,0.444537353975505,0.165749640677108,27.7,58.6
"Alaska",2002,2,0.4,0.325,0.222993268352715,0.314391283985999,0.0163682578636503,0.0190905168905535,0.476282886873358,0.17778569172123,1.03724508401822,-0.23123449520877,0.310033860008923,0.357248003872757,0.523231499386497,0.145606966258499,27.7,58.6
"Alaska",2003,2,0.4,0.325,0.222102835469669,0.31516061481996,0.0161130238142427,0.0187856837964011,0.452389982022647,-0.0372219121729636,1.00622351934072,-0.0327016247543376,0.313795737035267,0.364919035757764,0.534831870609872,0.172301579143305,27.7,58.6
"Alaska",2004,2,0.4,0.35,0.221530213335821,0.316209240480523,0.0153897723489713,0.0182389844132204,0.29714414859441,0.102400196162929,0.903048922158048,-0.116569247681683,0.307021636592721,0.365224156117125,0.464887483065186,0.122243230144531,35.5,61.1
"Alaska",2005,2,0.4,0.35,0.220797943662745,0.317398110491114,0.0148979422228511,0.0172817979237854,0.257039426274244,-0.0156717687980856,0.761075637718195,-0.158422955361,0.318298271329218,0.359365088341492,0.391652138427071,0.115654069823327,35.5,61.1
"Alaska",2006,2,0.45,0.35,0.219805503762853,0.317134962913017,0.0143595261410746,0.0169669863364698,0.243499340977133,-0.130255361814736,0.685705826550773,-0.161697112641225,0.309660711938269,0.33389794207471,0.353262607157753,0.101193617494925,35.5,61.1
"Alaska",2007,2,0.45,0.35,0.219920154893155,0.316469460791588,0.0143215717072817,0.0166922052613279,0.187616454652312,-0.284273807934594,0.685529120950846,-0.142255392429585,0.305737372564782,0.320127167204887,0.373022598616924,0.10140889303182,35.5,61.1
"Alaska",2008,2,0.5,0.45,0.21936053265828,0.31621827236711,0.0140713082674391,0.0163386395783112,0.185325747456319,-0.22885923238255,0.640914566718748,-0.16574295992599,0.293102664406646,0.328523560603321,0.393824468328529,0.0874579085987285,37.9,59.4
"Alaska",2009,2,0.5,0.45,0.219217708353681,0.314252119413648,0.0133697331056998,0.0162743443143321,0.12332906623699,-0.404086539287184,0.438611045930316,-0.336119998475814,0.297815728283155,0.337587140794056,0.377288158268773,0.0881639047039367,37.9,59.4
"Alaska",2010,2,0.5,0.4,0.219681775045791,0.312359979796918,0.0134760175664218,0.0160814305530608,0.0545853898601923,-0.203375437907755,0.485139429139284,-0.423060510502436,0.305788458071449,0.343935839564326,0.351779681951663,0.0992382886156897,37.9,59.4
"Alaska",2011,2,0.5,0.4,0.220698505215728,0.309178003808397,0.0143950607015791,0.016303947263756,0.0052513757221546,-0.191382313314535,0.437397347768248,-0.405655131168907,0.296472444546501,0.325362889445724,0.336746309423217,0.103118859299985,37.9,59.4
"Alaska",2012,2,0.5,0.45,0.222154395164005,0.306715978954798,0.0151863194171751,0.0169007602092486,0.0004889874921161,-0.209647290261593,0.46344432900399,-0.409134813804258,0.294726484908173,0.340579837112703,0.384413518028359,0.106077290513505,40.8,54.8
"Alaska",2013,2,0.35,0.375,0.224309725034018,0.301512666426324,0.0163065572847049,0.0177843293677238,-0.10858145332754,0.128817379711261,0.445225765937532,-0.467129217295662,0.30393597919171,0.374855850747605,0.425079512096918,0.11976347150351,40.8,54.8
"Alaska",2014,2,0.35,0.35,0.226787367125609,0.299877787610514,0.0173280145303153,0.0190778455468103,-0.0905140177466075,-0.181159380668504,0.453584971989198,-0.461111136291389,0.294558530192759,0.397089042434445,0.513011257981345,0.119697247007009,40.8,54.8
"Arizona",1946,4,1,0.9137931,0.489986303723114,0.29460497667554,0.029636731017759,0.0272055549911119,-0.445655135760092,0.803850898007483,0.122707345759034,0.0180678363618987,0.713020953192883,0.299793189464078,0.162326908334618,0.0886467076450567,NA,NA
"Arizona",1947,4,1,0.9137931,0.490114805258957,0.29502074613464,0.0282914283623711,0.0259850940017386,-0.453528859441188,0.128887383095441,0.0088632884631641,0.0394882846520979,0.739055192387728,0.276698264594272,0.160402339939133,0.10038621811112,NA,NA
"Arizona",1948,4,1,0.8813559,0.490020410352325,0.296035186388291,0.0269301139069028,0.0247291289170873,-0.547032284013029,0.116626638542689,-0.183920568496682,-0.0531027252205661,0.761275181370686,0.310913102245253,0.128196721375027,0.0828017893108213,NA,NA
"Arizona",1949,4,1,0.8813559,0.492185719572422,0.294957596687993,0.0263730470474203,0.0236663645669482,-0.573612034909868,0.411328698135197,-0.0947921795410496,-0.106332151823752,0.756284344012316,0.283354564261546,0.169901244971913,0.0984640970133173,NA,NA
"Arizona",1950,4,1,0.8591549,0.494023063373647,0.294261958374708,0.0258189990105618,0.0224746715767826,-0.582049734655602,0.440888003871136,0.0795907702431739,-0.124357281284622,0.723078789863956,0.280827372790057,0.176154076494211,0.118111298783059,NA,NA
"Arizona",1951,4,1,0.8591549,0.495087415568968,0.292945273988559,0.0247056139851127,0.0213620480573843,-0.578402008467279,-0.0734001344626831,-0.145931765687355,0.0043416897578054,0.746421641581647,0.276805539845494,0.222942207581649,0.138158273319244,NA,NA
"Arizona",1952,4,0.7894737,0.625,0.496963878361405,0.291409543816685,0.0233345963904841,0.0205779927297993,-0.607584886130209,-0.0579256717813813,-0.255831686721732,0.0501278052996574,0.726708629436909,0.282510131147592,0.184609867464497,0.129423405898747,NA,NA
"Arizona",1953,4,0.7894737,0.625,0.491049434136799,0.294223169175422,0.0204320047555124,0.017893830070106,-0.619167259977237,0.137707500676937,-0.352403819816966,0.0821556197314969,0.727712866643376,0.309984295261881,0.171793051094446,0.130711608582199,NA,NA
"Arizona",1954,4,0.9285714,0.7625,0.490980547094432,0.294589833207507,0.0193361071829566,0.0175889850585099,-0.666895108611949,0.016624477038414,-0.337403777364777,0.0084683067106735,0.758397925602168,0.28654152053344,0.140884358801153,0.0995062729655873,NA,NA
"Arizona",1955,4,0.9285714,0.7625,0.491558935599672,0.295844863290533,0.0188372659916072,0.017370482615327,-0.673437614888172,0.0052863057363031,-0.152102332866355,0.192592060247406,0.703784565227338,0.294656745809396,0.148750059320351,0.0961055749499244,NA,NA
"Arizona",1956,4,0.9285714,0.7125,0.491461849711745,0.296591686372363,0.0187032888151824,0.0172743041942032,-0.722148102492369,-0.0851618852404531,-0.259321150425474,0.0398154767232006,0.730046075064142,0.296452034048705,0.140228043663357,0.128575308386585,38.9,61
"Arizona",1957,4,0.9285714,0.7125,0.492514945122372,0.295994229600001,0.0189848242416567,0.0173545047813728,-0.728695304699531,-0.180736827229973,-0.189912008669085,0.151383521442658,0.669629886070356,0.310132419582466,0.15338248903741,0.120466072171911,NA,NA
"Arizona",1958,4,0.9642857,0.6875,0.494703758180347,0.293462284610327,0.0181972140199915,0.0171358656039626,-0.795735303373196,-0.278351139285483,-0.200534404131135,-0.0235276612392458,0.779668992513881,0.291119064652748,0.155018214582646,0.132129200157629,NA,NA
"Arizona",1959,4,0.9642857,0.6875,0.495726156060707,0.290964880702719,0.018083942149661,0.0168185023907262,-0.748168885614335,-0.107341841560079,-0.315735132364968,0.0098371945244556,0.688674565367645,0.306042661060523,0.152054169287953,0.15430740483625,NA,NA
"Arizona",1960,4,0.8571429,0.65,0.496566220487236,0.28913428585972,0.0179627746008018,0.0168432002810183,-0.742236459606952,-0.10973912892879,-0.269923920196501,0.0955781948341056,0.705935586417027,0.28768136128213,0.179695005509979,0.147793644547313,44.4,55.5
"Arizona",1961,4,0.8571429,0.65,0.49370054265029,0.290642884422815,0.0170576031857373,0.01649874565318,-0.715103194782611,-0.173091382968943,-0.430827759180985,0.0709086309245958,0.662564539956908,0.291844039060998,0.162405034431926,0.130947089747887,44.4,55.5
"Arizona",1962,4,0.8571429,0.6,0.48920995819022,0.293122117303603,0.0163398871690065,0.0161823811608438,0.0153177781236442,0.0090103219376935,-0.335204605598348,-0.0796930616089832,0.538545338298408,0.28630259010932,0.195603596751842,0.135745847855706,44.4,55.5
"Arizona",1963,4,0.8571429,0.6,0.487062860464194,0.293770383794589,0.0163067197444494,0.0151017849331459,-0.0018074876305238,-0.0873316581169072,-0.523645541532562,-0.004547270157264,0.546990154647427,0.291523863767232,0.163837797758984,0.143854061050217,44.4,55.5
"Arizona",1964,4,0.9285714,0.5625,0.48563145600532,0.294940742218618,0.0159894238171794,0.0144240529586265,-0.0663500827199713,-0.259823358798486,-0.208732941418443,0.048111956173728,0.55091686553351,0.297562775897209,0.122653541037157,0.0961906185957888,49.5,50.4
"Arizona",1965,4,0.9285714,0.5625,0.482096220532979,0.296856407332013,0.01614629526798,0.014148632315044,0.337100045179387,-0.31041168183245,-0.646783376543945,0.0289935441531192,0.401959076934186,0.283128798350539,0.147384529621824,0.145064735141024,49.5,50.4
"Arizona",1966,4,0.4666667,0.45,0.479003153477351,0.296485420009609,0.0159892867365476,0.0140490718615626,0.332663045769527,-0.194605609100887,-0.380333607310411,0.0305894574573013,0.443107945969815,0.301324182088892,0.143945596603894,0.12530533270436,49.5,50.4
"Arizona",1967,4,0.4666667,0.45,0.474320159942806,0.296724118577439,0.0162031004127661,0.0139438050468177,0.247556595968307,-0.282390694351802,-0.457782236634679,-0.034128741453813,0.41562476522408,0.347701799740824,0.151329368826978,0.140623304325712,49.5,50.4
"Arizona",1968,4,0.4333333,0.4333333,0.470357087607188,0.295360612675387,0.0164373118013491,0.0137633348224337,0.199420832921049,-0.416235287140721,-0.45642672641173,0.0611862062943531,0.429050722131749,0.351403160283298,0.123685329457113,0.126400870786136,35,54.8
"Arizona",1969,4,0.4333333,0.4333333,0.463439879689348,0.296431866157415,0.0165250428381503,0.0144825823502493,0.0784469790166244,-0.361925460468478,-0.202705246961292,0.229451332982509,0.436196345905103,0.330832095650106,0.149949528847663,0.154776722578447,35,54.8
"Arizona",1970,4,0.4,0.4333333,0.457142441035212,0.295797962644008,0.0159601732902609,0.0142808350232609,-0.0012613947258469,-0.486376582777193,-0.28152355150618,0.211734890397318,0.432426552047455,0.335907844011545,0.168063163405797,0.179158052478098,35,54.8
"Arizona",1971,4,0.4,0.4333333,0.450342255204118,0.294671223035909,0.0159645348733648,0.0141099870065248,-0.176130226441526,-0.577267487815668,-0.228830976421095,0.185216289285011,0.441755215770421,0.322604686663697,0.167936337448029,0.155515748794211,35,54.8
"Arizona",1972,4,0.4,0.3666667,0.443082071782482,0.294067561160996,0.0156211727883171,0.0135296322235781,-0.433809869305503,-0.454433247071206,-0.212062589358046,0.170444281858641,0.444699344107714,0.319340319800384,0.149006207538517,0.163628591193752,30.4,61.6
"Arizona",1973,4,0.4,0.3666667,0.437948231615772,0.294068622300739,0.0146282999505761,0.013359260329755,-0.545722729320282,-0.506682335882085,-0.429584849148838,0.217900160211557,0.506510276933143,0.349988957750969,0.178520755657385,0.135502165975099,30.4,61.6
"Arizona",1974,4,0.6,0.45,0.432632116263605,0.292877805083289,0.0144008262364528,0.0130247063486951,-0.569671560009928,-0.575284009574552,-0.328160411025369,0.046084564424613,0.474017459696623,0.35470799242984,0.154658234383332,0.149517694544233,30.4,61.6
"Arizona",1975,4,0.6,0.45,0.427528567727848,0.292586537374316,0.0146375215955813,0.0126609391292291,-0.568795071696625,-0.742830762934967,-0.50947234434905,-0.0050606766677375,0.488160505266592,0.335318401770985,0.162888934926435,0.183456711266572,30.4,61.6
"Arizona",1976,4,0.5333334,0.3666667,0.421470766944129,0.292466426694333,0.0134970306015269,0.0123761682328486,-0.682296281691088,-0.590104973032096,-0.333189082711239,-0.15076229182789,0.465620255642595,0.354462466727468,0.142531558303917,0.152908317667093,39.8,56.4
"Arizona",1977,4,0.5333334,0.3666667,0.415986450176687,0.293699583946023,0.012799030052242,0.0117063239974256,-0.694248598448127,-0.619711671076472,-0.443944708848932,-0.112995952934165,0.44343096123678,0.319937103786642,0.145798474412402,0.213326765112492,39.8,56.4
"Arizona",1978,4,0.4666667,0.3,0.409606516255687,0.296031420989935,0.0126845310649341,0.0111914480775166,-0.664487612303688,-0.71533838737378,-0.420760828794758,-0.363861881762142,0.464782143840658,0.331823736467381,0.14947433134929,0.177022252896391,39.8,56.4
"Arizona",1979,4,0.4666667,0.3,0.402509208765314,0.300380822918443,0.0122453967091677,0.0111836584062829,-0.779150533885957,-0.68770377422127,-0.274538393812273,-0.274988269783829,0.473315286504232,0.334635299611717,0.149145438276337,0.234656793076016,39.8,56.4
"Arizona",1980,4,0.4666667,0.2833333,0.397291457619201,0.303862713331838,0.0117726020069645,0.0115817043841249,-0.736947815655092,-1.03221281917059,-0.386213978126227,-0.466943089265347,0.439711293651997,0.342247036262418,0.144154870381153,0.178246356303342,28.2,60.6
"Arizona",1981,4,0.4666667,0.2833333,0.388414538995424,0.310209065319926,0.0117531761186503,0.0115054614400291,-0.551432056073554,-1.38092841244953,-0.225077076537234,-0.378651484122193,0.417449883305694,0.367554775189511,0.144026516156567,0.23724084751887,28.2,60.6
"Arizona",1982,4,0.4,0.35,0.380502276432309,0.316121741521842,0.0114245732462737,0.0113067848449494,-0.560074008338848,-1.26471065034001,-0.163121683188006,-0.473399973307915,0.420813818350331,0.357160250275776,0.155419148336801,0.20130262993074,28.2,60.6
"Arizona",1983,4,0.4,0.35,0.372041645218796,0.323395835207591,0.0115015901093378,0.0112687197403956,-0.694258193641967,-0.965448121242411,-0.0127480945286183,-0.465015662222315,0.411965602141205,0.372196802777993,0.143042681244586,0.186207804760081,28.2,60.6
"Arizona",1984,4,0.4,0.3666667,0.360045181575066,0.334019444388333,0.011511973654225,0.011535775017828,-0.721749444053948,-0.902957885208126,-0.0667471501396393,-0.257397253864053,0.432349078288627,0.3320138653266,0.13874831892747,0.202778642504294,32.5,66.4
"Arizona",1985,4,0.4,0.3666667,0.350669882123738,0.342279945792122,0.0110587689114198,0.0113585481579956,-0.701026548579548,-0.777871478009758,0.0510856489406871,-0.395032352396779,0.420586702185067,0.345358351706374,0.1608459345991,0.19179625682615,32.5,66.4
"Arizona",1986,4,0.3666667,0.4,0.344058727344821,0.347609075048159,0.0108185796905082,0.0109218601050973,-0.717441692946276,-0.792430554807888,0.218823579373509,-0.322054301509859,0.423541176992836,0.331078137399608,0.163489094604085,0.21401122473796,32.5,66.4
"Arizona",1987,4,0.3666667,0.4,0.336103306947102,0.352905690212833,0.0103930158199552,0.010240870540314,-0.764381473863718,-0.851265055762444,0.266763926637836,-0.313651306410432,0.432429240269814,0.336697764246768,0.148035455204852,0.151138172349352,32.5,66.4
"Arizona",1988,4,0.4333333,0.4333333,0.32962116063159,0.357147192802248,0.0101324984687459,0.0101708457885251,-0.641706120269222,-0.853887593223766,0.296865437153496,-0.21754171110484,0.40835616869589,0.336383476910067,0.163129373871723,0.148558473270845,38.7,60
"Arizona",1989,4,0.4333333,0.4333333,0.322863719112778,0.36197521144875,0.009699430780983,0.0101269914510223,-0.689970953809956,-0.862953103597509,0.261406268920518,0.0274817185652823,0.391746123742178,0.341508120891026,0.167186182156664,0.135796059718566,38.7,60
"Arizona",1990,4,0.5666667,0.45,0.315829801274809,0.369141916323439,0.0094137433249362,0.010200527543183,-0.647024516925262,-0.90424887896348,0.475357296430576,-0.0455244705782005,0.397721510762738,0.337502655105079,0.174673972367005,0.136550935437438,38.7,60
"Arizona",1991,4,0.5666667,0.45,0.315161511565659,0.370264828663111,0.0093716796830944,0.0099803066516443,-0.66008168612596,-0.863479688773843,0.431472106408274,-0.0169591726867959,0.377024270143568,0.35548632560605,0.188567473967335,0.109964622218597,38.7,60
"Arizona",1992,4,0.4,0.4166667,0.315997586546111,0.371276498690979,0.00967522962565,0.0098327268733847,-0.63641429586587,-0.838106125552288,0.609209525507389,0.0273503467672035,0.360952038215305,0.362440811297798,0.177267670178107,0.114555773682694,36.5,38.5
"Arizona",1993,4,0.4,0.4166667,0.314692649674065,0.372400769615681,0.0092535715498205,0.0098442539648163,-0.631177421369367,-1.11738901219425,0.660978507315802,-0.231237857382898,0.365474481273012,0.400298749421665,0.191693876711832,0.108974727269124,36.5,38.5
"Arizona",1994,4,0.3666667,0.3666667,0.312617469278534,0.374566602355299,0.0093735064702585,0.0100568509408399,-0.67520556971863,-1.11241287581887,0.532855441723438,-0.328266822828123,0.414306707257903,0.401689314199112,0.160951733431316,0.136803742702725,36.5,38.5
"Arizona",1995,4,0.3666667,0.3666667,0.311751672708768,0.377924974444153,0.0094058493755922,0.0097978510549629,-0.684372223877604,-1.12639295239723,0.585826940585637,-0.453318243740039,0.380008618176534,0.394409101274516,0.192850806310028,0.122139245873277,36.5,38.5
"Arizona",1996,4,0.4,0.3666667,0.312297036267074,0.37816087408614,0.0093612947603458,0.0096945658063445,-0.700236184082443,-1.19424871278597,0.555264841619138,-0.258712921645886,0.404263259565406,0.390937825045523,0.150002329150464,0.131329055669965,46.5,44.3
"Arizona",1997,4,0.4,0.3666667,0.312988274091946,0.377909479265392,0.0094805321707475,0.0098590819793142,-0.660154420670432,-0.843098934875083,0.458737039998465,-0.373708305496837,0.3941829469684,0.426943667701901,0.190980081267246,0.15483196080254,46.5,44.3
"Arizona",1998,4,0.4666667,0.3333333,0.31331327918731,0.378001253637348,0.0096138809236174,0.0096810567609988,-0.668469456276908,-1.05826928632851,0.442431130478318,-0.251172009715619,0.366916671370119,0.398224765376752,0.165797511405044,0.141282647364425,46.5,44.3
"Arizona",1999,4,0.4666667,0.3333333,0.314561822357618,0.379247449892569,0.0087756532918478,0.0089785444074046,-0.595037278364185,-0.763952869784819,0.351478018388016,-0.223378301343531,0.370943985175858,0.375575512128466,0.192586796092761,0.163275281639811,46.5,44.3
"Arizona",2000,4,0.5,0.4,0.319449234906566,0.381718088317628,0.0085198202181544,0.0089026822482591,-0.599278499954992,-0.868347532417627,0.347048789116733,-0.271222304475521,0.355308030080022,0.404438324327829,0.161373394250697,0.113894243965346,44.7,51
"Arizona",2001,4,0.5,0.4,0.318526727098201,0.379333257961762,0.0086070060263388,0.0093998278038251,-0.568984875197684,-0.570380741472884,0.402515648225123,-0.1692096612318,0.373918349315547,0.356387980937363,0.191457208810165,0.160199791964649,44.7,51
"Arizona",2002,4,0.4333333,0.35,0.315887798716042,0.376750910520675,0.0086028974872292,0.0098053888086072,-0.28534804826529,-0.933304860808527,0.54326342393516,-0.271939699929573,0.312985520354806,0.390391779977679,0.193101913821441,0.142780612006038,44.7,51
"Arizona",2003,4,0.4333333,0.35,0.314222151630014,0.370194099441012,0.0080980418742141,0.0089921631323772,-0.264165841345657,-0.873002222015727,0.462209253843936,-0.033091275731802,0.321385530319654,0.381284442243361,0.163479683091883,0.166573912741099,44.7,51
"Arizona",2004,4,0.4,0.3666667,0.31322544251667,0.367469369909798,0.0072124279470797,0.0079315318398471,-0.333678744823768,-0.950332051042412,0.570243171783285,-0.155134867359452,0.329534875194087,0.396066750508934,0.131579162457542,0.122936297407845,44.3,54.8
"Arizona",2005,4,0.4,0.3666667,0.311626279131784,0.360626761538396,0.0077708459700103,0.0079367837017815,-0.384034724863809,-1.01373777432004,0.549284276766851,-0.139427806122485,0.31159512057264,0.366589148406256,0.148085796610546,0.127633823685458,44.3,54.8
"Arizona",2006,4,0.4333333,0.45,0.309136005013605,0.354555098497559,0.006622556105832,0.007044834118632,-0.587605805162696,-0.824735789140961,0.736743900674832,-0.193061063903015,0.321679397741759,0.353374622645144,0.140695769574755,0.117657147526695,44.3,54.8
"Arizona",2007,4,0.4333333,0.45,0.307581098812614,0.347747169089248,0.0074961919450535,0.0076707731952561,-0.457099017010103,-0.490145891024593,0.770728991560892,-0.166948802242824,0.335351780453108,0.344453913284089,0.158908659946524,0.110284333484221,44.3,54.8
"Arizona",2008,4,0.4,0.4166667,0.312725301742783,0.345996916651745,0.00675597533577,0.0071617631605885,-0.469680339878207,-0.759204440137955,0.973079741884151,-0.138021354535553,0.301567745769323,0.362375863102528,0.183976258066097,0.10138445494835,44.9,53.4
"Arizona",2009,4,0.4,0.4166667,0.307647226635404,0.343372899420252,0.0072231319798513,0.0070006338457187,-0.481789867744348,-1.09073818848975,0.652849749036917,-0.323246347335622,0.298479926219969,0.361694854202297,0.173917383590867,0.0862083078261687,44.9,53.4
"Arizona",2010,4,0.3,0.3333333,0.306901529365676,0.345154297278903,0.0065094898046048,0.0069307287223821,-0.535996125126427,-0.935809574967796,1.03280795184065,-0.42640008032762,0.322154277477347,0.366680780311191,0.186682562574712,0.097850486183046,44.9,53.4
"Arizona",2011,4,0.3,0.33333333,0.307507601645446,0.33762268864739,0.0069121247260183,0.0071193058096053,-0.657151973275093,-0.683395894383266,0.947681018483091,-0.356711737446881,0.312557094712116,0.36744388648144,0.184413190562227,0.101914799921992,44.9,53.4
"Arizona",2012,4,0.3,0.33333333,0.309700173803332,0.332401226339042,0.006407909908215,0.0067460364110689,-0.650625392022511,-0.721120139954618,1.11693971285844,-0.329947778494921,0.319896449145549,0.374420495798285,0.200836871150695,0.0967981404300992,44.4,53.5
"Arizona",2013,4,0.43333333,0.4,0.308285954745191,0.326244999351919,0.0077502204422313,0.0077419806895178,-0.690271317587265,-1.24032698851016,1.2408323047155,-0.427836183519508,0.305559592357879,0.501363900757578,0.248992183469734,0.121038395975477,44.4,53.5
"Arizona",2014,4,0.4,0.4,0.307465476497781,0.324975473001196,0.0080301069943248,0.0082799326751799,-0.627779955309233,-1.22139223498383,1.45107521382161,-0.451159702046148,0.323622355981392,0.512689468350806,0.283256595918381,0.116627736274866,44.4,53.5
"Arkansas",1946,5,1,0.97,0.655872327437398,0.189719355090242,0.0300854135560663,0.0252133489045932,-0.43106218170238,-1.16183545727555,-0.640867037167493,0.0064514553695382,0.68819919034472,0.236438571553823,0.163915886521095,0.106239435031305,NA,NA
"Arkansas",1947,5,1,0.97,0.657549921058191,0.188569220752757,0.0279866233786417,0.0235709846869435,-0.455155918922109,-0.998898496827752,-0.644908530297649,-0.0051378020399735,0.716041511639732,0.283156532703971,0.151935963282341,0.0876847864292279,NA,NA
"Arkansas",1948,5,1,0.99,0.658635169237869,0.187503022436308,0.0263853407267588,0.022127766832565,-0.561514861100997,-1.18540875109624,-0.744061541695707,0.147823856396859,0.73192854580896,0.321353345925998,0.134901239928224,0.0754432054669065,NA,NA
"Arkansas",1949,5,1,0.99,0.660382981898586,0.186285382749501,0.0249236750853534,0.0204490219255995,-0.568518547184628,-1.00160118740365,-0.610584725392563,0.0135102030125961,0.713972695391498,0.314605114151443,0.149329427338823,0.0788679559423988,NA,NA
"Arkansas",1950,5,1,0.98,0.66126591315562,0.185329612906688,0.0232612962154654,0.0191072055961966,-0.562760989304891,-0.969358746071908,-0.421207759501648,-0.0448396720307095,0.69103426493082,0.324386198930859,0.186354229472182,0.110145475094103,NA,NA
"Arkansas",1951,5,1,0.98,0.663569624865117,0.183937506678991,0.021110801303646,0.0174018632818811,-0.596735743280194,-1.347019308453,-0.558552953669418,0.0743702914888772,0.66392067206183,0.317664566797752,0.208515581689226,0.122961374187787,NA,NA
"Arkansas",1952,5,1,0.97,0.665255187547406,0.183133442149821,0.0195642232240286,0.0159321880472435,-0.584364921810117,-1.12921922553922,-0.471413398530704,0.0016908645392983,0.744482610770573,0.316470041078345,0.158947329880792,0.100171730505997,NA,NA
"Arkansas",1953,5,1,0.97,0.665649748136088,0.184706562513979,0.0168773182859794,0.0135541050167419,-0.686811139774675,-0.973131830594364,-0.377138868769547,0.0648817952614591,0.700266821257506,0.317515198126885,0.153179448124965,0.101036678157523,NA,NA
"Arkansas",1954,5,1,0.979798,0.661507087868263,0.186520109984303,0.0153381208542955,0.0126733962456986,-0.638067271309881,-0.908953957088224,-0.458788817927386,0.298035263637775,0.734173994157672,0.316876032937277,0.129640818613623,0.100215684401681,NA,NA
"Arkansas",1955,5,1,0.979798,0.653282469409547,0.19113242443497,0.0150523800141253,0.0124343002022804,0.248400477375331,-0.868541682323787,-0.346602679254306,0.120531322649285,0.539995936206473,0.318665566361654,0.126186436459965,0.0842160912432506,NA,NA
"Arkansas",1956,5,1,0.979798,0.651110722813184,0.189090449742535,0.0144898301059779,0.0118604381412209,0.16937422154622,-0.92899650799317,-0.658908435366229,0.119973476115395,0.566568049636135,0.303627477892212,0.136428074236131,0.118867554865181,52.5,45.8
"Arkansas",1957,5,1,0.979798,0.649191238513719,0.184210660164039,0.0141225855080051,0.0114291064130233,0.147725214437153,-0.826793813695298,-0.619436550231551,0.199296992545332,0.543507682468537,0.345115767018466,0.136468051845723,0.0986960380263767,NA,NA
"Arkansas",1958,5,1,1,0.655119355474724,0.176174367497508,0.0143971012936332,0.0115523002745059,0.138632041253681,-0.860553136552851,-0.680294190741023,0.0091925466513613,0.555872886352195,0.316150891798625,0.124034157208964,0.13101682358343,NA,NA
"Arkansas",1959,5,1,1,0.657309919681444,0.168723889603226,0.01386807174358,0.0108442820531468,0.0650288127489068,-0.904620666662699,-0.597145144198029,0.0239137426645555,0.581309927232559,0.315828337846644,0.121770523284581,0.103824151289965,NA,NA
"Arkansas",1960,5,1,0.99,0.653967928648884,0.162270470742866,0.0135909334134962,0.0102911003625678,0.0877968071691435,-0.887098505672175,-0.588064635035921,0.0242570080871125,0.535450655877343,0.308468242197414,0.131098526709037,0.108537915047374,50.2,43.1
"Arkansas",1961,5,1,0.99,0.649024994474382,0.156552691672404,0.013127892139628,0.0099596991216705,0.0430414340180093,-1.15841406331937,-0.595873148441403,0.139777086653356,0.512226785296215,0.328802160919096,0.116699074444045,0.100417956420109,50.2,43.1
"Arkansas",1962,5,1,1,0.634647050458052,0.155638690950721,0.0129388502890036,0.0096285797508845,0.0004496925469388,-1.02623309828837,-0.684722998721432,0.0761140437580667,0.547927226525783,0.312388701952479,0.181345523261753,0.10745039741113,50.2,43.1
"Arkansas",1963,5,1,1,0.618797107599819,0.155097828627367,0.0124693439556766,0.0089022739697197,-0.0625334878114429,-0.830671895335548,-0.264999709842594,0.180520368403077,0.566854735755858,0.329583254232972,0.166623661253008,0.138079878382026,50.2,43.1
"Arkansas",1964,5,1,1,0.608690318441443,0.150762733483216,0.0129671834984866,0.0089360765741306,-0.0691320653947633,-0.840088223712136,-0.66104499163334,0.19288339325988,0.537292475990328,0.344901025541663,0.14750128794984,0.0897646270179946,56.1,43.4
"Arkansas",1965,5,1,1,0.595217811337299,0.147257072785036,0.012727419332427,0.008894309766714,-0.236540541939082,-0.718820921908042,-0.346488950318191,0.205334028486312,0.528933482584287,0.327215626176144,0.117401154323041,0.0957793579157477,56.1,43.4
"Arkansas",1966,5,1,0.97,0.582404383487539,0.146327532866141,0.0135189237880565,0.008689823246362,-0.318396609006017,-0.736017769587716,-0.683819076086982,0.11696045029102,0.519731791735083,0.339357981055094,0.0921729849081938,0.111342469368681,56.1,43.4
"Arkansas",1967,5,1,0.97,0.568255581223926,0.14469063379377,0.0131351197157364,0.0086689974722338,-0.335615070451153,-0.834196896799944,-0.47504703235685,-0.0489871363562155,0.543789840726885,0.325228433386805,0.136181112939124,0.12557524387463,56.1,43.4
"Arkansas",1968,5,0.9714286,0.96,0.558935340601845,0.140846020078952,0.0130266015848961,0.0083284374660499,-0.422902311815948,-1.11633367561894,-0.472825052495913,-0.0536880987557763,0.512174145524414,0.365848385963169,0.126040613569551,0.104609035103369,30.3,31
"Arkansas",1969,5,0.9714286,0.96,0.55183491366573,0.13732401250836,0.0132468365085551,0.0087869342663255,-0.49241934393409,-0.863344753648793,-0.445625567806287,0.172090989911319,0.541937033102842,0.35449039509005,0.144542895640626,0.130801040364731,30.3,31
"Arkansas",1970,5,0.9714286,0.98,0.551934394131994,0.133327091612304,0.0139586791264502,0.0088888913186326,-0.621264726238696,-0.718668378526595,-0.463003688451079,0.117076584605858,0.530133725729945,0.345754554849635,0.157880949813068,0.161591597832906,30.3,31
"Arkansas",1971,5,0.9714286,0.98,0.554356721826265,0.130841017661925,0.0143670293968164,0.0090247040230487,-0.744479802759427,-0.696307626393305,-0.453237897918246,0.181057535175507,0.475981717115834,0.349891134264348,0.157530451196003,0.136785889530307,30.3,31
"Arkansas",1972,5,0.9714286,0.99,0.553247377548691,0.130439392554832,0.0135626322322817,0.0087197969843244,-0.981603803839364,-0.826615996350429,-0.542914571279803,0.177918401080623,0.439077708935034,0.337651385166273,0.128343233968808,0.16968561136987,30.7,68.8
"Arkansas",1973,5,0.9714286,0.99,0.550987496929447,0.132243781270316,0.0133372573531122,0.0085283219175297,-1.3128838364629,-0.770184916131353,-0.524760440455487,0.239377188007161,0.565515811382021,0.368150182913345,0.161189948230332,0.123356806429015,30.7,68.8
"Arkansas",1974,5,0.9714286,0.97,0.551971060804945,0.133643276326611,0.0125945250386793,0.0084608503781771,-1.59200267275081,-0.825853987194887,-0.480837097121727,0.0417160523393653,0.607746573114927,0.349760687855681,0.129579037913583,0.123693076039926,30.7,68.8
"Arkansas",1975,5,0.9714286,0.97,0.555797193520846,0.135679401910863,0.011815749111044,0.0083636982442255,-1.5381785093405,-0.938997877494228,-0.53817586342459,0.0855841621841837,0.599800462473118,0.381704500306644,0.142527170300745,0.144763851864756,30.7,68.8
"Arkansas",1976,5,0.9714286,0.96,0.55666726217062,0.138391419564514,0.0114920172486288,0.0085019896767882,-1.10435928795275,-1.03456917717754,-0.432500003843296,-0.0972698672266136,0.496412798733692,0.374364767653282,0.12636866099924,0.127057075821224,64.9,34.9
"Arkansas",1977,5,0.9714286,0.96,0.55620603618959,0.13962241808237,0.0115348221546198,0.0080163026024818,-1.61352238962772,-1.04674014445982,-0.566993522551132,-0.154600896977331,0.611936202433591,0.345155579240719,0.147448696884705,0.203208647652218,64.9,34.9
"Arkansas",1978,5,1,0.94,0.553086380168273,0.140766240574591,0.0110636985471495,0.0075430064011685,-1.65673651280126,-1.109730711457,-0.653026537028401,-0.250054971976051,0.554641837168138,0.34962117939335,0.146113089909202,0.177188513049013,64.9,34.9
"Arkansas",1979,5,1,0.94,0.546277856465726,0.144318129127172,0.0111712359473809,0.0076349563740794,-1.67513599308895,-0.918890888977729,-0.449067295862723,-0.179780849257853,0.548758635293896,0.339213945292511,0.142548309700821,0.216228339817736,64.9,34.9
"Arkansas",1980,5,0.9714286,0.93,0.536597565069985,0.149131754483355,0.0111898516301226,0.0079612142630726,-1.68815734681609,-0.980707755020752,-0.699204526320213,-0.287559818577872,0.593699430858913,0.338576053095676,0.150929054359945,0.195032422762971,47.5,48.1
"Arkansas",1981,5,0.9714286,0.93,0.523685918479279,0.155680656553627,0.0113406728499574,0.0081032340600343,-1.73048326350435,-1.20170195500007,-0.473033267955079,-0.216898930640962,0.607554542231178,0.351245831430994,0.154880287457767,0.230148176466613,47.5,48.1
"Arkansas",1982,5,0.9142857,0.93,0.5120852882513,0.159889328960863,0.0116615791005234,0.0081197434292111,-1.74855752195357,-1.24017579534743,-0.567720210078296,-0.261637432116264,0.602660345990766,0.361873259519609,0.144166419389897,0.202656904419532,47.5,48.1
"Arkansas",1983,5,0.9142857,0.93,0.500550879353026,0.165782623115274,0.0115688328327087,0.0082928732616695,-1.64803556587154,-1.11980589241493,-0.358846109318923,-0.247950145752925,0.576987799717289,0.351989109378066,0.140331409758064,0.198620389284241,47.5,48.1
"Arkansas",1984,5,0.8857143,0.91,0.489208140907566,0.170715492123089,0.0109581027664683,0.0083989066605435,-1.66061689355136,-1.12557316644065,-0.52144448141771,-0.102114668517039,0.544895462871738,0.371620338038971,0.132786207844963,0.189079623278362,38.3,60.5
"Arkansas",1985,5,0.8857143,0.91,0.474929653463722,0.178098934058138,0.0103632596823763,0.0081485653828051,-1.69507242860163,-1.12456185454754,-0.394806238403566,-0.207320305289655,0.562882811008858,0.359345479436989,0.163147072169068,0.164134892154485,38.3,60.5
"Arkansas",1986,5,0.8857143,0.91,0.462306839352143,0.185019110191334,0.0104155571604813,0.0082278929878202,-1.67561854724375,-1.16776168720841,-0.340526534099632,-0.123984850034074,0.534479089100053,0.338194785826152,0.160861053764753,0.185272234951027,38.3,60.5
"Arkansas",1987,5,0.8857143,0.91,0.453668774435268,0.188660123862709,0.0104386843620478,0.0081295147136439,-1.84120269620614,-1.14254681538539,-0.383947491025635,-0.113817624587487,0.558788631266256,0.355459323654714,0.137419241409714,0.138711247381067,38.3,60.5
"Arkansas",1988,5,0.8857143,0.8888889,0.443212014725795,0.196527060908367,0.0099381204977596,0.0081267993083244,-1.851578398147,-1.29881487800793,-0.512899149461952,0.008484512306365,0.537837156958194,0.372094179818251,0.176566540251664,0.131227515791206,42.2,56.4
"Arkansas",1989,5,0.8857143,0.8888889,0.436885036490338,0.201775886732226,0.0099782187727319,0.0084063673350933,-1.98171154732638,-1.36752721152388,-0.456258469106871,0.0924631775302596,0.564004175458753,0.37468182698934,0.182179925863425,0.124367572377859,42.2,56.4
"Arkansas",1990,5,0.8857143,0.91,0.432962576986621,0.202984150001797,0.0101475828518078,0.0083054592253253,-2.00438093866987,-1.41184265462846,-0.44029632417548,0.155634267091798,0.550283823310954,0.354426068843346,0.182931525166203,0.112118007456847,42.2,56.4
"Arkansas",1991,5,0.8857143,0.91,0.434596362130493,0.203486026174719,0.0102363718495,0.0081446117771424,-1.90794423764373,-1.15407130425698,-0.344230803656386,0.0863966649232424,0.561106201722461,0.346293303077207,0.206742603356258,0.14113110677045,42.2,56.4
"Arkansas",1992,5,0.8571429,0.8989899,0.435956256879964,0.204607858001542,0.0102626712552961,0.008107245003493,-1.6915252819432,-1.26466376606241,-0.354959596576653,0.207187528116415,0.483571735898235,0.348383760473791,0.190715540875373,0.096821589631974,53.2,35.5
"Arkansas",1993,5,0.8571429,0.8989899,0.435838309014329,0.202231142397222,0.0096824779073717,0.0081323389498471,-1.60415620336099,-1.15073764752305,-0.230094100141646,-0.0629520364591388,0.467663357608071,0.405050823651091,0.186597077506805,0.123207476912078,53.2,35.5
"Arkansas",1994,5,0.8,0.88,0.435515160131191,0.203290069461792,0.0096027470429541,0.0086874370814615,-1.5641183738758,-1.10366768029504,-0.300161513114014,-0.032022710004383,0.462667576550328,0.409616811588689,0.163764831652344,0.124075472441661,53.2,35.5
"Arkansas",1995,5,0.8,0.88,0.435203729879817,0.203023028358877,0.0100712466673799,0.0086670902679547,-1.69678329608968,-1.19040541690819,-0.232698511546581,-0.152229327962452,0.465218199977777,0.414090871697629,0.20641420617375,0.121448260231644,53.2,35.5
"Arkansas",1996,5,0.8,0.8686869,0.435087325547964,0.203679742527908,0.0101109442854505,0.0082370952887917,-1.59076728744392,-1.29227934572562,-0.0483962618711348,-0.0140597863396035,0.427167558787241,0.403591277035328,0.158591273932869,0.128758070412301,53.7,36.8
"Arkansas",1997,5,0.8,0.8686869,0.434060766312505,0.205071981554983,0.0101958514891946,0.0084852892777523,-1.52740208922241,-1.20284999377983,-0.113927908214958,0.0010310766128985,0.418114887376263,0.430952654519902,0.187608564090513,0.134214912302335,53.7,36.8
"Arkansas",1998,5,0.8285714,0.76,0.433183074986591,0.208321070610098,0.0099864826693309,0.0085096493272135,-1.4725175277882,-0.957495256263095,-0.0947542329149122,-0.0292786251054272,0.437979380928912,0.392778827776871,0.179203889927436,0.124434242470669,53.7,36.8
"Arkansas",1999,5,0.8285714,0.76,0.430300866477363,0.214679623178973,0.0091141245699778,0.0081120953566695,-1.53769270652624,-1.01445491601565,-0.163155875302475,0.108966348676732,0.425812086257559,0.37806986545146,0.208660237912637,0.15288929983051,53.7,36.8
"Arkansas",2000,5,0.7714286,0.7,0.427955637856742,0.22331580762456,0.0088119037093004,0.0072134395604984,-1.48255797200054,-1.08045232995073,-0.192219574075002,-0.0919423930878319,0.405511554733804,0.423395594177698,0.190665853944082,0.11448121588628,45.9,51.3
"Arkansas",2001,5,0.7714286,0.7,0.422718630503638,0.230254684625707,0.0090042456476228,0.0077446255796233,-2.05845657618026,-0.964655061919768,-0.229252019765851,0.0121408555710551,0.468277438392449,0.382091052297503,0.210996367224719,0.137094363920362,45.9,51.3
"Arkansas",2002,5,0.7714286,0.72,0.417871109493062,0.237316658032129,0.0090065424013025,0.0079754669011386,-2.08022585969673,-0.916132860053987,-0.287135656847863,-0.155258845810011,0.49431548739195,0.390329840418224,0.200382451145434,0.136106168859423,45.9,51.3
"Arkansas",2003,5,0.7714286,0.72,0.415085906790834,0.242865444946886,0.0090542962450208,0.0078933349794575,-1.8105904704047,-0.996646196260742,-0.385188910717728,0.0881175779822334,0.47666982674606,0.420935860686884,0.17534521540176,0.154507003171666,45.9,51.3
"Arkansas",2004,5,0.7714286,0.72,0.411552213089266,0.246953239840686,0.0081883427339793,0.0073716895546189,-2.03337893620072,-0.971375342863187,-0.343317333273529,-0.101957459315854,0.507952861069874,0.405387322805187,0.147168167016983,0.122364925860435,44.5,54.3
"Arkansas",2005,5,0.7714286,0.72,0.405936851397189,0.247910580783261,0.0085592766497955,0.0073244118072454,-2.18921388279958,-0.932088509134423,-0.223339478172416,-0.0999162935913132,0.521796424219153,0.375369647885287,0.144230472820318,0.136285361862421,44.5,54.3
"Arkansas",2006,5,0.7714286,0.75,0.399157878281446,0.249670809002948,0.0083061553102944,0.0074465599470383,-1.98199750318547,-0.698198127573776,-0.118832133717724,-0.224697613288941,0.517659680619584,0.345624231763682,0.131863211528968,0.130171988766875,44.5,54.3
"Arkansas",2007,5,0.7714286,0.75,0.391796528489837,0.250323389824696,0.0082761971953455,0.0072563509609083,-1.99207412315131,-0.558917391623771,-0.145730062981673,-0.14089491273708,0.473305043701686,0.359841415188882,0.154606321607565,0.12611308123576,44.5,54.3
"Arkansas",2008,5,0.7714286,0.7171717,0.386137548078906,0.251757471947346,0.0080106406639109,0.0067727703840283,-2.04520211593192,-0.75100341734565,-0.178984978221173,-0.251091686142056,0.492783917264976,0.354376378436268,0.168129853689762,0.103639115006551,38.9,58.7
"Arkansas",2009,5,0.7714286,0.7171717,0.375424733978981,0.249827452004946,0.0077148358605298,0.0070023511621164,-1.95712999128413,-0.675616131106698,-0.336950351217657,-0.294103331846049,0.465731653756808,0.367007729382151,0.195853100145956,0.08943868504106,38.9,58.7
"Arkansas",2010,5,0.5714286,0.55,0.366379079646784,0.250424954163819,0.0077038785529536,0.007203493939349,-1.77670534050456,-0.961078661577595,0.0587433139516098,-0.470389605102194,0.433802088902198,0.389785734179275,0.19061772433863,0.104748396395065,38.9,58.7
"Arkansas",2011,5,0.57142857,0.55,0.361983306507581,0.247341959417796,0.0078088805626109,0.0075923976089644,-1.74667714145205,-1.0655499063682,0.0021159660315969,-0.377375444741196,0.421890292962972,0.401618605968904,0.208133309321686,0.110635268765728,38.9,58.7
"Arkansas",2012,5,0.57142857,0.55,0.359387322009751,0.245695609601897,0.0083040637479086,0.0076791999084036,-1.776886291506,-1.09874451385325,0.0361856814853502,-0.402620380523235,0.420816496370459,0.402092131710538,0.214346656173982,0.131336484392866,36.9,60.6
"Arkansas",2013,5,0.4,0.48,0.358636506576199,0.243767173144844,0.0090780432546222,0.008418278803745,-1.7903972871113,-1.22904692911976,-0.0054359004332245,-0.452751580471368,0.417441164203137,0.50510096373573,0.266031073831077,0.108342686024289,36.9,60.6
"Arkansas",2014,5,0.37142857,0.48,0.361902981960929,0.24440600513455,0.0102833282207053,0.0095902382275709,-1.84983297246406,-1.13921270737119,-0.0184735306848665,-0.375120567653716,0.439640578613017,0.511597711926122,0.335239825823616,0.125699905500767,36.9,60.6
"California",1946,6,0.2972973,0.3846154,0.471197150097516,0.299718037575311,0.0204587273668952,0.0184494092423343,0.280058056663572,2.15943981876424,0.10941898834793,0.0902429910726154,0.546015328848389,0.283839655246441,0.127968798503533,0.0554746632705742,NA,NA
"California",1947,6,0.2972973,0.3846154,0.471627630879294,0.299290783695868,0.0183125995664152,0.0161931898022592,0.268232409345735,2.09140276230936,0.0692589514057943,0.150295312330116,0.557671904003842,0.273165414068337,0.118931729829246,0.0522359867640381,NA,NA
"California",1948,6,0.35,0.4375,0.472424055359142,0.298785172477191,0.015444524629092,0.0135870301509112,0.209087180175887,1.99180990079607,0.0316450274245966,0.144101230292428,0.573204627529664,0.253535170778851,0.111056842752259,0.0528724660127134,NA,NA
"California",1949,6,0.35,0.4375,0.485593538953618,0.298788764547119,0.0145911028103693,0.0131783399023309,0.796049076976128,2.16722356456629,-0.0329958311887841,0.1582454295476,0.482010466696401,0.274633331524234,0.128982351696619,0.0476392725052466,NA,NA
"California",1950,6,0.325,0.4125,0.491770659030779,0.303545822808467,0.0136514771039612,0.0128420638407278,0.755581756651996,2.00524064126768,0.132640341414545,0.0621887798794806,0.486786436318882,0.253597816135574,0.139130409598898,0.0742938426093341,NA,NA
"California",1951,6,0.325,0.4125,0.49546480271568,0.310058072901926,0.0127108592807373,0.0118778428487914,0.779430401205183,1.38601443111874,0.0116581992823272,0.0740204841800052,0.455749056459015,0.228898942159244,0.177438865804724,0.0879510451504027,NA,NA
"California",1952,6,0.275,0.325,0.499414514659116,0.316572487639217,0.0108045204838496,0.0098400202476096,0.7268202194651,1.38839127997953,-0.0840535226962143,0.117076489087571,0.526657907115209,0.289934992083392,0.113660281178761,0.0713062494708904,NA,NA
"California",1953,6,0.275,0.325,0.489604082561038,0.334357093892681,0.0091378016278251,0.0087606152715754,0.907397137241858,1.36254046427686,-0.176577820411724,0.0657986112844652,0.471278773145614,0.290761653243285,0.122536555619943,0.0706012435170678,NA,NA
"California",1954,6,0.4102564,0.4210526,0.481977407958159,0.353041031209483,0.0084596612494362,0.0080436041752332,1.08235142213327,1.30630989356903,-0.12914115526846,0.0328629480211082,0.469541635436113,0.298121059189492,0.0990209312942959,0.0547011153327926,NA,NA
"California",1955,6,0.4102564,0.4210526,0.475244194524977,0.366007742379466,0.0085017281771796,0.0079732996195644,1.04732997621172,1.20970626403596,0.0301461828377045,0.175746618488441,0.467120791315805,0.286413119181934,0.118411297968097,0.0584415218291309,NA,NA
"California",1956,6,0.5,0.475,0.489545549448413,0.344764574985738,0.0078268574044325,0.0072560386102161,1.03000794829083,1.26741392178242,-0.237013396524775,0.188053808450963,0.461535439946034,0.282271361297376,0.0960225862195708,0.0796526796349858,44.3,55.4
"California",1957,6,0.5,0.475,0.491062212353578,0.331691907113333,0.0084482757908876,0.008210186284948,1.01650547380278,1.47308244538802,-0.0595878971928727,0.210403806770338,0.46701140712033,0.282500694285944,0.107939585711723,0.0674115608462283,NA,NA
"California",1958,6,0.675,0.5875,0.495166069439778,0.326963846946889,0.0083461510441224,0.0076043976945263,1.0058736177692,1.6095198167155,-0.183810824267175,0.13748783007712,0.446788049426407,0.282988393055089,0.0900953637034451,0.0862986164648045,NA,NA
"California",1959,6,0.675,0.5875,0.488373959984892,0.321200656905569,0.0078874084747209,0.0072010881368647,0.932243954969264,1.62393589746993,-0.210435227239021,0.0584826648443219,0.456672536229579,0.291243722837979,0.0976279059443716,0.0779779503951535,NA,NA
"California",1960,6,0.75,0.5875,0.49474672646226,0.31362558011625,0.0088211872490768,0.0079661843731406,0.888417651994338,1.60502590962177,-0.172688243502111,0.165053637188467,0.471806432790072,0.295044981109923,0.101890066189062,0.0845919770121156,49.6,50.1
"California",1961,6,0.75,0.5875,0.501719811648656,0.308488938880152,0.0082772307025063,0.0076829553925898,0.902422942568752,1.47223445203485,-0.159474703959093,0.223223591455468,0.453306225693767,0.276679040085052,0.10250837207532,0.0816717100809282,49.6,50.1
"California",1962,6,0.675,0.65,0.500042200420127,0.311562055000631,0.0077405494631159,0.0071870597079733,0.829318338841122,1.56878596894635,-0.179413232468374,0.171759304126822,0.413165596980942,0.280146105139538,0.149290959017979,0.0790524914411731,49.6,50.1
"California",1963,6,0.675,0.65,0.492695146787431,0.314521845905824,0.0073238404129985,0.0066642651369112,0.764839781003209,1.77193414045769,-0.290763528373599,0.32422153903481,0.442522873473694,0.283593849969793,0.112892306207441,0.0902049265038282,49.6,50.1
"California",1964,6,0.675,0.6125,0.495376964747058,0.314582713754026,0.0073877163729893,0.0068277962861473,0.687007943279876,1.73006407809367,-0.0535162609109759,0.166931646082226,0.448497814066359,0.304531291453942,0.0878724338340393,0.0651946114622967,59.1,40.8
"California",1965,6,0.675,0.6125,0.484365952008057,0.324196549094493,0.0072199884774208,0.0066414780337846,0.549399521053229,1.66860367283639,-0.38058544673998,0.0300184101643524,0.403358713723553,0.310040887762076,0.087635402373649,0.0839074525979246,59.1,40.8
"California",1966,6,0.525,0.525,0.473454124474425,0.325977663316092,0.0073565045103006,0.0068576616678323,0.450370932804608,1.56641754335875,-0.312789710149644,0.20435650943241,0.428697967712439,0.309353198094365,0.0752813967908223,0.0823120207625729,59.1,40.8
"California",1967,6,0.525,0.525,0.459704684796573,0.326068592014568,0.0068637915762372,0.0065950400839677,0.403154293163625,1.80938674688906,-0.343728573420692,0.150308749546071,0.433850033997983,0.343370684632031,0.106060949142854,0.0935772152165801,59.1,40.8
"California",1968,6,0.475,0.4875,0.461555346863962,0.319825657341007,0.0068623625002955,0.0059333761217687,0.362437111069812,1.72532986365897,-0.266955583174917,0.192328660963348,0.405926500256066,0.373757370644539,0.0650026471307971,0.0780869933324062,44.7,47.8
"California",1969,6,0.475,0.4875,0.458792229955333,0.317657661961801,0.0073190492375114,0.0067142188926181,0.722973235222881,1.58767502476793,-0.0556833197282535,0.215178816128168,0.330048605516558,0.332678668317887,0.112913842497297,0.105863298932821,44.7,47.8
"California",1970,6,0.525,0.5375,0.461071705184482,0.313617394364147,0.0077846847678673,0.0071475669510968,1.01075503557397,1.92777456884213,-0.0839986907043084,0.337120453840607,0.374105694870085,0.343570877230189,0.124769939174065,0.157377872473382,44.7,47.8
"California",1971,6,0.525,0.5375,0.466272830786605,0.303920844288474,0.007681428658549,0.0067267136384632,1.00048759777549,1.71806009838124,-0.0202950804275366,0.250243548845606,0.340331981820288,0.313278740777261,0.13173136021411,0.121440362561656,44.7,47.8
"California",1972,6,0.5,0.625,0.467347008392918,0.295201896076947,0.0072879081627317,0.0064586610098283,0.710113317456137,1.59176546558521,0.0359623376251453,0.302362971621673,0.358340871266749,0.334649492500131,0.0997968999781374,0.121046984288541,41.5,55
"California",1973,6,0.5,0.625,0.474574777792553,0.285216293365702,0.0071254034014072,0.0065114603331031,0.967907582333392,1.33916830190492,0.144184975941967,0.554669685461922,0.371894356509356,0.335091741705256,0.138649699146981,0.11449233464852,41.5,55
"California",1974,6,0.625,0.6875,0.484213924442242,0.273807871806923,0.0070921151718111,0.0066835565706899,0.914178422882128,1.26876554825806,0.0605841725227888,0.284509768113278,0.34432825411357,0.32162153778788,0.112479695468647,0.109266264094427,41.5,55
"California",1975,6,0.625,0.6875,0.48512888900954,0.264190028978268,0.0072100876352214,0.0063118672994998,0.854672513715257,1.28957146326244,0.0519526561705182,0.266006244157484,0.35235812365126,0.327845329785085,0.121513461526511,0.133463490331626,41.5,55
"California",1976,6,0.65,0.7125,0.478830830270745,0.266308358637634,0.006769172774577,0.0057769564589628,1.01560233940867,1.20200867935165,0.190918375883824,0.0669475547700369,0.336348180785467,0.326058089427617,0.104005833210395,0.138958696528568,47.6,49.3
"California",1977,6,0.65,0.7125,0.487819279398046,0.265949283019507,0.0065509743428318,0.0059622648368578,0.984463853497172,1.68771431190148,0.136498820045589,0.156774221671904,0.327012412065985,0.319179514813445,0.114606579635183,0.184433563249788,47.6,49.3
"California",1978,6,0.625,0.625,0.490447947022662,0.265352631249852,0.0062032868310636,0.0054383242352697,0.958149322125474,1.47054672242406,0.104608287402884,-0.0609648485569184,0.3421732367968,0.326432023390063,0.111794090731549,0.157741020316618,47.6,49.3
"California",1979,6,0.625,0.625,0.476130028083887,0.271529682431739,0.0061612325047929,0.0059344688124697,0.905807314306209,1.43144935748612,0.164014717818232,-0.0001557708067636,0.358221869690411,0.33202314494268,0.116015181262109,0.199742004133584,47.6,49.3
"California",1980,6,0.575,0.6,0.4590889798397,0.28242077154616,0.0059503568541187,0.0056156800462654,0.901315532383343,1.5105369156148,0.101448353602492,-0.146535388391729,0.318552090660958,0.326810991338001,0.102225921252774,0.148342382487408,35.9,52.7
"California",1981,6,0.575,0.6,0.442088555796244,0.291822464837754,0.006130543861674,0.0053279030639709,0.951077076818528,1.1676643561401,0.183414316661181,0.0274524824177241,0.322917663656663,0.308606058177919,0.113651060424399,0.208481556909147,35.9,52.7
"California",1982,6,0.625,0.6,0.435671564528362,0.296868854024979,0.0059717495017528,0.0058865458083421,0.918572242467545,1.01781131576396,0.182772501392,-0.0997976441496318,0.308658572402814,0.315770080401407,0.112707833303007,0.172247055886446,35.9,52.7
"California",1983,6,0.625,0.6,0.430983350317299,0.305331492879903,0.0057649260168186,0.0057111780320918,0.900704573486566,0.938883232939936,0.220492755318509,-0.166061304213848,0.31380971549801,0.335160997808656,0.115684650811708,0.150608789857212,35.9,52.7
"California",1984,6,0.625,0.5875,0.40663922860198,0.32596804837423,0.005791857313849,0.0057222687003121,0.954843113121515,1.19334195365852,0.395793584607449,-0.0016347489769022,0.301747870928137,0.315374598504387,0.10553529560126,0.169326575053563,41.3,57.5
"California",1985,6,0.625,0.5875,0.392781390781895,0.333579248198462,0.0059003726732414,0.0060763134058507,0.93255757881374,1.19894194456677,0.336932495204519,-0.0544703939403705,0.299475602977548,0.329468636548168,0.136457168005903,0.163478920590861,41.3,57.5
"California",1986,6,0.6052632,0.55,0.378227300857936,0.333901167730616,0.0059720389989091,0.0061687666521162,1.11189080527072,1.17036241965042,0.47708054021753,0.0095960913959606,0.291554150360589,0.322740326900997,0.136492758801625,0.153541788719671,41.3,57.5
"California",1987,6,0.6052632,0.55,0.372353746524413,0.335329584595504,0.0056444013617026,0.0057254872901562,1.13876649014661,1.27483999554293,0.509593206297061,-0.0632011164674825,0.30979826165745,0.331644289598761,0.12355222500171,0.101329182946966,41.3,57.5
"California",1988,6,0.6153846,0.5875,0.367488039347002,0.344306392435888,0.0058777190399296,0.0058775769581164,1.13424664215569,1.36365192377885,0.5380194314575,0.104787261473669,0.324119592411889,0.320866417407783,0.140145374623389,0.101880933037233,47.6,51.1
"California",1989,6,0.6153846,0.5875,0.366183285523149,0.342819532262748,0.0063546164997165,0.0058658290247832,1.75365322424512,1.28356380102364,0.587830640692541,0.179351389493222,0.185286139506186,0.328627525381778,0.140299890796914,0.0969108572021374,47.6,51.1
"California",1990,6,0.6578947,0.6,0.366705229363662,0.338969692152545,0.0067395491035662,0.0061347136724294,2.02760444015647,1.38636530639986,0.823295386197028,0.129508557093526,0.254591399140409,0.309726630985307,0.146584817506047,0.101496388984786,47.6,51.1
"California",1991,6,0.6578947,0.6,0.371773113572838,0.329093308231576,0.0060927864282288,0.0060175143294278,1.97273992872552,1.29901298798836,0.782453997611609,0.140708927847166,0.261111363930514,0.313936571847674,0.174280655665533,0.0942875247463478,47.6,51.1
"California",1992,6,0.6216216,0.6,0.381589753058367,0.325832752872481,0.0059569060160469,0.0060469196323827,2.07373222205614,1.48794254443748,0.892833929070147,0.129540915724481,0.299634581627197,0.35166601715866,0.164431492453254,0.0814386519663544,46,32.6
"California",1993,6,0.6216216,0.6,0.380915356203267,0.322375204946919,0.005898913501707,0.0056617458303857,2.01696340436439,1.36207271414683,1.03483475929322,-0.0494622065917292,0.287852883238666,0.39683558832438,0.178387378057384,0.0904883422102487,46,32.6
"California",1994,6,0.5526316,0.4936709,0.388174444961759,0.323380685173178,0.0062370341201209,0.0063508167339747,2.01768463645263,1.54606818965809,0.847573187085549,-0.0952512497961584,0.324131109075413,0.397841729777335,0.130297364026012,0.115465071737656,46,32.6
"California",1995,6,0.5526316,0.4936709,0.386735770894708,0.324901249117925,0.0056977567247508,0.0055130746898085,2.03050242591254,1.31665136968535,1.03107138930992,-0.338892991742839,0.340613794119551,0.387813960896035,0.176503346403553,0.0974675932061348,46,32.6
"California",1996,6,0.5897436,0.5375,0.388232029298546,0.322068967311047,0.0057281639422812,0.0061283803461447,2.08297127394978,1.57655713062082,0.818472801280429,-0.0618999031648953,0.326944012274484,0.337678530621552,0.139479521445269,0.110607491827053,51.1,38.2
"California",1997,6,0.5897436,0.5375,0.3933093891099,0.310761100596264,0.0057267538670875,0.0060179315936658,2.08070703292055,1.48668243877527,0.881060752217471,-0.217014469790666,0.351078279354578,0.362095786485216,0.182121237432713,0.131140667566973,51.1,38.2
"California",1998,6,0.625,0.6,0.406522025365077,0.301571750358966,0.006192238638485,0.0062399784927479,2.18963430925184,1.56686520790955,0.820561108351518,-0.0538243415590249,0.361896274899897,0.339748268542675,0.156614351150327,0.114958595679199,51.1,38.2
"California",1999,6,0.625,0.6,0.411149680428723,0.302373474243744,0.0057037305050304,0.0053646730063511,2.30565177711233,2.02716280455324,0.766217141454173,-0.0054805194513948,0.362477140777418,0.384814918739115,0.179673469913355,0.139375219814321,51.1,38.2
"California",2000,6,0.65,0.625,0.422605051818705,0.310448883950126,0.0043800236318157,0.0042977740734635,2.22546460610335,2.00420468185472,0.735968442769042,-0.122764883926672,0.348011266418408,0.375554447996878,0.142758359401726,0.0972381234797599,53.4,41.7
"California",2001,6,0.65,0.625,0.415518860266693,0.303257756755691,0.005541560575214,0.0052738576477096,2.25875285986364,2.00459087286752,0.8802776672058,0.0634083017408987,0.364511584459923,0.357979266813672,0.172899180326937,0.145316434152349,53.4,41.7
"California",2002,6,0.625,0.6,0.407516727298082,0.304887835536765,0.0059712188415044,0.0054558772226456,2.22757603868544,2.0810513704119,1.03244850015728,-0.0548087498264861,0.346569340445422,0.377235451851901,0.181827670258902,0.122658564758841,53.4,41.7
"California",2003,6,0.625,0.6,0.408067009534412,0.310213733262213,0.0054018127093222,0.0051980065916062,2.60282220569761,2.21652871404696,0.971164384791834,0.277754128769484,0.383359062617859,0.371281539409234,0.150339873978081,0.150976657847335,53.4,41.7
"California",2004,6,0.625,0.6,0.40701384864122,0.314083637011541,0.0044981872573322,0.0044257525377766,2.48831756277276,2.11140563036324,1.00015982601847,-0.0613361706990395,0.399356466609682,0.367433112748597,0.126536747432053,0.0987807838559514,54.3,44.4
"California",2005,6,0.625,0.6,0.399515141855319,0.305757438703072,0.005058205817346,0.0048071064822186,2.61159665462371,1.88384807866299,1.00977935737103,0.108164560315895,0.379180541575828,0.352360160165455,0.139220876667494,0.109094992402369,54.3,44.4
"California",2006,6,0.625,0.6,0.399547814608039,0.298212177945095,0.0045297130205028,0.0043334924815783,2.50313774116852,1.65562636478673,1.05427419534963,0.046778703849985,0.353525498014445,0.308369858102697,0.127514258631267,0.0881340914160079,54.3,44.4
"California",2007,6,0.625,0.6,0.40404350957268,0.288103770430541,0.0046774065322502,0.004436369798655,2.4237270143639,1.89528309605518,1.17602768809481,0.0337518725464989,0.360722723969467,0.347654161688745,0.138957678099787,0.091019384211959,54.3,44.4
"California",2008,6,0.6410257,0.6375,0.423946830383146,0.284819185415351,0.0048599166919399,0.0041316692990183,2.34865505931319,1.81797136106898,1.31800537141721,0.104875886907591,0.345315650447283,0.335625037696218,0.154915234452236,0.0712396976242547,60.9,36.9
"California",2009,6,0.6410257,0.6375,0.416579435604591,0.270745762417642,0.0048775851547193,0.0042537982570148,2.27153390616172,1.69085679659881,1.16022733189027,-0.0974538716297837,0.364974616019399,0.338853529588922,0.152136298577061,0.0682677131109471,60.9,36.9
"California",2010,6,0.625,0.65,0.419734962776657,0.271200715853165,0.0045591994527435,0.0039812018968791,2.24938640925142,1.85062699561236,1.44284794242429,-0.137351718867523,0.385040439737964,0.341274725346056,0.179690436051667,0.0721665399232597,60.9,36.9
"California",2011,6,0.625,0.65,0.42086993143803,0.259372119621673,0.0049619417460866,0.0045624003872359,2.52658509667004,1.76113848191921,1.49400497262152,-0.106598705892397,0.428175059619101,0.315772149065291,0.181422404698723,0.0716359547422915,60.9,36.9
"California",2012,6,0.625,0.65,0.436446389526159,0.254202129583268,0.0043020894325952,0.0040330503504611,2.51343377528398,1.75856568841495,1.75321710923736,-0.113889999115343,0.437039819458496,0.360513551491878,0.204932528053638,0.0687522002121598,60.2,37.1
"California",2013,6,0.65,0.675,0.432549032177349,0.238017200276302,0.0049204204234683,0.0045682442446368,2.72795476001328,1.58473071370275,1.94369784653706,-0.0944819003111293,0.480989792113359,0.403388199838119,0.238420140083516,0.0742418030612707,60.2,37.1
"California",2014,6,0.7,0.6875,0.446041515536786,0.232170432591,0.0051618506050695,0.0042879712384948,2.63257112757986,1.55883197371154,2.29208465556814,0.0189053021370605,0.477105074986767,0.398695054725398,0.319587887320944,0.0712363389044225,60.2,37.1
"Colorado",1946,8,0.2285714,0.2923077,0.44272366130529,0.350344729374921,0.0287594138848474,0.0276641867941611,-0.411076213317597,1.54553936235956,-0.281659930582146,0.0390078841801361,0.681405334549308,0.206612068082788,0.134186557599691,0.0805457144941415,NA,NA
"Colorado",1947,8,0.2285714,0.2923077,0.443082570467358,0.350135666245496,0.0258810873749985,0.0252071129353177,-0.432706117967075,1.6159470865571,-0.253982902701719,0.0784065425468475,0.731909364730448,0.208707887906483,0.149160934396881,0.0830418465753389,NA,NA
"Colorado",1948,8,0.3823529,0.6307693,0.442542254449227,0.349882692257571,0.0235684259741641,0.0233029657038371,-0.580909803529913,1.64177394242829,-0.145220441504015,0.0738185695819159,0.719111587693922,0.21174263580571,0.122032861516441,0.0748464787040748,NA,NA
"Colorado",1949,8,0.3823529,0.6307693,0.444474336045486,0.349157122390527,0.0223535179899455,0.022877582167887,-0.596500773884543,1.5825279614362,-0.208139453848472,0.0911245291059365,0.734983944571821,0.20194366776315,0.154485902227747,0.074921312168991,NA,NA
"Colorado",1950,8,0.4285714,0.2769231,0.446965111372614,0.347480685670726,0.0219830788980525,0.0228261084139718,-0.583290395487799,1.56325066560957,-0.0648805579839209,-0.0223593877516641,0.756374820140893,0.200365701502248,0.171831811808752,0.0952744792354283,NA,NA
"Colorado",1951,8,0.4285714,0.2769231,0.448041596458308,0.347223110045639,0.0206674273287643,0.0214665085516121,-0.58389488005847,1.58046540526989,-0.30282801885013,-0.0004279885415699,0.704529854225027,0.207123707761002,0.215693249365852,0.119722351811961,NA,NA
"Colorado",1952,8,0.3428572,0.3076923,0.449525752992909,0.346997477929504,0.0189319853654739,0.0193077813841781,-0.58581084079495,1.24393446532343,-0.328575629264523,-0.0243342772229778,0.704875331479853,0.304055481305487,0.157768760902213,0.093952784186526,NA,NA
"Colorado",1953,8,0.3428572,0.3076923,0.435940995149643,0.363971773900255,0.0165399834775288,0.0171972708214285,-0.595747083835772,1.16704794443843,-0.322393924234518,-0.0801379055508323,0.704640023512087,0.306371374752135,0.175197442233287,0.100440158908735,NA,NA
"Colorado",1954,8,0.4285714,0.4375,0.428858658529796,0.372950734327319,0.0155796073183735,0.0156653597953483,-0.646324291146347,1.03852031680534,-0.246399413440003,-0.129805126438418,0.765000988358034,0.30136212032982,0.129608021425486,0.0997750685934185,NA,NA
"Colorado",1955,8,0.4285714,0.4375,0.430303587171822,0.37184013407875,0.0144406956789952,0.0142082071680358,0.249067583531491,1.05730559882955,-0.0022008581900092,0.0866186065228683,0.542607262501,0.308120435905337,0.156141301964672,0.0777486736416723,NA,NA
"Colorado",1956,8,0.6,0.5846154,0.431009337166645,0.36837024511581,0.013621137177536,0.0132737880001935,0.134025066442352,1.06297676426038,-0.30905264906847,0.168652434294061,0.557239398863716,0.279343923474915,0.118768953517132,0.106022857798358,39.8,59.5
"Colorado",1957,8,0.6,0.5846154,0.431462649479093,0.362528304126373,0.0136652400028435,0.0134400916587651,0.172586553094538,0.83344549406104,-0.155854426266759,0.167179262928081,0.5181514168934,0.29317042011328,0.137847854317754,0.100406463826976,NA,NA
"Colorado",1958,8,0.6285715,0.6769231,0.436493941281941,0.352375650598211,0.0135596922184526,0.0128870983397522,0.12255262605138,0.928357258458173,-0.187756704777622,-0.0059854001926145,0.551301250616656,0.278468311044611,0.119125998334597,0.13605808808798,NA,NA
"Colorado",1959,8,0.6285715,0.6769231,0.438470145924966,0.343938924508138,0.0137372013664665,0.0128582733593434,0.114821772304048,0.898187372674326,-0.327286086332654,0.0771555824502411,0.561912132923888,0.307132365944818,0.131982285693815,0.0961973952707173,NA,NA
"Colorado",1960,8,0.5428572,0.5076923,0.439964290333568,0.333622830180807,0.0138503661199488,0.0126321882552391,0.031475641542106,0.778650950795856,-0.243043282154337,0.126995703798716,0.575429029418049,0.291780609247068,0.161084059728378,0.151503545765646,44.9,54.6
"Colorado",1961,8,0.5428572,0.5076923,0.440456506441202,0.325586290782385,0.0136219043871756,0.0131813071741459,0.0717762577027141,0.648024129042031,-0.32268112001403,0.13795429695232,0.539137058008905,0.294697902772587,0.123781530017873,0.10365889148645,44.9,54.6
"Colorado",1962,8,0.4285714,0.3692308,0.4365847051261,0.321574536216409,0.0132816901653854,0.0128563549201006,0.0002086414337617,0.550041888586712,-0.285533685641337,-0.0887964546857501,0.532124061622202,0.276308514498426,0.184739474354266,0.126483927082561,44.9,54.6
"Colorado",1963,8,0.4285714,0.3692308,0.428229405864584,0.317906507848203,0.0131373196894031,0.0125111482386264,-0.019178087288068,0.562335335812097,-0.335810270030081,0.0229792747649656,0.522559394232824,0.289628115386423,0.154160981006283,0.139333412893385,44.9,54.6
"Colorado",1964,8,0.4285714,0.6461539,0.422259067816899,0.31213035032788,0.0128444827142704,0.0118138961396544,-0.0746112240016679,0.383842393593196,-0.145613254737778,-0.0370362848368396,0.553439184117191,0.304152265183174,0.141516935741293,0.112174705712411,61.3,38.2
"Colorado",1965,8,0.4285714,0.6461539,0.414264197381573,0.309211616026777,0.012012227914941,0.0111293753975399,-0.231535547791222,0.426837711545185,-0.486896722459663,0.0588531274566235,0.488394243424705,0.294015957848601,0.122197556508174,0.101898061611363,61.3,38.2
"Colorado",1966,8,0.4285714,0.4153846,0.407328790756867,0.306793170174362,0.0122470653765816,0.0114682216985487,-0.280873415745221,0.583664922865769,-0.338526567080545,-0.0076225807362839,0.53628103735618,0.31303723163642,0.0948437285477804,0.112044868946935,61.3,38.2
"Colorado",1967,8,0.4285714,0.4153846,0.403958146814014,0.301687770365783,0.0121007799009349,0.0109538504837772,-0.371946256487356,0.296632710571199,-0.464245952810084,0.0120607360670127,0.521122267318764,0.338616689927748,0.132363424282176,0.118181320938128,61.3,38.2
"Colorado",1968,8,0.3142857,0.4153846,0.400130510362481,0.298689824108312,0.0120738537751974,0.0112501379257871,-0.387327928708812,0.178045563358719,-0.33692007385447,-0.0400576654919789,0.50371998209635,0.326172961326833,0.103601642319624,0.11456721955272,41.3,50.5
"Colorado",1969,8,0.3142857,0.4153846,0.389728546275221,0.298184083023373,0.0127481147284925,0.0111415670037689,0.123938809953434,0.255190389113397,-0.311249380312668,0.182866001435575,0.442708169309589,0.365334279205815,0.141943001012094,0.134894914129875,41.3,50.5
"Colorado",1970,8,0.4,0.4153846,0.380887005686778,0.29550005212534,0.012286093073982,0.0106967684969626,-0.0448401281427949,0.497986289206036,-0.240870469308995,0.086979537856545,0.46228914145022,0.328102552735906,0.159821331033783,0.186939864980621,41.3,50.5
"Colorado",1971,8,0.4,0.4153846,0.373322413412977,0.290877432333249,0.0121957700354598,0.0112559583860379,-0.179047486712467,0.38204824512913,-0.141520654883025,0.0566669561638864,0.467660812260727,0.32372994360492,0.142975851129775,0.142956089052706,41.3,50.5
"Colorado",1972,8,0.3714286,0.4307692,0.364526567663268,0.287198607909998,0.0120906977525098,0.0113950151747751,0.280818488311163,0.212298107745613,-0.0750988446130131,-0.0252609922808865,0.380425065981074,0.318812306080997,0.13833115437294,0.171837816469539,34.6,62.6
"Colorado",1973,8,0.3714286,0.4307692,0.358498456217408,0.283194434400971,0.0119964482820995,0.0115335699937335,0.305641778890334,0.486340798104659,-0.163955629369816,0.179976604530044,0.426941299425172,0.345908930792461,0.15026751921457,0.136008094910865,34.6,62.6
"Colorado",1974,8,0.4571429,0.6,0.353956013448649,0.281769772984763,0.0114396609720897,0.0111080017205716,0.244416217194274,0.313820215531935,-0.135006333614576,-0.172060100716534,0.396831593627274,0.345603398003064,0.139362991595923,0.148072453118901,34.6,62.6
"Colorado",1975,8,0.4571429,0.6,0.347041617114588,0.282310064173485,0.011246768236026,0.0109060930864375,0.245871523072573,0.234106001360019,-0.0820219501621315,-0.136769679942521,0.409149936969244,0.361176601958301,0.144059652003836,0.162593507279895,34.6,62.6
"Colorado",1976,8,0.4857143,0.4615385,0.340729640864803,0.281713430898258,0.0111362897251625,0.0099585042232166,0.212977872380968,0.140555649094083,0.0083340091897759,-0.324396456243767,0.387289679553311,0.337503671211679,0.130779643477432,0.164411537240933,42.6,54.1
"Colorado",1977,8,0.4857143,0.4615385,0.335170206028473,0.283049207924355,0.011003574881887,0.0100052508263296,0.183988992525776,0.223262805542021,-0.132112525881472,-0.343029514784423,0.397092497469502,0.326169961595416,0.146373207854668,0.204302031715484,42.6,54.1
"Colorado",1978,8,0.3714286,0.4153846,0.328484870624303,0.288351575321702,0.0105621983316533,0.0101056519312628,0.18554296469621,0.147407184104338,-0.119239780291424,-0.296782849047747,0.417621731952005,0.335002491067305,0.140884325945786,0.18174456513903,42.6,54.1
"Colorado",1979,8,0.3714286,0.4153846,0.319523948917683,0.293102813893731,0.0096625560179588,0.0096417600786369,0.133841458140261,0.130183021483342,0.0942938924180476,-0.308390613866386,0.407327580539929,0.314354063420157,0.134242943842176,0.223813896398906,42.6,54.1
"Colorado",1980,8,0.3714286,0.3846154,0.308206319549077,0.299170114503506,0.0095179033934994,0.0098264325133118,0.0998127854071297,0.0289856485881431,-0.0058930028874644,-0.419319541755099,0.403985204988061,0.282147723649141,0.12492310636761,0.192703230273281,31.1,55.1
"Colorado",1981,8,0.3714286,0.3846154,0.300879338889449,0.303352947594104,0.0088870768107095,0.0095781053818127,0.0045867840736727,-0.024192001178314,0.140522372907806,-0.336605991235052,0.39599062099978,0.32812478118229,0.142145955253056,0.197820169157283,31.1,55.1
"Colorado",1982,8,0.4,0.3692308,0.296476281236995,0.305840726737527,0.0090226220397018,0.0101508241738343,-0.0283024535532029,-0.0328673302713208,0.019440648091862,-0.510436366024485,0.394472771911014,0.338907512239271,0.134089925441542,0.198919326754383,31.1,55.1
"Colorado",1983,8,0.4,0.3692308,0.290463081634615,0.309436506999629,0.0091443825927739,0.0100408995801859,0.101549495372676,-0.022325247139089,0.0635797725977189,-0.452769698825335,0.382285018058858,0.307711779944647,0.130739470198088,0.16661302028997,31.1,55.1
"Colorado",1984,8,0.3142857,0.2769231,0.282040552685273,0.315071997714334,0.0097356361447433,0.0101562429939878,0.100116205807757,0.0765225608737287,0.0535964063747328,-0.339157204834345,0.354321539219576,0.322781611977939,0.130162861805022,0.185824150784754,35.1,63.4
"Colorado",1985,8,0.3142857,0.2769231,0.275068015279791,0.321390147131903,0.0096514034165371,0.0101844749097439,0.0526506638311222,-0.384219052333879,0.0882360917182737,-0.385322945425473,0.345941787662914,0.349902775541286,0.14766368909217,0.181557431841425,35.1,63.4
"Colorado",1986,8,0.2857143,0.3692308,0.271182474230013,0.321121944551481,0.0094462274277321,0.0100708742042723,0.0623964184004034,-0.408744366846114,0.209826064182705,-0.290119439965098,0.36293340081585,0.320169260707279,0.152924033680474,0.174646271092612,35.1,63.4
"Colorado",1987,8,0.2857143,0.3692308,0.271404640013545,0.318908725655676,0.0086411137775646,0.0097336180247965,0.0199478019250941,-0.405309366758665,0.147856053456066,-0.294957597793131,0.363335367705231,0.31229252564245,0.145155972262211,0.13464484616371,35.1,63.4
"Colorado",1988,8,0.3142857,0.4,0.276112860228114,0.317271219107493,0.0086878478170681,0.0097979535889617,-0.0723648262608697,-0.327669325356369,0.303637616505604,-0.0798213662000931,0.35042044329895,0.289718104615437,0.152443466998222,0.126799940828194,45.3,53.1
"Colorado",1989,8,0.3142857,0.4,0.282166055103941,0.314005083305025,0.0086051653391585,0.0099020628942593,-0.112751126697347,-0.386094153526763,0.296305124937429,0.030378985804393,0.346505997528293,0.324126028180698,0.1547838041013,0.119912008812891,45.3,53.1
"Colorado",1990,8,0.3428572,0.4153846,0.284358703256168,0.316050288530303,0.0086227915996387,0.0102506304859121,-0.159255196386222,-0.39008666713897,0.377289645925605,-0.0047004725428926,0.351460396900584,0.314471951728321,0.159546750327652,0.12567535841001,45.3,53.1
"Colorado",1991,8,0.3428572,0.4153846,0.287384721182886,0.316204620466912,0.0083580569326148,0.0099239142104301,-0.159401244721978,-0.452197211611628,0.48227931064687,-0.0868305851916788,0.337895473304672,0.34105986167481,0.174137985090157,0.108556616396112,45.3,53.1
"Colorado",1992,8,0.4571429,0.4769231,0.290115964518314,0.317458773201603,0.0080887824713562,0.0097886623108885,-0.15640658384779,-0.481495554105165,0.583179777438308,-0.0410000941678953,0.345214566458807,0.343851342562356,0.167665972896167,0.118308670522465,40.1,35.9
"Colorado",1993,8,0.4571429,0.4769231,0.289176826666736,0.319537178801082,0.0089392037066905,0.0097155085389024,-0.181366965786827,-0.653131489387624,0.727081459588204,-0.359854675352309,0.336684842514981,0.378028111091711,0.17450339395479,0.114233148413095,40.1,35.9
"Colorado",1994,8,0.4571429,0.3692308,0.285081294302761,0.325053572622027,0.0088017554184279,0.0100123155005093,-0.10240426928253,-0.69614454051351,0.583836039426428,-0.394900039134278,0.329137867258354,0.394946444559816,0.149421867300384,0.144688967280559,40.1,35.9
"Colorado",1995,8,0.4571429,0.3692308,0.27994168390854,0.329679718008386,0.0088863120993463,0.0098493968470525,-0.131006153209594,-0.733179324643411,0.616937158103618,-0.574381696019955,0.356135331994182,0.386857017911147,0.186256165143877,0.134933296116846,40.1,35.9
"Colorado",1996,8,0.4285714,0.3692308,0.280647585692072,0.329228251566071,0.0084620179623098,0.0095670638858164,-0.110886909499773,-0.840996100742994,0.632678532748297,-0.395384956212431,0.342107527785166,0.379172693276403,0.161190181810519,0.169674759689459,44.4,45.8
"Colorado",1997,8,0.4285714,0.3692308,0.282960116596243,0.326175413749586,0.0086734530479534,0.0095354857322102,-0.115095867683764,-0.641951070982128,0.576016384920712,-0.431147146445334,0.334012950776716,0.417424544093528,0.187933325883509,0.151581567945761,44.4,45.8
"Colorado",1998,8,0.4285714,0.3846154,0.288162476738313,0.327974444922924,0.0082668416428092,0.0092972213558186,-0.113976509051033,-0.674912915411337,0.596808778716244,-0.370794623061639,0.334864795763126,0.386827011566933,0.175509943782515,0.14878531006102,44.4,45.8
"Colorado",1999,8,0.4285714,0.3846154,0.29365069802817,0.328547340499092,0.0081845399106601,0.0087903668909979,-0.125057997819127,-0.578221055555692,0.475727144625367,-0.221414634607755,0.339584520845718,0.373835157158003,0.197325108858816,0.161496124846008,44.4,45.8
"Colorado",2000,8,0.5142857,0.4307692,0.296450919686111,0.335453564959858,0.0076504996889017,0.0083023155283938,-0.116268720130732,-0.609171618018946,0.490885866250169,-0.309983011242812,0.325542496301354,0.377188505097784,0.154289727666329,0.116796094562332,42.4,50.8
"Colorado",2001,8,0.5142857,0.4307692,0.297843470483949,0.338883537370693,0.0079171474943331,0.0086665991610672,-0.0348362494302053,-0.563606255902802,0.590790027278317,-0.113420153761714,0.326784190972643,0.349329799066848,0.188843624626962,0.139220534208381,42.4,50.8
"Colorado",2002,8,0.4857143,0.4307692,0.297035528164962,0.34532851366906,0.0082374442749103,0.0087458914917694,-0.0343706224948742,-0.733249998044782,0.658552439602691,-0.26223766657571,0.323630590420505,0.386498468424365,0.182605894713914,0.131505236347105,42.4,50.8
"Colorado",2003,8,0.4857143,0.4307692,0.301307523441755,0.346694724275541,0.0078596524801791,0.0087808498780699,-0.146757675590763,-0.768283042925229,0.611845993855962,0.0466988793366978,0.318528604267323,0.385667299604873,0.160955968777492,0.16699092643948,42.4,50.8
"Colorado",2004,8,0.5142857,0.5384616,0.302345513331861,0.344213283296361,0.0070978965767944,0.0079857763609791,-0.252640626296633,-0.726548158244495,0.653418297854994,-0.0957204352846513,0.332763745558531,0.397514557207542,0.126826032968315,0.105184250640216,47,51.7
"Colorado",2005,8,0.5142857,0.5384616,0.305100337722449,0.335027151724017,0.0073687235707509,0.007906414483264,-0.117001984993619,-0.676830713569266,0.667473346489396,-0.1217958388234,0.333598916150955,0.38023421544633,0.140620091796551,0.128640474784589,47,51.7
"Colorado",2006,8,0.5714286,0.6,0.310134078560803,0.327426108893005,0.007341895581571,0.0075830236654164,-0.0486103379586174,-0.752790518820344,0.842748037397673,-0.149102190357625,0.296152761166564,0.339136001489523,0.144815735429807,0.113144980576214,47,51.7
"Colorado",2007,8,0.5714286,0.6,0.315195061125279,0.324846237143331,0.0077244500008468,0.0076138662578095,0.214401112863394,-0.705230858848601,1.0066345374778,-0.145579869153448,0.294265714252588,0.364437861459478,0.154429265678108,0.100585237408499,47,51.7
"Colorado",2008,8,0.6,0.5846154,0.32520926959415,0.32175228063618,0.0070849791790041,0.0074249466419774,0.266639593045278,-0.726786398193846,1.22367643582424,-0.209842269366342,0.26851890374031,0.34753724803023,0.17258138670114,0.0996663757935705,53.7,44.7
"Colorado",2009,8,0.6,0.5846154,0.321289035838052,0.318794866605875,0.0066760129960339,0.0072034973206235,0.253689798244894,-0.673131853576061,0.989232540246649,-0.360193077660216,0.295774430315361,0.353341951190202,0.187447070706585,0.0804917674175259,53.7,44.7
"Colorado",2010,8,0.5714286,0.4923077,0.32224338236067,0.321685027663419,0.006672509687625,0.0066360290299868,0.206823019666649,-0.712257333560108,1.3673853671593,-0.443883503705231,0.288010417650146,0.341791477679189,0.188039850472458,0.0944215270945735,53.7,44.7
"Colorado",2011,8,0.57142857,0.49230769,0.317468051112163,0.320519503159352,0.007459513081301,0.0074397228809187,0.166341345956272,-0.265075781634992,1.32069343089178,-0.420642245557063,0.276599255792863,0.349315078085659,0.205636603102476,0.104962287939747,53.7,44.7
"Colorado",2012,8,0.57142857,0.49230769,0.313599156655107,0.317355754421265,0.0069758430339856,0.0074288294038473,0.135697187657569,-0.168169088137699,1.64747015113083,-0.38500701161356,0.27524459480022,0.338227133058932,0.218957300051556,0.10853947502143,51.4,46.1
"Colorado",2013,8,0.54285714,0.55384615,0.305536735452313,0.311605878911763,0.0080800427586599,0.0078618539383534,0.485660519223877,-0.532313813883096,1.77124273272857,-0.462700919582494,0.286281184278316,0.429361531815178,0.274603337654076,0.12109618470736,51.4,46.1
"Colorado",2014,8,0.51428571,0.56923077,0.303801034250624,0.308733423622263,0.0085885662667736,0.0084784964713112,0.490590193946513,-0.503795900537149,2.11659212001446,-0.483468633049692,0.29736813525741,0.426930348428386,0.342298834642797,0.126538022999011,51.4,46.1
"Connecticut",1946,9,0.25,0.1654412,0.34234977261939,0.314713470531297,0.026416037349654,0.0253818946937998,0.609318099803954,0.561749722050367,0.249399488701272,-0.0260029202155905,0.525683044830481,0.304052366841154,0.154080418336186,0.0895189456463702,NA,NA
"Connecticut",1947,9,0.25,0.1654412,0.341703662443675,0.31515960078771,0.0235767592471086,0.0230202027193073,0.597413627002877,0.505001159572887,0.268759713818774,0.155910102475312,0.498975552353781,0.304787878035444,0.154273610030195,0.0858984125467253,NA,NA
"Connecticut",1948,9,0.6388889,0.3382353,0.341126640828414,0.315147503702333,0.0218975574589382,0.0217184078941398,0.533150668831038,0.525139686224868,0.0457878495906733,0.0979935130348041,0.527020647346811,0.286118919424226,0.121355739872269,0.0738283919151229,NA,NA
"Connecticut",1949,9,0.6388889,0.3382353,0.341456867068752,0.31542638059453,0.0204917165301108,0.0205941711510525,1.01563185043467,0.605222895600711,-0.0339372966180798,0.0996872088458616,0.463533367215084,0.298369066745364,0.141992535332687,0.0723825560223281,NA,NA
"Connecticut",1950,9,0.5277778,0.3140794,0.343832513052134,0.314658213513498,0.0186800495603575,0.0186252644079984,0.992961227324874,0.67008553278451,0.0395695958936694,-0.0179151741618859,0.454780965006307,0.290600858964736,0.16703843648174,0.0928854113734247,NA,NA
"Connecticut",1951,9,0.5277778,0.3140794,0.345172874220601,0.313737887394022,0.0177888389047971,0.0166231918351899,1.00379316361654,0.566755827378879,-0.272469843637434,-0.0407211552359372,0.456758586253066,0.283699299458119,0.19936370130915,0.108792012104439,NA,NA
"Connecticut",1952,9,0.3888889,0.2078853,0.346632508964501,0.313509728214752,0.0165954575737775,0.0150644119527889,0.941308386759088,0.462053070511199,-0.289288251461455,0.0747983822940187,0.488353517217517,0.305451175366112,0.152413471141384,0.0946836568468767,NA,NA
"Connecticut",1953,9,0.3888889,0.2078853,0.342862430048293,0.324972866558378,0.0153602640715104,0.013992483600323,0.915380258742142,0.719202772013365,-0.126416710052389,0.0962729358941792,0.466643208565252,0.312979256930041,0.153480947127659,0.107140365822299,NA,NA
"Connecticut",1954,9,0.5428572,0.3333333,0.347762710048352,0.328721305112515,0.0150994073859791,0.0140109069053334,0.941909606754131,0.892690373134113,0.0169180203172963,-0.054741296949007,0.492962468788092,0.298721075215743,0.127627970723817,0.0871366723768676,NA,NA
"Connecticut",1955,9,0.5428572,0.3333333,0.348123664289866,0.331598020495052,0.014286723386657,0.0132953280884136,0.911194929189723,0.928343532058706,0.133386747521498,0.120354336526611,0.468759283941794,0.281776441828793,0.170778999818033,0.0887755239916013,NA,NA
"Connecticut",1956,9,0.1388889,0.1075269,0.347469227206858,0.329734315093671,0.0134795727330788,0.012877433671374,0.842115080713989,0.849612865532893,-0.0385660324057077,0.125043114926243,0.468182481430354,0.289596568000024,0.123683696700184,0.0966313113123092,36.3,63.7
"Connecticut",1957,9,0.1388889,0.1075269,0.352543276497891,0.323361217849877,0.0143003603679398,0.0139023162202619,0.804724497321455,0.676936656431981,-0.0544074962372264,0.293516806566534,0.496919057444328,0.305335067341289,0.142457728755979,0.101241523815226,NA,NA
"Connecticut",1958,9,0.8055556,0.5053763,0.361477877359838,0.312882955608214,0.013955250436114,0.0133247841050343,0.811550953744092,0.876182116237606,-0.0803452424085157,0.0283211240122501,0.47272355157392,0.312346534904864,0.128563922027392,0.131576340809545,NA,NA
"Connecticut",1959,9,0.8055556,0.5053763,0.368272016702536,0.305525898860614,0.01399613174786,0.0135502534263907,0.956860074457767,0.966691589850804,0.022239662288028,0.174991697345292,0.452327197933619,0.294871382923186,0.134029227263261,0.104683082334644,NA,NA
"Connecticut",1960,9,0.6666667,0.4013605,0.372979069320706,0.302578551868249,0.0142105689413894,0.0134972773148568,0.958240630252316,0.653192996334688,-0.199528770368235,0.151259653171174,0.476371079128496,0.284597567926654,0.143840947191653,0.126618065169603,53.7,46.3
"Connecticut",1961,9,0.6666667,0.4013605,0.378701611095846,0.297152818784879,0.0138638611641908,0.0129828177725529,0.921571799494289,0.905302254381891,0.0044250978797477,0.16888379833032,0.450075082646554,0.278565722345419,0.140471060742899,0.100571331444954,53.7,46.3
"Connecticut",1962,9,0.6388889,0.377551,0.383792683175294,0.294904495222368,0.0140623367229127,0.0133872818357246,0.806116527137063,0.513996647823624,-0.335172233221316,0.0786172391875498,0.454889678656554,0.277355352699072,0.168883718927045,0.127169705932437,53.7,46.3
"Connecticut",1963,9,0.6388889,0.377551,0.38986855908464,0.288763697287066,0.0140116902317426,0.0131751758722381,0.798554603877139,0.273245489920564,-0.0260861659824977,0.315908713471614,0.45775229062889,0.272482351674811,0.156038040711487,0.13629915243177,53.7,46.3
"Connecticut",1964,9,0.6388889,0.377551,0.39384876870031,0.283500685865082,0.0137936884425714,0.0135773633520873,0.768278950929886,0.319574254915236,-0.364122351806884,0.21691001892352,0.42406849699667,0.285765542456548,0.132223685930659,0.0985973388298275,67.8,32.1
"Connecticut",1965,9,0.6388889,0.377551,0.397754747257189,0.278772644084728,0.0139248776607497,0.013568309308562,0.54861241650709,0.359568465414622,-0.174250386499522,0.178217576385265,0.415758930256634,0.284828873815412,0.149354494896196,0.147731000642943,67.8,32.1
"Connecticut",1966,9,0.6944444,0.6610169,0.398974869885201,0.27565502571699,0.0144509840221535,0.0135186915432169,0.487314313480675,0.60141227303243,-0.27732090480855,0.139148161678694,0.416813043443726,0.300812486772546,0.122261729359831,0.139578015840642,67.8,32.1
"Connecticut",1967,9,0.6944444,0.6610169,0.398926216485599,0.272482653568298,0.0148016036736724,0.0131820231139876,0.821724895223169,0.655923045639329,-0.203438782222041,0.146018626704408,0.380404362379476,0.317964022171399,0.15091397029062,0.147753041696188,67.8,32.1
"Connecticut",1968,9,0.6666667,0.6214689,0.399552867034002,0.266255213607793,0.0144257928630903,0.0129027728467666,0.746566952314885,0.774565214379442,-0.33914524753146,0.225697346971597,0.397128457171081,0.341866215570725,0.114320854716309,0.123602339217647,49.5,44.3
"Connecticut",1969,9,0.6666667,0.6214689,0.39984101476379,0.26107151430746,0.0144134357071454,0.0128876299786746,0.519071988565542,0.53356996716231,-0.217109270712605,0.355877165525079,0.396248100284064,0.324088574871844,0.156780582791192,0.1544937926704,49.5,44.3
"Connecticut",1970,9,0.5277778,0.5593221,0.399449065814602,0.254507076466339,0.0141023797702329,0.0124872974211709,0.462758905088417,0.348005818750688,-0.0008619533569318,0.363595925997222,0.402159271557655,0.329532535002912,0.168791266369256,0.169273796875318,49.5,44.3
"Connecticut",1971,9,0.5277778,0.5593221,0.401059809080254,0.248024640728771,0.0136569934734985,0.0118228262671823,0.595522018386711,0.661540848614033,0.134480250375762,0.329558942718016,0.363191840581481,0.324136228763705,0.162664897630861,0.170008035865016,49.5,44.3
"Connecticut",1972,9,0.3611111,0.384106,0.400439780702852,0.241939087246166,0.013369112554454,0.0121066999529575,0.32086221412119,0.724657158047689,0.131948007893116,0.292173740451468,0.36299307735423,0.299100065192301,0.139931015432513,0.142326081915394,40.1,58.6
"Connecticut",1973,9,0.3611111,0.384106,0.400816832909144,0.237389868208844,0.0128876805111604,0.0113387802281527,0.584934042554347,0.691419401261502,0.107005211150432,0.452515885257856,0.404389026167553,0.338769608069974,0.158274486539569,0.145027596221153,40.1,58.6
"Connecticut",1974,9,0.8055556,0.7814569,0.400868860818778,0.233246094000639,0.0127182635892195,0.0109887241510528,0.542007225842894,0.438384515041291,0.100113079139032,0.176833772961111,0.383607887295547,0.328609579203316,0.153598916294688,0.158198701744716,40.1,58.6
"Connecticut",1975,9,0.8055556,0.7814569,0.400755685933258,0.22972039209808,0.0124699685955505,0.0102406641610179,0.551255075445674,0.434414982997445,0.0914353234354784,0.237189762649397,0.354035116327736,0.330912925771401,0.149036668858585,0.19174564334327,40.1,58.6
"Connecticut",1976,9,0.6111111,0.615894,0.400167392793655,0.226007584796701,0.0114624081942997,0.0092527674535829,0.52570711002858,0.830707349366997,0.161854651686302,0.027886167994398,0.380301836181516,0.341611330814786,0.144520602046566,0.177990522395964,46.9,52.1
"Connecticut",1977,9,0.6111111,0.615894,0.403323187234332,0.223178783768765,0.0113199007929257,0.0094206378853719,0.482038571998531,1.01439632462297,0.139760474977885,0.0769326810003254,0.35821945439941,0.31069090829026,0.134889688505529,0.183973594925447,46.9,52.1
"Connecticut",1978,9,0.7222222,0.6821192,0.403330574104324,0.221774682421147,0.0108338786551729,0.0089861749256621,0.461309872857655,1.01019775479348,0.028253629339776,0.0411963314241379,0.35864172283816,0.341190581916253,0.143353805465809,0.174277606284843,46.9,52.1
"Connecticut",1979,9,0.7222222,0.6821192,0.401097719922779,0.222414611548744,0.0105973930145099,0.0087395907228231,0.435176313410593,1.00325054962027,0.277854255138151,0.0889431787441233,0.363427299985602,0.346833954508442,0.142394471047624,0.215327986841269,46.9,52.1
"Connecticut",1980,9,0.6388889,0.5496688,0.394274273707676,0.223604218751598,0.0104956009635309,0.008207712189408,0.399407660103738,1.09590625074153,0.0488639632341978,-0.0820366151614513,0.379407159297855,0.320149766357423,0.131177530061422,0.178023072517909,38.5,48.2
"Connecticut",1981,9,0.6388889,0.5496688,0.383073359547677,0.227057571824979,0.0103521973283356,0.0080701569227727,0.279822526393322,1.01516808616233,0.292707241138986,0.087164477199288,0.345814042196945,0.339441959043328,0.153570267172081,0.217056344482181,38.5,48.2
"Connecticut",1982,9,0.6388889,0.5827814,0.37151461822677,0.229869746281165,0.0100726659328461,0.008516255603655,0.391223163977365,1.21535692392601,0.294193327079317,-0.0648753474313911,0.345560742943616,0.329253342199333,0.151028027416551,0.205523180263495,38.5,48.2
"Connecticut",1983,9,0.6388889,0.5827814,0.362403122236308,0.233051835690077,0.0103672654994938,0.008434206235401,0.379281524494428,0.981748838369943,0.233878175781936,-0.0013592240022102,0.333538280641712,0.354435440507666,0.147591576667292,0.179318147847462,38.5,48.2
"Connecticut",1984,9,0.3333333,0.4370861,0.348608464229261,0.237953869175641,0.0093446097451387,0.0083602629001728,0.370570478619801,1.06288349374788,0.255844696299989,0.0611991243802998,0.336992390236824,0.349494318701544,0.129409353926448,0.17532805977389,38.8,60.7
"Connecticut",1985,9,0.3333333,0.4370861,0.338906891542901,0.243181224844012,0.0098551956017889,0.0089136872586873,0.318151864490668,0.985259200420042,0.259013100761705,0.0096183545604261,0.345717706162469,0.347913745597854,0.160388496446533,0.175320383841097,38.8,60.7
"Connecticut",1986,9,0.6944444,0.6092715,0.331646478253561,0.245061020430627,0.0095147486514716,0.0090790308733574,0.513719262552569,0.998568786609978,0.284881451518259,0.180040262361285,0.30094840812467,0.323887084031198,0.165445743227295,0.150488152179256,38.8,60.7
"Connecticut",1987,9,0.6944444,0.6092715,0.32664959534464,0.246693785136623,0.0095794416361582,0.0089353894650353,0.48208673234931,0.977392055508584,0.400855054673604,0.161499946492699,0.30685096920551,0.337705361440759,0.156205848991964,0.149044501228825,38.8,60.7
"Connecticut",1988,9,0.6388889,0.5827814,0.323107740687022,0.247365508035242,0.0095217261161283,0.0089769281584261,0.428156654886971,0.907040179121046,0.438538068791468,0.285995132523069,0.307422931852931,0.338122984636633,0.166856892524148,0.121769628749967,46.9,52
"Connecticut",1989,9,0.6388889,0.5827814,0.318936277456764,0.246484183869286,0.0096891294260828,0.0091891344300237,0.667253801940802,0.997517861523196,0.615119165512076,0.300035759243674,0.307867522922969,0.328385886042705,0.182518585218259,0.128934365895171,46.9,52
"Connecticut",1990,9,0.5555556,0.589404,0.316422787508692,0.246460521203374,0.0095795471006608,0.0091001253891258,0.793682385843988,1.24339761262004,0.719244899692178,0.343729511328109,0.301169686837977,0.334049913093829,0.172017099931006,0.119284377250946,46.9,52
"Connecticut",1991,9,0.5555556,0.589404,0.316874814931018,0.242872788107243,0.0095939170686932,0.0091895317623221,1.086601839187,1.29027502106548,0.840174936623214,0.217212656607572,0.263584620737565,0.353728040017198,0.192063685530397,0.116191313860022,46.9,52
"Connecticut",1992,9,0.5555556,0.5761589,0.318832575803099,0.241784572307166,0.0095567587731162,0.0088486543476422,1.05019728857626,1.3236878079646,0.95988973285109,0.234664635536622,0.271166136448616,0.349593401898688,0.181317099073016,0.106087524414409,42.2,35.8
"Connecticut",1993,9,0.5555556,0.5761589,0.3228065749333,0.238898753177976,0.0094874477045426,0.0089580074154699,1.56323166923182,1.66527777939145,1.19627252023273,-0.0243962735200525,0.15504240745092,0.391425543804621,0.205527577296922,0.112117607399975,42.2,35.8
"Connecticut",1994,9,0.4722222,0.5960265,0.325109926252869,0.238086247345512,0.0095469579950027,0.0086867780681785,1.70024305880542,1.61614799060427,1.0182313961502,0.025773592155103,0.230121902678417,0.421936936816755,0.172683703373752,0.133830899315874,42.2,35.8
"Connecticut",1995,9,0.4722222,0.5960265,0.324913479531136,0.239378340570377,0.0092998124122277,0.009001966970045,1.69927739635978,1.60552465062596,1.17941826847468,-0.177938172449654,0.247415271448018,0.382147706553811,0.206440233600083,0.121342969001123,42.2,35.8
"Connecticut",1996,9,0.5277778,0.6291391,0.324496279374843,0.238929451860088,0.0090760486774529,0.0092716450493939,1.69980662908093,1.39669479283828,1.01783805272715,0.0266572004958713,0.238767490193384,0.339698548315257,0.170146404156386,0.130126453105256,52.8,34.7
"Connecticut",1997,9,0.5277778,0.6291391,0.325788280891835,0.237909697662904,0.0092709620042354,0.0091250647588377,1.68433330796035,1.30787714079583,1.0325583640231,-0.0516206558823194,0.23865152184746,0.353382883114803,0.194924424603406,0.149042179012333,52.8,34.7
"Connecticut",1998,9,0.5277778,0.6357616,0.32925749200765,0.236936908358133,0.0093189074110365,0.0091150168736529,1.69167743290693,1.47804919207972,0.994593737916419,0.0155335406011285,0.262410106657873,0.342655733541989,0.186156919830343,0.129509027084158,52.8,34.7
"Connecticut",1999,9,0.5277778,0.6357616,0.331106358876373,0.239100136515304,0.0089413485352291,0.00835769583645,1.63698664002374,1.67611949057898,1.03347293275786,0.185591525189391,0.235835565016175,0.353215455562668,0.20564194934824,0.147746236927086,52.8,34.7
"Connecticut",2000,9,0.5833333,0.6622517,0.335947177303084,0.243652904793075,0.0082171877952838,0.0076068990670632,1.59435231178351,1.602991624755,1.09497166973959,-0.0136644435476409,0.235250732924628,0.351003409008384,0.169334006539912,0.10365557593733,55.9,38.4
"Connecticut",2001,9,0.5833333,0.6622517,0.339198922388679,0.241605003946574,0.008596136092261,0.0080788535737299,1.58953423826373,1.48981420032638,1.24027602491895,0.12541942972459,0.230017422611985,0.327506278954257,0.216159053012885,0.161715486438802,55.9,38.4
"Connecticut",2002,9,0.5833333,0.6225166,0.339038744009561,0.238881647218061,0.0089950462883447,0.007953257626648,1.5208680256197,1.47474419837352,1.40806917496472,0.0404492318375634,0.216065083728518,0.337200054604299,0.219114610241466,0.141549930759072,55.9,38.4
"Connecticut",2003,9,0.5833333,0.6225166,0.34179103775343,0.234152739587121,0.0091045545660843,0.0081023336883231,1.55040106863525,1.51379302263767,1.31899053550549,0.177289161358085,0.218859175310545,0.348452179536921,0.212636894059742,0.18205913387365,55.9,38.4
"Connecticut",2004,9,0.6666667,0.6556292,0.34423279592179,0.231142042210988,0.0081117981480199,0.0078021061338421,1.61535501511906,1.67650032810044,1.26504678321238,0.195896779340038,0.229280838777361,0.354698481367089,0.174230613077859,0.124796321810078,54.3,43.9
"Connecticut",2005,9,0.6666667,0.6556292,0.348428348956115,0.229457993064601,0.0085949791603617,0.0077628584427187,1.66873507000059,1.56554352581195,1.14845660496276,0.0941419569798322,0.251342492907645,0.357403691877694,0.180511513638439,0.138538402591792,54.3,43.9
"Connecticut",2006,9,0.6666667,0.7086093,0.359851226310542,0.22457847645829,0.0082014207795201,0.0074621202944247,1.65539332559323,1.54502666205035,1.20708623990909,0.155784736962744,0.211661831383893,0.321699393917325,0.183021411588539,0.123676819269577,54.3,43.9
"Connecticut",2007,9,0.6666667,0.7086093,0.370436961497301,0.220506856408421,0.0084497958058655,0.007289351659169,1.63026435245668,1.4671043140172,1.3872158359112,0.0849007845958615,0.195013847067665,0.305060848173121,0.203641253187678,0.117532626790701,54.3,43.9
"Connecticut",2008,9,0.6666667,0.7549669,0.379889373413584,0.220042960063952,0.0080752118071056,0.0070421487134264,1.68445992541604,1.69472223636294,1.62144166816421,0.0250619357301584,0.214348840512557,0.355807585810562,0.232559450451419,0.105757848076343,60.6,38.2
"Connecticut",2009,9,0.6666667,0.7549669,0.379182506625994,0.215353110246137,0.0080670534092093,0.0071640833475603,1.66352281849625,1.78324035191333,1.44498396585071,-0.0787765093333953,0.208017718455286,0.345656951985618,0.221079593232413,0.0950938135628204,60.6,38.2
"Connecticut",2010,9,0.6388889,0.6622517,0.377720347010056,0.221635845187367,0.0081770505985154,0.0072339978338916,1.65722877280889,1.89802890288366,1.74247754037463,-0.287895216751945,0.212789745385645,0.358473446827278,0.231173049247022,0.115426839070715,60.6,38.2
"Connecticut",2011,9,0.63888889,0.66225166,0.376956194521266,0.217805281701708,0.0082837271404828,0.0074519677388874,1.88630629813394,1.77152786751321,1.74855859748204,-0.18054218390396,0.266583017657255,0.3472902968478,0.225793814893375,0.104803761974768,60.6,38.2
"Connecticut",2012,9,0.61111111,0.66225166,0.376371240225193,0.214985720267376,0.0083542822091227,0.0074856264913988,2.07130576067043,1.94209583504347,2.07624905365422,-0.238154794290648,0.332379615210977,0.360043709723429,0.266381166501567,0.100583393994765,58.1,40.7
"Connecticut",2013,9,0.61111111,0.65562914,0.377236403266264,0.212316147001455,0.009014065538101,0.0082334323697358,1.9947687279469,1.69084696124663,2.34880317681753,-0.195036424578469,0.30528125167792,0.415777911728268,0.320792080305114,0.0960565027737651,58.1,40.7
"Connecticut",2014,9,0.58333333,0.64900662,0.379436325720644,0.210176558859127,0.0098008257103022,0.00892235932728,2.2827971261086,1.74137637596185,2.67720226462796,-0.123686195558553,0.398542929653857,0.414145911883699,0.437041185100438,0.108693911816295,58.1,40.7
"Delaware",1946,10,0.3529412,0.3142857,0.391954118876718,0.270295522082696,0.0350269247794414,0.0321498791053984,0.0570462109615658,-0.723060442712396,0.028507151343874,-0.137869014041825,0.633185299986392,0.289166548908584,0.150959911844625,0.0938582806352336,NA,NA
"Delaware",1947,10,0.3529412,0.3142857,0.39212468550275,0.270938180658974,0.0329924950522166,0.0305085946575706,0.0262023932206471,-1.15083707544798,-0.0103081984521839,0.0983324950599739,0.600677449356402,0.26274283774826,0.151981781925654,0.0952181942311967,NA,NA
"Delaware",1948,10,0.4705882,0.4857143,0.392798231271693,0.270810161462585,0.0314430535836207,0.0296831569500465,-0.0541102820473573,-1.38715095297716,-0.162049975507858,0.166018008500409,0.616131246709538,0.315525035832403,0.133286315446343,0.0813940969519193,NA,NA
"Delaware",1949,10,0.4705882,0.4857143,0.395878370928095,0.271592886052869,0.0308128764121853,0.0285056296350548,-0.0373244226246788,-0.954291236336099,-0.192739765228472,0.157894699058329,0.590978466209181,0.324186127521769,0.167066734188368,0.0917015589218782,NA,NA
"Delaware",1950,10,0.5294118,0.4571429,0.398894932765693,0.272427771353606,0.030125349714336,0.028104107390265,-0.101683914917301,-0.986506529581889,-0.0750111469064305,0.104860038252227,0.657215093353349,0.312655794163398,0.196988806288451,0.123296523564099,NA,NA
"Delaware",1951,10,0.5294118,0.4571429,0.402972500122998,0.272173271396011,0.0291151153907358,0.0271631789898599,-0.106817154408455,-0.989428701945578,-0.238968987437471,0.118995060931519,0.601976340221733,0.300234802213223,0.228210791597354,0.14071143225371,NA,NA
"Delaware",1952,10,0.4117647,0.4857143,0.407292133401629,0.272247956854325,0.0287180287120856,0.0264545052732973,-0.114092056157048,-0.786402595268661,-0.249998530776356,0.159815553427801,0.620878597750958,0.313159231075042,0.189624717664161,0.125849116608362,NA,NA
"Delaware",1953,10,0.4117647,0.4857143,0.41022368774416,0.272030375449332,0.0277729723161373,0.0255638388456282,-0.195335725652891,-0.83923566934823,-0.281648612784636,0.102805419332991,0.638332591855015,0.305860272787996,0.192723209400592,0.125418004977174,NA,NA
"Delaware",1954,10,0.7058824,0.7714286,0.410745952930557,0.273241277016434,0.0264218021285005,0.0248436439785129,-0.115129480050662,-0.881012966168171,-0.254765359175586,0.103883573198757,0.573890623607375,0.317225494939244,0.19526633201554,0.126320158618068,NA,NA
"Delaware",1955,10,0.7058824,0.7714286,0.410992690998016,0.275040283217749,0.025439646278278,0.0241154095478689,-0.218573486848805,-0.911876991691603,-0.0386509128902108,0.315358329767446,0.616358134579767,0.298157664925211,0.178047248399044,0.109148939358599,NA,NA
"Delaware",1956,10,0.7647059,0.5428572,0.409406996087122,0.276922085667445,0.024437583403862,0.0240420468030576,-0.253743412630678,-0.820745316053389,-0.238654996741563,0.129695981176121,0.626274428920814,0.310969618821846,0.202633225010763,0.143030371925029,44.6,55.1
"Delaware",1957,10,0.7647059,0.5428572,0.407476957779749,0.27880573384134,0.0233593677535101,0.0233079295843638,-0.270531229277881,-0.942872151697139,-0.140244496768986,0.221740128789687,0.636980628376338,0.293856600568806,0.198909213323674,0.125646640229897,NA,NA
"Delaware",1958,10,0.6470588,0.7428572,0.40536486649629,0.28040390665087,0.0227225140620372,0.0222595931389406,0.0686164597484544,-0.969024111589173,-0.185685945560632,0.0339942424981106,0.556577450852768,0.324639883025831,0.209537266662343,0.138619216287104,NA,NA
"Delaware",1959,10,0.6470588,0.7428572,0.403324447331377,0.282339039406299,0.0217800861630354,0.0212455447289486,0.0413626247970249,-1.1165944363425,-0.201656155722995,0.0625293265692891,0.542063773976126,0.286448408715221,0.207245298791617,0.154350202679071,NA,NA
"Delaware",1960,10,0.6470588,0.5714286,0.401991871285829,0.283318865114099,0.0207837712813689,0.0199759964443926,-0.0029804240118639,-0.901787534708004,-0.237024796362023,0.16926844938611,0.540902822002705,0.270665139628272,0.218118899621156,0.16222179440423,50.6,49
"Delaware",1961,10,0.6470588,0.5714286,0.401449461641897,0.283920181880219,0.0195003557515769,0.018093040003281,-0.316822111789445,-1.04598275538759,-0.268172839385201,0.209009846242493,0.581266918985239,0.281696692500614,0.215923019571196,0.13585513500988,50.6,49
"Delaware",1962,10,0.5882353,0.6857143,0.40063676586818,0.284898594412361,0.0182048942029294,0.0165123050442276,-0.393983942229847,-0.626592812854272,-0.377800277770298,0.0939885953537953,0.580655887642167,0.283104269294419,0.211731908845958,0.121193740762143,50.6,49
"Delaware",1963,10,0.5882353,0.6857143,0.400990889740852,0.284192480068261,0.0168396965026969,0.0150347621142863,-0.469429382330153,-0.539774647765121,-0.152194289065944,0.162624758151725,0.643195806971393,0.285739178814799,0.181620151567854,0.130379180462219,50.6,49
"Delaware",1964,10,0.7222222,0.8571429,0.39829950337905,0.283418044188463,0.0159810691221109,0.0142491377507941,-0.481145162234036,-0.362732267025314,-0.346921589816787,0.0681735243581599,0.591245033618646,0.293844437498273,0.167592443593852,0.111678452640413,60.9,38.8
"Delaware",1965,10,0.7222222,0.8571429,0.395467812121025,0.282113006963674,0.0157285341677298,0.0141140936340162,-0.553177854573884,-0.22937552619593,-0.222781707701417,0.116818003480588,0.550656470761554,0.302267842959485,0.147906708570106,0.13448121250116,60.9,38.8
"Delaware",1966,10,0.5,0.3428572,0.390760562034692,0.282767379949068,0.0155168477959543,0.0137044395371953,-0.626327564656194,0.378608922777567,-0.31795093582613,0.0874156349221928,0.586374229916509,0.311651717687451,0.160673414846733,0.15410607927567,60.9,38.8
"Delaware",1967,10,0.5,0.3428572,0.387742195960744,0.284226812114661,0.0150219406385168,0.0135435830651385,-0.697604522600558,0.625174193655937,-0.181969208487049,0.117745398684665,0.572570889757345,0.314951177919721,0.15019580030693,0.135234554547699,60.9,38.8
"Delaware",1968,10,0.3157895,0.3333333,0.385419941453926,0.283553119429791,0.0149631258733204,0.0141671469344923,-0.640200674116786,0.451206420433924,-0.351533756594312,0.152419491645021,0.57004157176675,0.315367948508437,0.129130484845808,0.136866282855127,41.6,45.1
"Delaware",1969,10,0.3157895,0.3333333,0.383205758706221,0.283832364697253,0.0150380042567665,0.0145607484880726,-0.770249543135254,0.353658084018721,-0.15846592524051,0.351949123106021,0.580778344780802,0.322657373635669,0.159947645790423,0.162762605271717,41.6,45.1
"Delaware",1970,10,0.3157895,0.4102564,0.381366480711617,0.284550496475981,0.0149531304581158,0.0146014118636646,-0.773983150205457,0.585760125189965,-0.15187669192927,0.32911496037045,0.531740373914162,0.330624865917734,0.165155182875153,0.196417158572884,41.6,45.1
"Delaware",1971,10,0.3157895,0.4102564,0.382312994477971,0.283389485894399,0.0150560292036206,0.0148330105243563,-0.435198866890428,0.782991930682975,0.0009842682011059,0.262508061280575,0.444489451185377,0.352783998391895,0.179434528134395,0.175660513170967,41.6,45.1
"Delaware",1972,10,0.4761905,0.4878049,0.382685097714703,0.282460614613142,0.0150231237179393,0.0151233714390872,-0.270980680481329,0.57919074439463,-0.0183063320346815,0.279491703664356,0.423308958200293,0.34647394278522,0.168185419863003,0.174238814572838,39.2,59.6
"Delaware",1973,10,0.4761905,0.4878049,0.382866779530769,0.280506566095585,0.0157642739096657,0.0146603616231773,0.26326567089807,0.456446854409743,-0.041736019413976,0.305977803753749,0.39688013035961,0.351589244128242,0.192866565910032,0.144329760209138,39.2,59.6
"Delaware",1974,10,0.6190476,0.6097561,0.383204521533842,0.278229177049689,0.0156789230578937,0.0146211906676843,0.269050345937128,0.594596274969798,-0.0206989923612931,0.14069110314717,0.41897135738088,0.352105806229275,0.176076341721808,0.161911638571159,39.2,59.6
"Delaware",1975,10,0.6190476,0.6097561,0.382649710873924,0.276339286721463,0.0151037520071177,0.0144730004035313,0.341428893537004,0.552519098598916,0.0105281533045043,0.121478602840752,0.370280078308388,0.360377604383121,0.178349117996623,0.185471391978331,39.2,59.6
"Delaware",1976,10,0.6190476,0.6341463,0.379246874151428,0.276099840869104,0.0156192460345036,0.0142135757483747,0.327115185046432,0.585336754570977,0.0561074059126065,0.0017155269843828,0.392991621984886,0.368626597856231,0.17531918261029,0.194076694798573,52,46.6
"Delaware",1977,10,0.6190476,0.6341463,0.37404853491267,0.278863408802706,0.0153630559164653,0.0141823275731827,0.259667938885838,1.02756896978311,0.0229736413757498,-0.0082009036731077,0.40234449951781,0.355106458339355,0.169855218508741,0.211232651702308,52,46.6
"Delaware",1978,10,0.6190476,0.5121951,0.366885168825696,0.281889084031546,0.0147991098856766,0.0141745034473069,0.242134885880915,1.0608892841627,-0.0246943034540265,-0.0842538709410404,0.382327184420599,0.349444552886405,0.178482590631549,0.192232679347644,52,46.6
"Delaware",1979,10,0.6190476,0.5121951,0.362460420902318,0.282900422779993,0.0149376184565845,0.0143815045126205,0.208148107113669,0.963391064289382,0.0656495239533596,0.0320926069608171,0.405912100917486,0.360059408625506,0.17976361763896,0.224222713219467,52,46.6
"Delaware",1980,10,0.5714286,0.3902439,0.358667678717807,0.283694106109554,0.0146685219434812,0.0140674253676397,0.206185384168952,0.863670751758409,0.0032694340608392,-0.084895156050571,0.407209717555634,0.344427636558332,0.180156267055657,0.197402555836023,44.9,47.2
"Delaware",1981,10,0.5714286,0.3902439,0.354281063732558,0.284906889751563,0.0145003080647381,0.0143609056755898,0.106740912328775,0.87021241708125,0.114711007379485,0.0317687654211825,0.395607073704248,0.353244013483771,0.200709070197062,0.229639442675328,44.9,47.2
"Delaware",1982,10,0.6190476,0.6097561,0.349807931580477,0.285280562964414,0.0142708306828841,0.0140600884544917,0.080891881508087,0.951490875954769,0.0397956059296005,-0.0077850357293738,0.382680154834183,0.338796386523368,0.192090065015309,0.209966149160808,44.9,47.2
"Delaware",1983,10,0.6190476,0.6097561,0.346966857932901,0.285104180916402,0.0139290001708902,0.0135937217631115,0.0544288947635703,0.965606604679305,0.114108121538909,-0.0836600696012337,0.364676902229215,0.346289570706808,0.170505293764821,0.18988950282069,44.9,47.2
"Delaware",1984,10,0.6190476,0.4634146,0.344212824915811,0.284824541412809,0.0134679566813314,0.0137933546158912,0.0447917477932519,0.807024905843782,0.111142856428157,0.10006252190628,0.345461172116714,0.331598460874595,0.172742317074852,0.181862651170644,39.9,59.8
"Delaware",1985,10,0.6190476,0.4634146,0.343093166366426,0.283815455068513,0.0133965179081146,0.0135959213642972,0.0309486832135121,0.758596690638217,0.214227263423348,-0.0216444384417193,0.360199143078202,0.349367190050715,0.183342964442563,0.198108640208899,39.9,59.8
"Delaware",1986,10,0.6190476,0.4634146,0.342978898324407,0.282700640466866,0.0135010627429019,0.0138919085098771,0.0256497974633828,0.656852960756966,0.282638371943163,0.110882398600756,0.343753419639787,0.350252977343104,0.1871731714842,0.190300968785768,39.9,59.8
"Delaware",1987,10,0.6190476,0.4634146,0.342062364984605,0.282570390539937,0.0135308376030648,0.0137126591873558,-0.008522554330388,0.576398553761494,0.398149344782228,0.0676068983309546,0.374983802581333,0.321432862213602,0.178053631432116,0.163404619938069,39.9,59.8
"Delaware",1988,10,0.6190476,0.4390244,0.341683109767943,0.284550935096973,0.0134675479259694,0.0129334935310881,-0.0255334221745738,0.743001808647513,0.392032583055087,0.203266229503229,0.349264093588919,0.333852370209219,0.173681493447253,0.159172808426849,43.5,55.9
"Delaware",1989,10,0.6190476,0.4390244,0.342360789980113,0.285021352521478,0.0133767864010124,0.0129497009391984,-0.0711691905117635,0.685711632071294,0.540314156102346,0.291426604221035,0.35466249762453,0.342885094497918,0.219488374449361,0.157837835446643,43.5,55.9
"Delaware",1990,10,0.7142857,0.4146341,0.34342955658212,0.285421513901341,0.0128572831197487,0.0126681856779668,0.194159008700332,0.629334552516246,0.609592744329664,0.362063033852933,0.301897544000306,0.305376580834759,0.209436924942214,0.133422841025567,43.5,55.9
"Delaware",1991,10,0.7142857,0.4146341,0.346416078580574,0.284115877888737,0.0124485887740318,0.0120260334341676,0.164375512831595,0.441876863622947,0.686461932548859,0.253828105611126,0.313918348195086,0.340944772870309,0.222681657447965,0.153842038944707,43.5,55.9
"Delaware",1992,10,0.7142857,0.4390244,0.349912160108237,0.282139678811226,0.0125114941610343,0.0119911021299715,0.0252478521547216,0.540729935694884,0.705031196475747,0.354763842999994,0.287593722736718,0.339705262890373,0.225099587815107,0.118155280557676,43.5,35.3
"Delaware",1993,10,0.7142857,0.4390244,0.353735094437979,0.278653814132803,0.0128631494284446,0.0122942510713112,0.0277147426783845,0.629253284509658,0.849494985937872,0.0226597570889436,0.30789109791451,0.383975950435798,0.230287976079594,0.13717234578544,43.5,35.3
"Delaware",1994,10,0.5714286,0.3414634,0.358345156891268,0.275962141029174,0.0128757366359149,0.0119433968398815,-0.148198455171351,0.571333798753485,0.723271139696727,0.0443714967520455,0.351774894935885,0.364171230443469,0.220639864811859,0.165551748255872,43.5,35.3
"Delaware",1995,10,0.5714286,0.3414634,0.363803376105504,0.271811945414985,0.0129204279065031,0.0119473822812203,-0.176421928755653,0.855520530649887,0.824328400172119,-0.123259553247936,0.340636188780974,0.398149724687558,0.246872081356296,0.145753946174091,43.5,35.3
"Delaware",1996,10,0.6190476,0.3414634,0.36809819101104,0.269232197346288,0.0131418028970966,0.0117978049243269,-0.226448595441963,0.837093062463523,0.786958481055767,0.0227233260678505,0.328237490062037,0.388240128362506,0.203389856763754,0.154930661887236,51.8,36.5
"Delaware",1997,10,0.6190476,0.3414634,0.371686476359785,0.266681367294401,0.0134912332318428,0.0119400242222683,-0.15219137233649,0.802419369814211,0.791665460425514,-0.0353579180729121,0.326836961304726,0.381736368076572,0.230484666320295,0.157174708181517,51.8,36.5
"Delaware",1998,10,0.6190476,0.3658537,0.375123518623389,0.265889384791906,0.0132492319713546,0.0117906065756091,-0.195111427530697,0.478523401865448,0.804362299417269,-0.0182434423027654,0.347311468923399,0.355144795397066,0.213963938461384,0.163246195855134,51.8,36.5
"Delaware",1999,10,0.6190476,0.3658537,0.37820131217292,0.264495797472125,0.0126225075097045,0.0119832128070987,-0.223753880186835,1.17927325803084,0.777916265482591,0.150562131707381,0.331111100932238,0.333617107985037,0.226153552322494,0.174367036524563,51.8,36.5
"Delaware",2000,10,0.6190476,0.3658537,0.381567011977174,0.263932007238559,0.0122077223551921,0.0119021061142296,-0.193277587651887,1.05025379776792,0.824178530033709,-0.0358291139828476,0.344230314412129,0.341520136853203,0.197805078295241,0.137750087193158,55,41.9
"Delaware",2001,10,0.6190476,0.3658537,0.386391928894105,0.26299858295513,0.0117869368589902,0.0115801275926624,-0.129247941589843,1.02891346466451,0.908312275470849,0.111315091837537,0.315419933341186,0.353416450740407,0.242495878324626,0.195311194297307,55,41.9
"Delaware",2002,10,0.6190476,0.2926829,0.391067288559704,0.26208009553682,0.0116673326691384,0.0113681862109022,-0.179173748550151,0.928835756027313,0.978866779824075,0.0326212978494417,0.332787881113509,0.333630782889344,0.253422884322202,0.155237866897327,55,41.9
"Delaware",2003,10,0.6190476,0.2926829,0.395366999438178,0.262061097797912,0.0113752475660192,0.0109664701578513,0.344809935400013,0.886890184117059,0.862664754399975,0.263889137148015,0.317225430008285,0.323697928995235,0.246456117338057,0.177972977646447,55,41.9
"Delaware",2004,10,0.6190476,0.3658537,0.39853701351485,0.262314578404446,0.0114814635979366,0.0105731395677621,0.273434757965152,0.838244713995046,0.783414406562956,0.163894173432398,0.307643152946492,0.346802279091475,0.200334685491615,0.141702951659565,53.3,45.7
"Delaware",2005,10,0.6190476,0.3658537,0.400095660038971,0.261143244661854,0.0112142059737631,0.0105150759406951,0.213400862550411,0.846936431627818,0.696645624288706,0.0894686005216158,0.332542094987938,0.35076409226188,0.194437634452657,0.148860369212745,53.3,45.7
"Delaware",2006,10,0.6190476,0.4390244,0.401883558413348,0.260030818933971,0.0108295383493091,0.0100428214959806,0.219628242054755,0.983719895663136,0.721764189727033,0.125044314362907,0.299278223990901,0.309416452490775,0.181855480614803,0.123963043150432,53.3,45.7
"Delaware",2007,10,0.6190476,0.4390244,0.40625879723517,0.259236730952523,0.0107433113590549,0.0102909343130127,0.149841729124752,0.927802559572858,0.828372465639402,0.0733055103255622,0.330703758611014,0.325523860045967,0.209631337108595,0.125492637808506,53.3,45.7
"Delaware",2008,10,0.7619048,0.5853658,0.412205664836436,0.259416414464058,0.0109700023803378,0.0099434380398421,0.116953768640455,0.947334688451384,0.853522701160213,0.0709201302687068,0.318610848383086,0.320896977730181,0.23641850650969,0.11464970497761,61.9,36.9
"Delaware",2009,10,0.7619048,0.5853658,0.416947752927712,0.25893346584987,0.0112529421430465,0.0099263961626108,0.389413684829681,0.86744825733124,0.729663414413416,-0.0650751972383526,0.29223424805894,0.300811695606097,0.25514415547151,0.109527363924346,61.9,36.9
"Delaware",2010,10,0.6666667,0.6341463,0.421785906459985,0.257897351552515,0.0112148701544424,0.0103324111948473,0.338488128685187,0.753763247495443,1.00810778626417,-0.162307548421768,0.307214746898512,0.306949989641195,0.253231773896377,0.111088374385212,61.9,36.9
"Delaware",2011,10,0.66666667,0.63414634,0.426481132653172,0.252527085153205,0.0112090327831549,0.0103635457590241,0.401689408910517,0.645270968599773,1.04654294535878,-0.172182224304632,0.290152191344786,0.316421494133043,0.258516866364875,0.11683584646283,61.9,36.9
"Delaware",2012,10,0.66666667,0.63414634,0.432699748950351,0.247637725938625,0.0112742304693669,0.010827733011377,0.504545206955653,0.578947325566512,1.21091005241452,-0.204642851916503,0.291713544648902,0.297797688925263,0.288606489203611,0.130019168210628,58.6,40
"Delaware",2013,10,0.61904762,0.65853659,0.437154601208965,0.245246823358455,0.0121588696801768,0.0114228613657855,1.01507976048542,0.993128984607189,1.32843768540907,-0.247372322097749,0.287268944493213,0.388047674847907,0.343979381601067,0.154967012520677,58.6,40
"Delaware",2014,10,0.61904762,0.65853659,0.440952481297534,0.243477836308874,0.012831150376989,0.0124227271374681,1.07200282416991,1.09876141305982,1.50324028601787,-0.204699565932552,0.288534631869709,0.388446990062415,0.402517874554188,0.164816225851537,58.6,40
"Florida",1946,12,1,0.9894737,0.579201881242963,0.25070754874513,0.0241582357110522,0.0217031044137353,-0.865367897757623,-0.660461686471596,-0.208066494663951,-0.0606098516412953,0.805731056419322,0.269350670197436,0.149527350660994,0.0925247425249052,NA,NA
"Florida",1947,12,1,0.9894737,0.578866536691823,0.251810585250623,0.0224218197977502,0.0198218121430486,-0.888477637004984,-0.773534141828706,-0.212025306421042,-0.0476560640944803,0.802498638473872,0.28266361502562,0.14800577745878,0.0881018152383112,NA,NA
"Florida",1948,12,1,1,0.578366027673562,0.252890199954566,0.0214583376030385,0.0183528646089635,-0.968286829887069,-0.882738379816833,-0.322043395690653,0.0160138891526841,0.821533789457493,0.310434204807709,0.118867498194107,0.0801329627042594,NA,NA
"Florida",1949,12,1,1,0.581114999520752,0.251975652917284,0.0198197308773638,0.016720105443669,-0.580506453903689,-0.909698876937412,-0.403328812188073,0.108386547956161,0.702457425516633,0.314925604588862,0.144172169953499,0.0750956750360516,NA,NA
"Florida",1950,12,1,0.968421,0.585563749525059,0.251257101990442,0.0193067684546508,0.0157551762418025,-0.579357301559568,-1.00280837420833,-0.256854762966966,0.143862822643326,0.747201876718516,0.321906493071773,0.152334265192049,0.109990690013527,NA,NA
"Florida",1951,12,1,0.968421,0.591718571403285,0.249648191643474,0.0176639860808862,0.0150495033217454,-0.574152263841495,-0.724411880148051,-0.391557868369372,0.0554048750817607,0.747326221368192,0.321560308765101,0.206805594117395,0.112601646881375,NA,NA
"Florida",1952,12,0.9736842,0.9473684,0.598172176514137,0.247535274795894,0.0158968571469848,0.0137718226503109,-0.609501515416477,-0.770658698431371,-0.321485722879175,0.0014703426567891,0.713016466418573,0.316693555043999,0.137100012892515,0.098775541724165,NA,NA
"Florida",1953,12,0.9736842,0.9473684,0.599999548144245,0.247044797037354,0.0141953805003219,0.0121113474462471,-0.621177250312229,-0.732771716486052,-0.294279655695743,0.0788643795077316,0.727751756629429,0.297094738577885,0.147199702046552,0.0910173277020704,NA,NA
"Florida",1954,12,0.9736842,0.9368421,0.600086017121335,0.249344046894515,0.013033883468773,0.0111347265814194,-0.666324976161132,-0.770460093494999,-0.241103547503783,0.162405651981953,0.76247021395559,0.318842663294842,0.117386669790919,0.0809406738670104,NA,NA
"Florida",1955,12,0.9736842,0.9368421,0.595148438347748,0.253358305249746,0.0121441113364615,0.0105642584883572,-0.713258246743623,-0.667239999400227,-0.316036600365436,0.13838524936596,0.758838731513453,0.325846092126112,0.133519835366354,0.0691268111340505,NA,NA
"Florida",1956,12,0.9736842,0.9368421,0.595729779447131,0.246969898583896,0.0110872782062348,0.0096956806451248,-0.75216759485276,-0.5485810604603,-0.626919818195985,0.0309737482308447,0.75671010786864,0.310947062356839,0.106495433590534,0.103446891625747,42.7,57.3
"Florida",1957,12,0.9736842,0.9368421,0.600151196174955,0.237258595064459,0.011093273648364,0.0098829076327085,-0.696317676368318,-0.604319874480876,-0.296966461983855,0.17544127774517,0.713791467604056,0.296270818621547,0.118983446499276,0.0815128997970767,NA,NA
"Florida",1958,12,0.9736842,0.968421,0.598689317396292,0.235890038007874,0.0108231622443953,0.0098010800342186,-0.741949374000067,-0.580701259523189,-0.304646821565333,-0.0410338279801152,0.701243658633099,0.311906264009908,0.107828785993773,0.111198749741057,NA,NA
"Florida",1959,12,0.9736842,0.968421,0.592438112677494,0.237331457040266,0.0114262393746917,0.0098989400226961,-0.794434761456258,-0.570438240504758,-0.19608791671296,-0.0118904050940491,0.708833959426554,0.316140404362029,0.113504382488504,0.0898810516127974,NA,NA
"Florida",1960,12,0.9736842,0.9263158,0.588862976006764,0.234558067015224,0.0117195964999091,0.0103428386721974,-0.82530877697453,-0.550169908332966,-0.331320347746668,0.141081032101151,0.757146483690347,0.289247119023422,0.128333897000744,0.106219251597375,48.5,51.5
"Florida",1961,12,0.9736842,0.9263158,0.587322930755241,0.230803560744068,0.0110225345925376,0.0096845834825923,-0.719264494204171,-0.654100494827379,-0.289968200926718,0.193566134656656,0.695545695399375,0.295204818070364,0.115818720546591,0.0872175863271876,48.5,51.5
"Florida",1962,12,0.9555556,0.8790323,0.58684118094166,0.226103016046311,0.0105296660273216,0.0095197946263359,-0.752958817955547,-0.758327063230154,-0.482808403090243,-0.0027884375270496,0.695069707692019,0.309069236875728,0.157061173768194,0.0970002026817686,48.5,51.5
"Florida",1963,12,0.9555556,0.8790323,0.586727118249792,0.219608684292921,0.0098685356540823,0.0082918639236664,-0.803193135919337,-0.745615620034235,-0.123141682431414,0.216274163613269,0.632169805630538,0.309423561332591,0.133497967547898,0.113537572701336,48.5,51.5
"Florida",1964,12,0.9545454,0.9107143,0.587128172749241,0.216252827762432,0.0094565859545871,0.0077618410855637,-0.888249682977585,-0.785682131113272,-0.493211399014378,0.125404002083574,0.646972755465144,0.333773623352192,0.111945264113572,0.076821407964057,51.1,48.9
"Florida",1965,12,0.9545454,0.9107143,0.587537500687718,0.210639847827896,0.008852450113827,0.007490019392359,-0.936269751925639,-1.07621045998411,-0.388176790741714,0.0614872134631736,0.645768637457001,0.334196487867763,0.102868656365026,0.100035574491911,51.1,48.9
"Florida",1966,12,0.7708333,0.7777778,0.576652964447611,0.211886998417916,0.0095041936522726,0.0075598134410543,-1.02180834698978,-1.23137082545774,-0.470708438943946,0.056686634809261,0.65138091888587,0.373639253782666,0.086038014411851,0.0973446849088708,51.1,48.9
"Florida",1967,12,0.7708333,0.7777778,0.562405448626581,0.214774504660364,0.009167763906709,0.0074966498428284,-1.10623878423075,-1.31278582830966,-0.364257829705334,0.0555608001823869,0.647114524633305,0.396129284461553,0.121023199264746,0.106892529363014,51.1,48.9
"Florida",1968,12,0.6666667,0.6470588,0.547617840916268,0.220589120295273,0.0086335604776527,0.0071583876593222,-1.10272565947959,-1.19805450767001,-0.414243817605134,-0.0036953375110632,0.652089737153617,0.387177076881831,0.0772084986205032,0.0889528382423049,30.9,40.5
"Florida",1969,12,0.6666667,0.6470588,0.534254313247562,0.227410024639671,0.0096035921736101,0.0079995866650839,-0.508393939801457,-1.24840803768175,-0.229866213184029,0.29645743380678,0.512739245600641,0.387233311069652,0.129383118652318,0.117165240688127,30.9,40.5
"Florida",1970,12,0.6875,0.6806723,0.528202230581451,0.23021444797045,0.0099441315050632,0.0085838407342504,-0.606943575328533,-1.23027685943721,-0.256546065694574,0.290991993508242,0.496814618748819,0.390305219936751,0.152670244278506,0.163155060940376,30.9,40.5
"Florida",1971,12,0.6875,0.6806723,0.52370705724462,0.228626244546519,0.0106299889259232,0.0086877129802196,-0.689883510368763,-1.18382562343801,-0.219953692483288,0.197380764053609,0.509513403203107,0.395537979673901,0.141387610822221,0.132387821628814,30.9,40.5
"Florida",1972,12,0.6410257,0.6416667,0.520858521308676,0.227655832939141,0.0105295935038534,0.0084733801966648,-0.898126110685711,-0.947129758513206,-0.182986926254527,0.266907933125021,0.451047772392424,0.360649167643944,0.113243499957326,0.138815615016764,27.8,71.9
"Florida",1973,12,0.6410257,0.6416667,0.522886200141127,0.227044438380979,0.0102484247575703,0.0085565275761524,-1.25848504217311,-1.02933881338572,-0.236351970392452,0.455914375128058,0.552971867934445,0.381175382462904,0.152422876274181,0.12747706862767,27.8,71.9
"Florida",1974,12,0.6923077,0.7166666,0.528637417414603,0.222944621748526,0.0100737376977209,0.008285720996047,-1.15789902279578,-1.2152589722339,-0.137269062395476,0.16181403282389,0.533033772200009,0.409960030485932,0.116919676457909,0.118345883158779,27.8,71.9
"Florida",1975,12,0.6923077,0.7166666,0.533971151435127,0.219026764143417,0.0092086104287728,0.0078484519547664,-1.20904835313865,-1.30275519572736,-0.326323608840891,0.283172881798898,0.549260487224669,0.380040136926041,0.126928956576734,0.164724606232515,27.8,71.9
"Florida",1976,12,0.7435898,0.7666667,0.530192291547793,0.222071972490262,0.00874134921398,0.0075724901721393,-1.25423032328318,-0.677966710710569,-0.105202923557159,0.0966886782035749,0.550603065282746,0.304019397464853,0.113231275170368,0.138963783422734,51.9,46.6
"Florida",1977,12,0.7435898,0.7666667,0.536488368841319,0.222848360857786,0.008783410648138,0.0072840271021535,-1.21530727095944,-0.532085786410253,-0.198358437590969,0.14427749030812,0.508547391562341,0.303903229932091,0.127942680603528,0.189613650122266,51.9,46.6
"Florida",1978,12,0.725,0.7416667,0.531347685330857,0.230992760650965,0.0080138626436754,0.006537073834372,-1.28318926540512,-0.589292378401671,-0.313118288647727,0.0922057078699488,0.537822387038541,0.307107636670189,0.117723885459662,0.174250463925222,51.9,46.6
"Florida",1979,12,0.725,0.7416667,0.514930808009287,0.246660962422392,0.0076999574332231,0.0065862082810541,-1.26097440504263,-0.797193341646806,-0.0640104050781109,0.027746572721133,0.520248465457978,0.30546756601907,0.113174527757512,0.218580827075393,51.9,46.6
"Florida",1980,12,0.675,0.675,0.495708549885928,0.264688177462434,0.007498957091446,0.0064090838243691,-1.31252134616123,-0.880686372937339,-0.323869056266555,-0.0929721185937509,0.515526844783347,0.322138399306492,0.114154642230686,0.167427053884438,38.5,55.5
"Florida",1981,12,0.675,0.675,0.469126387429195,0.282103517163465,0.007450326437408,0.0066718699991223,-1.35030933246485,-0.75879550923606,-0.186789259142905,0.0705792248753599,0.509750360488515,0.317270759203098,0.11296133700613,0.200679070861702,38.5,55.5
"Florida",1982,12,0.8,0.7,0.457968366201973,0.28658482850285,0.0080993266326357,0.0070908856965792,-1.36656804775563,-0.708703687639874,-0.185187633525804,-0.0244593063786366,0.530720499871731,0.316515740968239,0.1232862880933,0.184309640279292,38.5,55.5
"Florida",1983,12,0.8,0.7,0.444951678148535,0.293292230399517,0.0079695336210156,0.0072294832559072,-1.36340017044841,-0.538750727809526,-0.171401496156677,-0.100035542108864,0.528172594174312,0.306587346114804,0.12384686933942,0.166798793940225,38.5,55.5
"Florida",1984,12,0.8,0.6416667,0.422179803985936,0.309027342915831,0.0078822939196248,0.0073401396958149,-1.34536282838053,-0.595411366576922,-0.147897478561833,-0.153136965729239,0.483808757006388,0.327290603781076,0.1056650894688,0.179106271787014,34.7,65.3
"Florida",1985,12,0.8,0.6416667,0.408176765500515,0.316405419890396,0.0078147092314275,0.007135718136826,-1.341735698911,-0.421024605037041,-0.126366343098351,-0.124859871807457,0.508864411185262,0.328053787501919,0.141448766663677,0.172634909837329,34.7,65.3
"Florida",1986,12,0.625,0.625,0.39952812543964,0.316062603323409,0.0072183028085428,0.0072491353962312,-1.15530191350259,-0.471944969539698,-0.0776576434647109,-0.0485653177288142,0.464550278416296,0.325316308134432,0.14581672809396,0.163932173503599,34.7,65.3
"Florida",1987,12,0.625,0.625,0.391293379768427,0.317823101383042,0.0066389060049063,0.0067156222482369,-1.27330756531732,-0.549525099381516,0.0066196581674972,-0.181264453705286,0.477255590014107,0.311945559927641,0.124053482687296,0.114064158399823,34.7,65.3
"Florida",1988,12,0.575,0.6083333,0.383822945297583,0.327033177157357,0.0070595900728517,0.0071015865480979,-1.39638041970484,-0.530161072304157,0.0124860883220107,0.085230182878031,0.497407596898674,0.348223883303257,0.144815817550964,0.114033393960969,38.5,60.9
"Florida",1989,12,0.575,0.6083333,0.375501943245191,0.326866659032241,0.0071359217097804,0.0072035667454299,-1.22155996936677,-0.441604270080826,0.114417197041385,0.090811523869082,0.458385924683797,0.301275312946913,0.148563434048985,0.102678388778007,38.5,60.9
"Florida",1990,12,0.575,0.6166667,0.371871032045252,0.324728291879695,0.0073714853252316,0.0070642668361979,-0.266671289733021,-0.435128026198764,0.221167880133551,0.230786444194104,0.308736142223025,0.30649993137481,0.153464407598928,0.104826683647488,38.5,60.9
"Florida",1991,12,0.575,0.6166667,0.371597052794113,0.32561748253704,0.0071403000033628,0.0069215620061021,-0.222287236890144,-0.346683119668431,0.301892422367777,0.179479820571223,0.314839505280588,0.326988483128675,0.164550399988614,0.103981182754923,38.5,60.9
"Florida",1992,12,0.5,0.5916666,0.376384380561036,0.3257142425126,0.0070379209647435,0.006629542388339,0.0388736468664626,-0.30593062301409,0.407614944214908,0.138941885382233,0.288159855384625,0.335268898644254,0.164623735348912,0.0907486000099877,39,40.9
"Florida",1993,12,0.5,0.5916666,0.374020382603152,0.324714894734107,0.0067508722980742,0.0067704441783785,0.02782275893143,-0.282373279723059,0.559787169704882,-0.0716940570727178,0.303868744191082,0.353797566240966,0.166270548413219,0.101474652335988,39,40.9
"Florida",1994,12,0.475,0.525,0.371696449206707,0.327236983432462,0.0063294057786481,0.0069639846220546,-0.550260055672419,-0.396399481067702,0.476786815645297,-0.127204706236137,0.375963140535801,0.37368618663725,0.135960211349963,0.132356609567314,39,40.9
"Florida",1995,12,0.475,0.525,0.373372207855294,0.328194466697606,0.0069933295136366,0.0067155604406874,-0.615398784610969,-0.389354375835674,0.530515824919437,-0.295834688326262,0.374303141599207,0.322104702014742,0.168354289483228,0.103094302499895,39,40.9
"Florida",1996,12,0.425,0.4916667,0.373180812358935,0.332223630109702,0.0072383135016842,0.0070743061047798,-0.525635512792784,-0.405467414543335,0.591439321160021,-0.10066611243992,0.339339470904795,0.357335881188414,0.132798263325782,0.111660617001959,48,42.3
"Florida",1997,12,0.425,0.4916667,0.37556228586157,0.329946975281234,0.0068277276566989,0.007079005754268,-0.51831117178979,-0.548841154886786,0.598877611920736,-0.175826557053824,0.356646086462976,0.412466820908928,0.17443221059442,0.118673413753055,48,42.3
"Florida",1998,12,0.375,0.3916667,0.379999033664207,0.328594067454918,0.0066106992829621,0.0066964020146121,-0.403851389010056,-0.587902679351262,0.595892231838304,-0.110849802370469,0.343792118464744,0.358519578708163,0.150375639503611,0.12981989319646,48,42.3
"Florida",1999,12,0.375,0.3916667,0.383202413815806,0.322986989814509,0.0063148471247084,0.0062620237074905,-0.419964165384599,-0.606128342774623,0.631536524453993,0.0582572123528286,0.344412667776307,0.355902894577358,0.184246221122234,0.134352292978276,48,42.3
"Florida",2000,12,0.375,0.3583333,0.384586166679901,0.32489575813534,0.0050353161315927,0.0049750801128063,-0.457304875414752,-0.53393075851055,0.561568186739385,-0.10388585469989,0.345918841574569,0.350799180020528,0.151598333903221,0.0990316760207768,48.8,48.8
"Florida",2001,12,0.375,0.3583333,0.381711508495321,0.326314947448863,0.0059823449799254,0.0059323179370866,-0.359986345356877,-0.633298777921932,0.673314350383739,0.0489866775461575,0.337412494538068,0.361831605776453,0.177444974635514,0.152142277740476,48.8,48.8
"Florida",2002,12,0.3589744,0.325,0.378812272798015,0.331638783553618,0.0064205450456156,0.0066270605529359,-0.432334659644297,-0.735847119964415,0.699382925231389,-0.134792962601057,0.324947347555583,0.397543248872268,0.175513352843482,0.14157701382653,48.8,48.8
"Florida",2003,12,0.3589744,0.325,0.380507670093196,0.333941383593186,0.0061984772763006,0.0059036879497712,-0.346753780330729,-0.828343530919676,0.63015328621162,0.133009157979463,0.34266695665425,0.386245299660152,0.152824435572724,0.152815577197262,48.8,48.8
"Florida",2004,12,0.35,0.3,0.381615496612349,0.337869672442967,0.0049721720263349,0.0050687805716869,-0.285481762951592,-0.850428326000119,0.630876375332437,-0.0674140986636219,0.324854582964216,0.380209597735009,0.117062551390623,0.103339616507239,47.1,52.1
"Florida",2005,12,0.35,0.3,0.375891045990888,0.335213373746771,0.005787678463338,0.005601996842975,-0.576424926488341,-0.908073868346786,0.491482169542019,0.0230676854267625,0.350782948798039,0.359376288654625,0.121087717719773,0.104552243355174,47.1,52.1
"Florida",2006,12,0.35,0.3416667,0.373441534538636,0.328116209574241,0.0051234938415599,0.0048513774184667,-0.697129958747171,-0.80413149875104,0.622350284439518,0.0034391328707578,0.332491200776166,0.37783238589309,0.122195151809249,0.0906526659399832,47.1,52.1
"Florida",2007,12,0.35,0.3416667,0.374564097063269,0.318989907761209,0.0051012119684736,0.0054392890791341,-0.697453627351638,-0.583356725653696,0.698884441366624,0.0250620021686613,0.360234838642073,0.32678123730077,0.127232066230375,0.0978800866776638,47.1,52.1
"Florida",2008,12,0.35,0.3666667,0.37989298504197,0.321094948505392,0.0048152247291619,0.0048268507696492,-0.719341609869337,-0.675704486164296,0.84927112710855,-0.0423422966450027,0.350067011305679,0.350554505849183,0.147572675791165,0.0758481276143142,50.9,48.1
"Florida",2009,12,0.35,0.3666667,0.381066091816569,0.307122768724139,0.0049164968526032,0.0048281013799806,-0.760184704783685,-0.942846662111412,0.725140600542282,-0.213211971768047,0.356100958153598,0.366356331695512,0.155479201661084,0.0732400620107206,50.9,48.1
"Florida",2010,12,0.3,0.325,0.377097528693021,0.308740316090507,0.0041978319121692,0.004471020334484,-0.75860635033869,-0.787991339316888,1.09138401845248,-0.189066299584765,0.348961967847695,0.356149883127644,0.158069162814345,0.0708537862615075,50.9,48.1
"Florida",2011,12,0.3,0.325,0.376184805231921,0.298566765846194,0.0047891433620352,0.0048033867506412,-0.805476173149632,-0.890367281475274,1.17014628804461,-0.287173491933495,0.336346481571651,0.368596211143846,0.176942827867579,0.0845370563415257,50.9,48.1
"Florida",2012,12,0.3,0.325,0.381854265536224,0.292300592228426,0.0045583135453976,0.0043335733952158,-0.819066386621278,-0.710844003372893,1.40479574652473,-0.258488934770928,0.319111066274179,0.363875911048904,0.187334374605322,0.0817642719527818,49.9,49
"Florida",2013,12,0.35,0.38333333,0.383250232142247,0.283323843055165,0.0054037817297872,0.0050147641372282,-0.839330026239256,-1.07779670484935,1.56665349323856,-0.364525254903831,0.341976031455689,0.494159532126144,0.218895965833202,0.0876184288305636,49.9,49
"Florida",2014,12,0.35,0.375,0.38983304066152,0.278056600356858,0.0053531339747667,0.0047374951722618,-0.790328000880357,-1.12000873008019,1.68674828177713,-0.387786384279014,0.351397684357214,0.512988648246063,0.27180766640312,0.0964790798851044,49.9,49
"Georgia",1946,13,0.9814815,0.995122,0.662566729837207,0.169675001225157,0.025580957090135,0.0200652841444044,-0.789023526181405,-1.04438058352168,-0.570581153905133,-0.022233143070797,0.812899105940232,0.26597587828317,0.164698880141202,0.102559688966837,NA,NA
"Georgia",1947,13,0.9814815,0.995122,0.664730726775585,0.168298264783785,0.0236975251839064,0.018642823179058,-0.861616522917724,-1.08513950625217,-0.612193413591616,0.0275372521346901,0.798478106821547,0.262771627822728,0.151888575608871,0.091782285343352,NA,NA
"Georgia",1948,13,0.9814815,0.9902439,0.666729341372902,0.166791502905456,0.0220755065132691,0.0177146576524711,-0.945566667341944,-1.19010999117816,-0.662192701157841,0.0856822852071186,0.771341155920767,0.330089059823917,0.131488249824193,0.0904350039968602,NA,NA
"Georgia",1949,13,0.9814815,0.9902439,0.669044862220533,0.164448715340612,0.0205899444796777,0.0160702038080148,-0.991614378813687,-0.873698709059061,-0.568246778551381,-0.0798660301013443,0.807629089065205,0.317672895725089,0.128168974763902,0.0831303270621181,NA,NA
"Georgia",1950,13,1,0.995122,0.673261500379167,0.1603211472851,0.0192233998454367,0.0148285867124284,-0.935575889142403,-0.73107663781161,-0.424272452007885,-0.0541593717095524,0.755609324676562,0.289872260986891,0.163869332546955,0.110116244837813,NA,NA
"Georgia",1951,13,1,0.995122,0.677771867986193,0.156455934301755,0.0179651057160922,0.0139303383319988,-1.00389536472746,-0.745292153078524,-0.524156116855997,0.0627416550974456,0.774700902494944,0.318916807822555,0.204002492367133,0.110969322638199,NA,NA
"Georgia",1952,13,0.9814815,0.995122,0.682688199322487,0.152071809953539,0.016551387055995,0.0129183439442984,-1.02966315728816,-0.640520478965883,-0.485979155442346,0.196678555542047,0.76090898665479,0.292741429463222,0.15556900188205,0.0977518914058477,NA,NA
"Georgia",1953,13,0.9814815,0.995122,0.682409083906091,0.151232228806657,0.0145425224732049,0.0111730635606303,-0.645998331332148,-0.389356705813261,-0.387359613729629,0.152756417516805,0.684628431175193,0.304590412792996,0.152523484217555,0.09287539326015,NA,NA
"Georgia",1954,13,0.9814815,0.9853659,0.679398716274787,0.154480569153407,0.0134050256710994,0.0100934502484067,-0.623992914501566,-0.405743709448673,-0.56524707388288,0.1583099504754,0.69071212133096,0.307189838307757,0.127552702872525,0.0777265375979421,NA,NA
"Georgia",1955,13,0.9814815,0.9853659,0.67410936028831,0.158186979822421,0.0128523963430844,0.0095020054127922,-0.647972125887623,-0.456056486152359,-0.352417758724745,0.233972948936694,0.731271474468245,0.316185343880716,0.158472206573955,0.0790470099806711,NA,NA
"Georgia",1956,13,0.9814815,0.9853659,0.67760442693793,0.15215355354686,0.0119470096936111,0.0092422636773818,-0.649541245773827,-0.412383987781888,-0.465273826693735,0.199784177302045,0.729675971066248,0.314679292818039,0.132354679844558,0.106582673571304,66.5,32.7
"Georgia",1957,13,0.9814815,0.9853659,0.678344472988229,0.148101249829331,0.0119444312340911,0.0087385484654944,-0.733349472969065,-0.542730134465781,-0.425590657256065,0.282618653595415,0.707364117938627,0.31565987788319,0.129679174868499,0.086050364538208,NA,NA
"Georgia",1958,13,0.9814815,0.9853659,0.678055163580671,0.144583770571188,0.0110880008005051,0.0079581178961048,-0.779598094381558,-0.450387871807826,-0.403484969988161,0.0569443907501667,0.729044912433781,0.310627801935766,0.112646248572414,0.107069562193993,NA,NA
"Georgia",1959,13,0.9814815,0.9853659,0.674219621202757,0.142493748263538,0.0109141629700955,0.0081228458670315,-0.752451755485618,-0.562771428347922,-0.376042947196961,0.170311170621101,0.69475495808873,0.311080152818547,0.118547498826496,0.106816067783918,NA,NA
"Georgia",1960,13,0.9814815,0.9950981,0.659620094693913,0.142265524709215,0.0107229520613459,0.0079527464890124,-0.789600791264059,-0.620327010563516,-0.45939687624281,0.380085494966101,0.684602123893692,0.306095102699365,0.11356309405387,0.117691508137305,62.5,37.4
"Georgia",1961,13,0.9814815,0.9950981,0.643872894078099,0.141698776561377,0.0102851562863371,0.0076215193762457,-0.73940886139896,-0.781525619110267,-0.439903093082974,0.316972268478106,0.642309549376512,0.323453544226172,0.105763154493536,0.0854263612120524,62.5,37.4
"Georgia",1962,13,0.9444444,0.995122,0.626902338850955,0.142786468276222,0.0100675676735167,0.0075267332129857,-0.762814846908302,-0.816955702525748,-0.677827196354466,0.17703714585962,0.665040077167237,0.311600919487651,0.176680626065041,0.101111457183818,62.5,37.4
"Georgia",1963,13,0.9444444,0.995122,0.602412841557562,0.145819382020496,0.0105460311432962,0.0075226724914294,-0.434450654024135,-0.919131734250426,-0.28553391532614,0.291843782389431,0.604974671745819,0.326447426772155,0.139630182642457,0.102854244404249,62.5,37.4
"Georgia",1964,13,0.8301887,0.9658536,0.576410013320444,0.151875393290652,0.0102912646294873,0.00734553342676,-0.440775632133459,-0.960763405448526,-0.685012451694795,0.24223614018449,0.594259294949233,0.33635929170123,0.142639156030308,0.0808984798696757,45.9,54.1
"Georgia",1965,13,0.8301887,0.8878049,0.553399402895919,0.157003912313608,0.0098817814544378,0.0070325425643575,-0.597487565958299,-1.10685698533296,-0.477990344023353,0.176866123424902,0.604338860960799,0.338140875085191,0.100413696312673,0.0934812031303315,45.9,54.1
"Georgia",1966,13,0.8679245,0.8970588,0.534901849992027,0.154886794116763,0.0097924068844881,0.0070797551983368,-0.0518688166957758,-1.18787128484212,-0.61710936504454,0.0116599645319932,0.494557844058837,0.344190101368163,0.0968258197250983,0.101635255584267,45.9,54.1
"Georgia",1967,13,0.8679245,0.8970588,0.519464000007755,0.151888534294934,0.0096144898849535,0.0071310432966404,-0.0821921046924171,-0.903769375407668,-0.374573288167587,0.022504916044361,0.490834218591936,0.336253863141198,0.115408293843242,0.109184145546859,45.9,54.1
"Georgia",1968,13,0.8727273,0.8814433,0.509290841111262,0.147330327458926,0.0103458394235171,0.007088649472231,-0.752391876072946,-1.08893588318375,-0.305642731661292,0.235161098997864,0.585474265722328,0.360804596840383,0.103788422818454,0.105041297693027,26.7,30.4
"Georgia",1969,13,0.8727273,0.8814433,0.500179927121035,0.146892684338249,0.0100397593022123,0.0068634679548082,-0.849758399454204,-1.20389467191965,-0.365936235381951,0.400821119295445,0.564036802084266,0.367608007243927,0.128165182912732,0.128192324476739,26.7,30.4
"Georgia",1970,13,0.8928571,0.8871795,0.500112055719829,0.146800231526449,0.010489336097328,0.0071677258617442,-0.882788953756251,-1.0921859462231,-0.243463293992244,0.366495725021267,0.569348844379151,0.358018067355641,0.13830398797569,0.170126188663136,26.7,30.4
"Georgia",1971,13,0.8928571,0.8871795,0.499326677788127,0.148875388038759,0.0107449127455546,0.0073636009587676,-1.01560979632456,-0.762664514185489,-0.180047668067008,0.208683707670995,0.512752377082396,0.340841530787405,0.144305127054409,0.142166485765695,26.7,30.4
"Georgia",1972,13,0.8571429,0.8388889,0.501258381178872,0.148734899845437,0.010199281592825,0.0073068764514703,-1.21962240463155,-0.827115582380397,-0.404681350211969,0.218850116667267,0.501791642889605,0.319572403339991,0.116373483505357,0.136093089516694,24.6,75
"Georgia",1973,13,0.8571429,0.8388889,0.505450099477726,0.151040583982304,0.0100452083276967,0.0074280567059945,-0.954904803808378,-0.778023933669994,-0.463724060358264,0.251612802987287,0.533939801409251,0.350999208639558,0.144432014978682,0.110047255129004,24.6,75
"Georgia",1974,13,0.9107143,0.8722222,0.517249912033899,0.148882316811957,0.0096700729016589,0.0074770381957391,-0.929451487101498,-0.843342938522169,-0.354561265079238,0.128831222364154,0.474911355241315,0.336515176375835,0.125004632705319,0.130080502947312,24.6,75
"Georgia",1975,13,0.9107143,0.8722222,0.527720207395431,0.147110439061866,0.0098695461095956,0.0072249032582849,-0.932528608654446,-0.869475158287743,-0.466965059980333,0.0722628339059209,0.47470322008435,0.334396477654201,0.136132288926549,0.126379016190658,24.6,75
"Georgia",1976,13,0.9285714,0.8722222,0.534941699871216,0.147256031164983,0.0100566561923152,0.0067895491950732,-0.954632256721759,-0.918650669431612,-0.18893659315469,0.0500126268050582,0.494395332033656,0.350160394228239,0.115967168347176,0.147506847777714,66.7,33
"Georgia",1977,13,0.9285714,0.8722222,0.536604420364384,0.148930446436973,0.0101050083655796,0.0065570650253054,-1.04120708452766,-0.847674524482842,-0.316749605164526,-0.0054908899199707,0.46768320027875,0.334170418094813,0.124473619143028,0.190124438495002,66.7,33
"Georgia",1978,13,0.9107143,0.8833333,0.53381078115728,0.152894945459758,0.0092473296682939,0.0065367390980126,-1.03885308443106,-0.929816933942391,-0.3109614834462,-0.138536151569352,0.484099551840496,0.337079728538611,0.12980587544182,0.159578586816173,66.7,33
"Georgia",1979,13,0.9107143,0.8833333,0.52551597010203,0.157248099122351,0.0090597893481037,0.0062517975755167,-1.07300395559973,-0.945030434714474,-0.211908823546061,0.0384937175250379,0.51149087110733,0.327697231765249,0.117413576396415,0.2000871499181,66.7,33
"Georgia",1980,13,0.9107143,0.8715084,0.517577048115129,0.164745003397028,0.0086937441484523,0.0064190166758129,-1.10821894365236,-0.931115306590547,-0.40761247506199,-0.175817027560336,0.499594777356579,0.330994947209547,0.120104837206379,0.165892880132597,55.8,41
"Georgia",1981,13,0.9107143,0.8715084,0.504033430085521,0.172443035955941,0.0078455744891461,0.0061800552257962,-1.08761228903192,-0.890156365646874,-0.293881845080038,-0.0936734169026297,0.459478074648374,0.349122848372189,0.120332113800739,0.224100975744955,55.8,41
"Georgia",1982,13,0.875,0.8666667,0.493529759190275,0.177157659080971,0.0082024346682816,0.0063368635642965,-1.11508305783901,-0.869125221948055,-0.349436910356703,-0.152351033700385,0.491140967586125,0.330367186526748,0.129178999077388,0.157082409997407,55.8,41
"Georgia",1983,13,0.875,0.8666667,0.479719495360174,0.185482660457207,0.0078057500258155,0.0064660860048967,-1.11748364811898,-0.887065986410744,-0.250654620723778,-0.409594995518577,0.472389762880963,0.346437429445661,0.133002703633396,0.177048147730539,55.8,41
"Georgia",1984,13,0.8392857,0.8555555,0.462553033174578,0.197342967086618,0.0078926104041244,0.0065662106324991,-1.12140914674696,-1.10365778495815,-0.469897199301293,-0.0225937092762188,0.456978111058576,0.33933088055005,0.121675871661461,0.178296972584138,39.8,60.2
"Georgia",1985,13,0.8392857,0.8555555,0.449758570691615,0.209199999811358,0.0079927844054132,0.0069832249320967,-1.12130499215076,-1.13251455529186,-0.252624439320716,-0.261873875147266,0.483529024938882,0.373985011959387,0.151668313350951,0.164818745616142,39.8,60.2
"Georgia",1986,13,0.8214286,0.85,0.437833021586426,0.215943642033867,0.007863834091759,0.0069642127217605,-1.25504864433187,-1.11171955459739,-0.226391615862241,-0.0489952168649002,0.462445245961173,0.348312174261758,0.144534999559697,0.168793186304715,39.8,60.2
"Georgia",1987,13,0.8214286,0.85,0.428435338931817,0.223482229330473,0.0077465555472049,0.0071921666198499,-1.30549565993494,-1.1785257087704,-0.290205705607838,-0.110684076003718,0.460645307404152,0.350358082606281,0.123820508317081,0.13549446575311,39.8,60.2
"Georgia",1988,13,0.8035714,0.8,0.418300920006459,0.233308776331992,0.0078193947500165,0.007357079482922,-1.29643090187924,-1.25222689089004,-0.339353681503883,0.0379910316216337,0.471057027345369,0.349729734823161,0.145783107305432,0.107381406018274,39.5,59.8
"Georgia",1989,13,0.8035714,0.8,0.412359804716017,0.24119250349893,0.0078140857869827,0.0074409804650048,-1.41405400952691,-1.0128481700507,-0.187664264816354,0.110651009007939,0.498230480737777,0.3390169815688,0.160001981625358,0.136618581849336,39.5,59.8
"Georgia",1990,13,0.8035714,0.8055556,0.408376651001753,0.247499652157174,0.0077030731407116,0.0074233585752598,-1.41499031680931,-0.867752007879815,-0.207510090489149,0.0925761867061858,0.481669115587558,0.321056607060568,0.15751936132482,0.110575363621873,39.5,59.8
"Georgia",1991,13,0.8035714,0.8055556,0.403840909966409,0.253589095172887,0.0076503464734177,0.0072172455449311,-1.59947654411009,-0.724116093904292,-0.0313752744936133,0.0558376801529747,0.468234707058505,0.33385584908667,0.165907480868729,0.114071727602205,39.5,59.8
"Georgia",1992,13,0.7321429,0.7111111,0.401322667185059,0.259984174571351,0.0073000603872093,0.0073033738106414,-1.28486572448507,-0.825315315189207,-0.0279781130014518,0.166284338945929,0.419127198834119,0.33849431536761,0.167751656190282,0.0894145731466799,43.5,42.9
"Georgia",1993,13,0.7321429,0.7111111,0.39469630781757,0.268659932796994,0.0070119228885964,0.0073318312128486,-1.27818333471129,-0.626460327783439,0.0907138833926627,-0.16222016508812,0.405235862846869,0.340280881885063,0.176142672477982,0.0977774339310471,43.5,42.9
"Georgia",1994,13,0.625,0.6333333,0.387446285082287,0.276870268689658,0.0071021569204916,0.007225749498156,-1.26195682294908,-0.657382663058278,0.0383911899173695,-0.147593749513905,0.433940714370095,0.356446464219436,0.138715821531308,0.113763788504351,43.5,42.9
"Georgia",1995,13,0.625,0.6333333,0.385407202355045,0.281654815461884,0.0071474336726553,0.0068488079502748,-1.23125048250276,-0.759355857543329,0.0978847807148591,-0.327736978465058,0.442449797136323,0.362046436160789,0.192095232054616,0.106673226642255,43.5,42.9
"Georgia",1996,13,0.6071429,0.5888889,0.386012034576693,0.282927495376743,0.0070517795990377,0.0068404095612551,-1.14166999881957,-0.759051099713285,0.192829805634753,-0.0494102800255849,0.397772303009321,0.35621538745606,0.141396623831857,0.129332015677901,45.8,47
"Georgia",1997,13,0.6071429,0.5888889,0.384768580277382,0.285840060390813,0.0067111402879462,0.0066670237901688,-1.42887293853685,-0.566167935693986,0.197900698041508,-0.202331109652257,0.425596845789987,0.384774496743525,0.176665692278194,0.145224364668359,45.8,47
"Georgia",1998,13,0.6071429,0.5666667,0.382940360505924,0.293263924935893,0.0067275561713026,0.0068544023084414,-1.39245627555756,-0.555472657571346,0.206647935777133,-0.133019101267498,0.394114401106334,0.352061000482514,0.16480343178335,0.122824801269808,45.8,47
"Georgia",1999,13,0.6071429,0.5666667,0.381115031376596,0.299636383355975,0.00633209537176,0.0065106700381598,-1.1893017753173,-0.596797395328522,0.226387887879808,-0.0449046245850685,0.391330661494958,0.363406140051206,0.192972648995946,0.143211198055996,45.8,47
"Georgia",2000,13,0.5714286,0.5865922,0.379102516861821,0.310479643106592,0.0057264039448244,0.0058786614149081,-1.11762730132842,-0.482487829249416,0.288932583653995,-0.191805999282484,0.376630932663015,0.360241900011333,0.154827132897915,0.096128128845846,43,54.7
"Georgia",2001,13,0.5714286,0.5865922,0.373446694399676,0.317911788186077,0.006216202779134,0.0064256977401848,-1.17316221137243,-0.380730367360573,0.319288907380033,-0.186303326654054,0.392815563495928,0.333386454008735,0.193363594087149,0.141452055248366,43,54.7
"Georgia",2002,13,0.5357143,0.5977654,0.370826565770451,0.324912286818033,0.0063279743147248,0.0063637991307685,-1.2255160243192,-0.343925211107195,0.32086142446747,-0.231056608841146,0.421470642224607,0.338121633541031,0.177547946331928,0.136183133340435,43,54.7
"Georgia",2003,13,0.5357143,0.5977654,0.370831180986207,0.329767147653114,0.0057695848051876,0.0060360181586572,-1.21049555022434,-0.370082668184495,0.153810296332238,-0.0594653683715552,0.380964365770163,0.360041435295089,0.14143734252791,0.14076743962016,43,54.7
"Georgia",2004,13,0.3928571,0.4666667,0.371270357747571,0.330978669046823,0.0052168628044181,0.0053694520546541,-1.35857539372752,-0.495258823189881,0.0949428720936083,-0.202106696932802,0.410029073442869,0.349769831805621,0.112497723563225,0.116981089272805,41.3,57.9
"Georgia",2005,13,0.3928571,0.4666667,0.372684740997298,0.324222438242682,0.005506906968485,0.0059184328427123,-1.57580278242094,-0.463987298599691,0.105324843982191,-0.225419261951893,0.460582419663831,0.345059937455387,0.118913756395015,0.128390195815123,41.3,57.9
"Georgia",2006,13,0.3928571,0.4111111,0.372928819100175,0.318080864507618,0.0055532656536768,0.0056750630688187,-1.80562408932446,-0.621476573955475,0.242838581647545,-0.184506660672706,0.446335273878715,0.346255613905849,0.115799562174778,0.10141028966153,41.3,57.9
"Georgia",2007,13,0.3928571,0.4111111,0.375707893113089,0.314318228478957,0.0055779447382635,0.0057738887758681,-1.80521418890006,-0.613316206866793,0.192400653725405,-0.0686723404290584,0.488470333502923,0.352682895702878,0.120838050145763,0.107903715124489,41.3,57.9
"Georgia",2008,13,0.3928571,0.4166667,0.378350420865801,0.31265270480415,0.0054511297530275,0.0051828906076591,-1.87760361358373,-0.857577457281769,0.299972370159053,-0.0431429892710557,0.439433730229849,0.369717004574521,0.138061582674429,0.0770562941923295,46.9,52.1
"Georgia",2009,13,0.3928571,0.4166667,0.381039139808801,0.30244521153919,0.0051424497809312,0.0052726315913112,-1.8524842119953,-0.858906707687385,0.111592737138122,-0.22697992370069,0.460012941160726,0.364703424182275,0.161148323331208,0.0744159599647991,46.9,52.1
"Georgia",2010,13,0.375,0.396648,0.381771263740358,0.302514774023302,0.0052742781770756,0.0052948313027043,-1.92514920169939,-1.05666758205251,0.497673669064791,-0.264840751449462,0.484344075365795,0.380319252049213,0.153751322723157,0.0826918582356745,46.9,52.1
"Georgia",2011,13,0.35714286,0.36666667,0.384294319212905,0.298802729502809,0.0054432529665665,0.0055198660621266,-1.88661863487053,-1.07563352076769,0.596581259198438,-0.278207377572489,0.446452126859133,0.410760570391501,0.177328095147406,0.0860405666676942,46.9,52.1
"Georgia",2012,13,0.35714286,0.35,0.386125971686455,0.297613770725227,0.0051540416131545,0.0052825904582575,-1.92926141222783,-1.07901637219858,0.759369327304373,-0.28860446255613,0.428351020239442,0.408984060038112,0.176346826680176,0.0880625387481022,45.4,53.2
"Georgia",2013,13,0.32142857,0.33333333,0.388236588809407,0.289492715628662,0.0054114607860117,0.0056793932670486,-1.9144562082282,-1.3790235583836,0.871968530598427,-0.308975697846482,0.456498419537509,0.516495127219336,0.209129041249988,0.0985974514641612,45.4,53.2
"Georgia",2014,13,0.32142857,0.33333333,0.391029449359905,0.284571819510979,0.0060677669394001,0.0061059380497137,-1.89635777394847,-1.42479987453664,0.925005680045846,-0.270674924212265,0.455803008679251,0.514351186817684,0.244655708858869,0.101510796323939,45.4,53.2
"Hawaii",1946,15,0.375,0.396648,NA,NA,NA,NA,NA,NA,NA,NA,NA,NA,NA,NA,NA,NA
"Hawaii",1947,15,0.375,0.396648,NA,NA,NA,NA,NA,NA,NA,NA,NA,NA,NA,NA,NA,NA
"Hawaii",1948,15,NA,NA,NA,NA,NA,NA,NA,NA,NA,NA,NA,NA,NA,NA,NA,NA
"Hawaii",1949,15,NA,NA,NA,NA,NA,NA,NA,NA,NA,NA,NA,NA,NA,NA,NA,NA
"Hawaii",1950,15,NA,NA,NA,NA,NA,NA,NA,NA,NA,NA,NA,NA,NA,NA,NA,NA
"Hawaii",1951,15,NA,NA,NA,NA,NA,NA,NA,NA,NA,NA,NA,NA,NA,NA,NA,NA
"Hawaii",1952,15,NA,NA,NA,NA,NA,NA,NA,NA,NA,NA,NA,NA,NA,NA,NA,NA
"Hawaii",1953,15,NA,NA,NA,NA,NA,NA,NA,NA,NA,NA,NA,NA,NA,NA,NA,NA
"Hawaii",1954,15,NA,NA,NA,NA,NA,NA,NA,NA,NA,NA,NA,NA,NA,NA,NA,NA
"Hawaii",1955,15,NA,NA,NA,NA,NA,NA,NA,NA,NA,NA,NA,NA,NA,NA,NA,NA
"Hawaii",1956,15,NA,NA,NA,NA,NA,NA,NA,NA,NA,NA,NA,NA,NA,NA,NA,NA
"Hawaii",1957,15,NA,NA,NA,NA,NA,NA,NA,NA,NA,NA,NA,NA,NA,NA,NA,NA
"Hawaii",1958,15,NA,NA,NA,NA,NA,NA,NA,NA,NA,NA,NA,NA,NA,NA,NA,NA
"Hawaii",1959,15,0.44,0.6470588,0.416432509936425,0.174943199203197,0.0384469206718622,0.0268687152238138,1.6766714548859,0.259735533708401,-0.272256609092534,0.0445149820392091,0.542733856258866,0.321100632446217,0.219823881178443,0.16946979093433,NA,NA
"Hawaii",1960,15,0.44,0.6470588,0.416747067920002,0.174731656793941,0.037462832940739,0.0256412352781365,1.65983944213308,0.151268991985597,-0.335235117625762,0.124639843609106,0.489118701851566,0.300583746045589,0.222477806805185,0.172152054604826,50,50
"Hawaii",1961,15,0.44,0.6470588,0.416556680757954,0.175596219512937,0.035101081717776,0.0242544515702206,1.66216779412671,0.391217820805899,-0.368071028836427,0.222162048683417,0.506174319778375,0.289727601730076,0.225999019751516,0.179085053532868,50,50
"Hawaii",1962,15,0.6,0.7843137,0.416453280347791,0.176048406843195,0.0337789851326463,0.0230065502042663,1.54929500796386,0.448840894467985,-0.476221020566397,0.0466374904877579,0.493656106769569,0.270592622450639,0.240037827127648,0.163941166750196,50,50
"Hawaii",1963,15,0.6,0.7843137,0.417037132349912,0.176398211034101,0.0325552738006968,0.022069190257769,1.59692942847222,0.607045975430497,-0.200068861705181,0.143733399331681,0.533995080867307,0.283511540606471,0.197184743853258,0.163127255719822,50,50
"Hawaii",1964,15,0.64,0.7647059,0.418306416294005,0.177756847104383,0.0302058899795573,0.0211930826614155,1.54567863164738,0.797047047057204,-0.370520949413567,0.139481646216211,0.458363536879073,0.304058368606023,0.235382683990956,0.162475449825098,78.8,21.2
"Hawaii",1965,15,0.64,0.7647059,0.419320373554659,0.17918903021282,0.029562390284344,0.0202506234032266,1.56839581985905,1.29552111889948,-0.287887557077699,0.164991827282123,0.46848557497902,0.288960964636043,0.203866676914214,0.165492551299731,78.8,21.2
"Hawaii",1966,15,0.6,0.7647059,0.419165214775633,0.180912471774311,0.0285262278684926,0.0195229449007192,1.50080550086691,1.14585820057301,-0.398597537883413,0.0667927230573948,0.471368042236839,0.322062757998705,0.204201851400681,0.161843610326946,78.8,21.2
"Hawaii",1967,15,0.6,0.7647059,0.419388997036966,0.183694174613821,0.0274003488695888,0.0188447713913198,1.48659321287907,1.12224939057583,-0.292785535508119,0.0915023218805525,0.418541577412027,0.338975931120551,0.174183783834749,0.159764653293839,78.8,21.2
"Hawaii",1968,15,0.64,0.7450981,0.419431544039203,0.18693612985977,0.0273787454467414,0.0193350150499589,1.4583965765762,1.10512942771079,-0.350073811357854,0.0627900594636214,0.47260574447935,0.356401206005237,0.161755610066495,0.148635682069658,59.8,38.7
"Hawaii",1969,15,0.64,0.7450981,0.420102911386452,0.189836933681567,0.0265343468697569,0.0189980284189271,1.42232539675906,1.28195505727924,-0.188556353267055,0.194477008384904,0.50324918516322,0.326699423748487,0.184806548239895,0.147753458290985,59.8,38.7
"Hawaii",1970,15,0.68,0.6666667,0.421816336372397,0.192007838102908,0.025894224445838,0.018709492706969,1.25959056106142,1.26871546799596,-0.0545546116082056,0.254163548026327,0.363292428897551,0.329467692112223,0.200938734555301,0.192302407007697,59.8,38.7
"Hawaii",1971,15,0.68,0.6666667,0.423463811673916,0.193239001232316,0.025943232989399,0.0186503101303354,1.16928134331221,1.81940774960152,0.0691923681411907,0.189842713147283,0.38000267212596,0.337708868996933,0.212977064732619,0.158531780339717,59.8,38.7
"Hawaii",1972,15,0.68,0.6862745,0.424171714933815,0.195039903696007,0.0245229074582098,0.0179774747715851,1.19337194932529,1.82901307170423,0.100809771211518,0.235258642166819,0.358976057737158,0.367113769979625,0.205931119878553,0.180758244505804,37.5,62.5
"Hawaii",1973,15,0.68,0.6862745,0.424148555218282,0.196727515396381,0.0233015765771774,0.0177767375925625,1.75700761558738,1.60197258886167,0.0861861233127113,0.3732594336143,0.344151951134717,0.365862909826357,0.231632654922089,0.177724803202804,37.5,62.5
"Hawaii",1974,15,0.72,0.6862745,0.424523142161332,0.198745406008554,0.0232818416252125,0.0173919524146504,1.63329571690011,1.81487780650119,0.153530437395711,0.132309668137146,0.312593734982742,0.405074414553757,0.214892146536774,0.203677155212775,37.5,62.5
"Hawaii",1975,15,0.72,0.6862745,0.42497128561253,0.200740283357579,0.0227437425711625,0.0171495114124302,1.69989563627592,2.13659705111289,0.205363120371614,0.162364323194961,0.313595881900909,0.399764573827237,0.230833163969306,0.25811513630847,37.5,62.5
"Hawaii",1976,15,0.72,0.7843137,0.42534214589024,0.202723333776026,0.0219248857846252,0.0166385461445906,1.6860096467993,2.16106823823233,0.256216903097301,0.0255549915210886,0.34187201914376,0.391169791702663,0.224616450853235,0.258221723152077,50.6,48.1
"Hawaii",1977,15,0.72,0.7843137,0.425739417992293,0.204749818663611,0.0214560298016768,0.0163258655626371,1.59321575379454,2.01600339513532,0.246062886987352,0.0325154051911551,0.338428275080195,0.391772535740964,0.220663871863119,0.286406627845253,50.6,48.1
"Hawaii",1978,15,0.72,0.8235294,0.42575320574641,0.207605041433747,0.0215422559689933,0.0164949781830535,1.54295976437214,1.79336503946666,0.281330089333577,-0.0350321272207496,0.328802862619275,0.364506087483496,0.234360422997458,0.243855431371306,50.6,48.1
"Hawaii",1979,15,0.72,0.8235294,0.426882159830283,0.208040459707137,0.0212574966457212,0.016586288028962,1.5070130185197,1.59965009600207,0.45077280730823,0.0362703985076846,0.318971739399375,0.336401752785322,0.232981231114256,0.290754740917409,50.6,48.1
"Hawaii",1980,15,0.68,0.7647059,0.427152308417872,0.208802532306101,0.0206623061646922,0.016438893064702,1.45982914736457,1.42098253903736,0.314907801768745,-0.10940463736716,0.318773414961127,0.349067378100855,0.243776323399611,0.238241482427516,44.8,42.9
"Hawaii",1981,15,0.68,0.7647059,0.427753298502432,0.209981984597218,0.0199705012612242,0.0164760258985896,1.49234801873735,1.42112881869617,0.453052592845705,0.0069148347585222,0.305947832018634,0.331685819935892,0.238118359450212,0.306720502942655,44.8,42.9
"Hawaii",1982,15,0.8,0.8431373,0.425908007966616,0.211428992672687,0.0204460670506476,0.016234538281245,1.42101589427075,1.39153002861272,0.357956712174502,-0.0670309448399835,0.311704212532865,0.353544235659775,0.221815779201514,0.291673529055602,44.8,42.9
"Hawaii",1983,15,0.8,0.8431373,0.424010601422628,0.212828666921109,0.0203742164998854,0.0163557031721871,1.40351871311053,1.2833776472919,0.325999820484136,-0.0643547248239593,0.29586846813131,0.344759818148692,0.191822301947355,0.252214929512949,44.8,42.9
"Hawaii",1984,15,0.84,0.7843137,0.42292110347495,0.21374040304437,0.020386069066143,0.0162231268870757,1.36056706952001,1.36743627645753,0.366703927105398,-0.0097780694502515,0.310554150798659,0.335529670736645,0.182514617778263,0.267052882437343,43.8,55.1
"Hawaii",1985,15,0.84,0.7843137,0.421302792643356,0.213115217910531,0.0205283594388165,0.0161908110143903,1.32340994208981,1.27777598797862,0.377552537034588,-0.0632033438992351,0.307719706021736,0.36303649652842,0.202192048522803,0.243049521975638,43.8,55.1
"Hawaii",1986,15,0.8,0.7843137,0.419977929660754,0.211013284430732,0.0198355465701838,0.0161377117836124,1.28298386342636,1.17264202500675,0.424498326073139,0.0188064117666997,0.303530020089071,0.343256529047969,0.202672583005818,0.219450673135824,43.8,55.1
"Hawaii",1987,15,0.8,0.7843137,0.419054936015068,0.209177851672482,0.0194962973935987,0.0157833626082843,1.26824019991481,1.15478683059882,0.441994960667739,0.0154106279865169,0.323957055220523,0.337022252026475,0.205658808143719,0.184982823708553,43.8,55.1
"Hawaii",1988,15,0.88,0.8823529,0.41941266613382,0.209239347660829,0.0191339389206524,0.0154579924774513,1.89682656425318,1.31170877949644,0.505760466849373,0.126611258448004,0.373676134446286,0.333661290246478,0.21524025442584,0.165204073517333,54.3,44.8
"Hawaii",1989,15,0.88,0.8823529,0.41840091226317,0.210075203243741,0.0192968887398615,0.0154644730725459,1.48117109506914,1.2909174660763,0.518129492907233,0.210631562835386,0.223663699624687,0.329388145334158,0.228606136313099,0.168174928673931,54.3,44.8
"Hawaii",1990,15,0.88,0.8823529,0.418263528029045,0.211038332732032,0.0195429824296526,0.0155796826332762,1.45688160451326,1.31121437465338,0.65971502563274,0.201202582761814,0.206418299089051,0.338407728978359,0.22989038523645,0.159665382717347,54.3,44.8
"Hawaii",1991,15,0.88,0.8823529,0.415418520439247,0.212463862866825,0.0201387901110297,0.0159626516782336,1.48320194865202,1.26746963628728,0.697908992468863,0.146502657228758,0.191155702326316,0.368084124502944,0.25741600914212,0.165360599449969,54.3,44.8
"Hawaii",1992,15,0.88,0.9215686,0.413482845464974,0.213382011274952,0.0207908412673094,0.0163075193822971,1.97565806353195,1.4968119292092,0.768293911275865,0.13302538363458,0.281594328419611,0.343611313448176,0.249367935654037,0.154984803784017,48.1,36.7
"Hawaii",1993,15,0.88,0.9215686,0.411200642591055,0.214045340930521,0.0213467786749156,0.0168599220485182,1.92781570203525,1.48833122260767,0.955817238427788,-0.124282902914813,0.273303607443314,0.351469293599226,0.264453072971981,0.155898065776557,48.1,36.7
"Hawaii",1994,15,0.92,0.8627451,0.409260408838585,0.215156533722728,0.0215927231092337,0.0170702048712852,1.84129638729504,1.703630224381,0.80882945604643,-0.166474041282782,0.275112324361512,0.405414505957459,0.258691355863753,0.184119048750982,48.1,36.7
"Hawaii",1995,15,0.92,0.8627451,0.407284419501427,0.216350142986398,0.0214511966046824,0.0174395343711636,1.81763715655822,1.63552507369407,0.91837786730106,-0.315051876214034,0.289032910785874,0.390739559078478,0.281685209369593,0.176270482458652,48.1,36.7
"Hawaii",1996,15,0.92,0.7647059,0.405864791568335,0.217047258217904,0.0210762968742847,0.017627891899728,1.79204330333524,1.5280317363011,0.86520063995294,-0.170038289975607,0.282640879601176,0.330461371675598,0.247132323722498,0.190548881304094,56.9,31.6
"Hawaii",1997,15,0.92,0.7647059,0.404688040777639,0.217073832865512,0.0210448826921353,0.0179160879306163,1.75606528541183,1.42353023601249,0.8648834591739,-0.231208585186704,0.264847658915437,0.322386073813571,0.263336726003783,0.196778020597923,56.9,31.6
"Hawaii",1998,15,0.92,0.7647059,0.403003347954637,0.217944536391097,0.0213238757151139,0.0176740884082053,1.73110487160368,0.999598677786107,0.873022831200459,-0.174386136649514,0.26763682523759,0.329997087849907,0.25608707813933,0.183505455160119,56.9,31.6
"Hawaii",1999,15,0.92,0.7647059,0.401212163423766,0.218553908656078,0.0217579387029271,0.017650033403003,1.66250711001358,0.870088240465714,0.842064330771789,-0.035124133139487,0.262103109738899,0.322210950028445,0.259642783141603,0.192487940736732,56.9,31.6
"Hawaii",2000,15,0.88,0.627451,0.399884088784751,0.220002626779115,0.0213143914337888,0.0170525368296742,1.63322636145065,0.803311816555225,0.87763086793287,-0.172162022794962,0.258012012500174,0.318134984768248,0.267555825743448,0.152165092659514,55.8,37.5
"Hawaii",2001,15,0.88,0.627451,0.398756540440697,0.221137888750014,0.020924213323126,0.0168414940667252,1.63413254814834,0.765904712081962,1.03131982589707,-0.0676052083545894,0.257198201951856,0.322872904490202,0.313124581845172,0.193248148252936,55.8,37.5
"Hawaii",2002,15,0.8,0.7058824,0.397711812903829,0.22273862519066,0.0196266729240205,0.0168984011717474,1.60867692362901,0.668563709604695,1.16568583253854,-0.130750001690934,0.245860332031865,0.314229153095921,0.342021932063224,0.17199206659621,55.8,37.5
"Hawaii",2003,15,0.8,0.7058824,0.396177190761503,0.224644825114403,0.0192063143871183,0.0163651431263115,1.78907882378212,0.752809467727822,1.11495424345358,0.0635619696806489,0.297700846634792,0.310012047509182,0.33464805946593,0.200893034543608,55.8,37.5
"Hawaii",2004,15,0.8,0.8039216,0.395212150106337,0.226156893032021,0.0188329403284345,0.0162910899993687,1.72507107882389,0.688484903545352,1.10423090836029,0.0118554262872181,0.269961532113201,0.324290598484214,0.292710357820102,0.158579279791404,54,45.3
"Hawaii",2005,15,0.8,0.8039216,0.393689593902926,0.2278509043747,0.01789045385429,0.0159703994778819,1.70782898002312,0.733901354689144,1.03975362422845,-0.0368510241482842,0.252936138567554,0.307236767988599,0.270083459903577,0.155309443392869,54,45.3
"Hawaii",2006,15,0.8,0.8431373,0.392897597114934,0.228945118874001,0.0175692507024668,0.0153886286906957,1.8409219300844,0.741911584138397,1.11500760385262,0.017000976089897,0.297879864869146,0.294678364204999,0.245184549317323,0.143507601731525,54,45.3
"Hawaii",2007,15,0.8,0.8431373,0.393981484536921,0.227593510126202,0.0172793372967199,0.0152384215960719,2.01135575042178,0.736244874954587,1.31564035547361,-0.0241664461055806,0.300393016128846,0.293726878015887,0.291471359442742,0.143970263132284,54,45.3
"Hawaii",2008,15,0.92,0.8823529,0.397468657178885,0.226798276679179,0.0165949895985103,0.0149542582559817,1.97861617672073,0.965736741367357,1.50199173475256,-0.039700380035867,0.299486330236598,0.302347343463759,0.309941487150085,0.133434853174945,71.8,26.6
"Hawaii",2009,15,0.92,0.8823529,0.399746239674364,0.224498163795613,0.0158454943414288,0.0151194269004508,1.97160465038497,1.12397501732075,1.33399718611328,-0.23949249078468,0.30428624405362,0.296887102490198,0.320020321646639,0.134984737067819,71.8,26.6
"Hawaii",2010,15,0.96,0.8431373,0.404223569554275,0.224687790007989,0.0153762344276834,0.0144269766358839,1.91127095171132,1.38000319223531,1.62959999990294,-0.313810387499356,0.287369240879976,0.310312722871806,0.306898336058798,0.142427105323757,71.8,26.6
"Hawaii",2011,15,0.96,0.84313726,0.406260718490625,0.223201802408698,0.0158598607512233,0.0141052129335285,2.13482052481073,1.40963436248443,1.59576360974074,-0.2593246263144,0.350061551983271,0.322752482598805,0.309005337432473,0.144659678750091,71.8,26.6
"Hawaii",2012,15,0.96,0.84313726,0.408296733255543,0.220301468759254,0.0156986619290322,0.013739130730198,2.27000817140749,1.37874928456586,1.93837680899801,-0.203738067775655,0.368916449544385,0.304235717358319,0.371175280495872,0.153345155227993,70.5,27.8
"Hawaii",2013,15,0.96,0.8627451,0.410862191451502,0.217094057197043,0.0161626871624373,0.0146054365437651,2.41249585779169,1.55631660113012,2.11955916174586,-0.223967304154404,0.402996430359354,0.369434897691891,0.418383120751731,0.164642968810681,70.5,27.8
"Hawaii",2014,15,0.96,0.8627451,0.413367915447872,0.215372169523842,0.0167527988897846,0.0151480150950754,2.38612316948059,1.56087915507135,2.48531332870019,-0.12173002302604,0.387419322591123,0.411412820114169,0.530728391544167,0.185229776543639,70.5,27.8
"Idaho",1946,16,0.3409091,0.3050847,0.339425348577452,0.356873607230579,0.0321279686402556,0.0288854384656226,-0.433622253243211,0.459566589079794,-0.374102352646431,0.0510113977101387,0.721377209097214,0.297931244813587,0.150690521485406,0.118080827352862,NA,NA
"Idaho",1947,16,0.3409091,0.3050847,0.337733481154665,0.358180670721337,0.0305124251597942,0.0273782086281705,-0.460326654771227,0.258600606109252,-0.35397558165882,0.0303549791682508,0.712639866947508,0.308999278457975,0.153297722578843,0.0880329128663376,NA,NA
"Idaho",1948,16,0.5227273,0.4067796,0.337494277974822,0.358323657156076,0.0287719448079171,0.0257191817488359,-0.589428552952037,0.269512778552939,-0.371251978963515,0.0428091623156533,0.736571206564839,0.304189859563535,0.12882986853546,0.0809597167658374,NA,NA
"Idaho",1949,16,0.5227273,0.4067796,0.338194156554804,0.359083237755881,0.0271881744870859,0.0247576742701204,-0.56158565041998,0.309431557118718,-0.403195161013113,-0.0164211289475463,0.725716655261727,0.324861015984681,0.163183830657358,0.0888606752098698,NA,NA
"Idaho",1950,16,0.3409091,0.3898305,0.339167827239125,0.358870010430754,0.0257619802936014,0.0238297606144307,-0.53851124089582,0.24697642053838,-0.238291734269562,-0.150449492041294,0.703002446551209,0.30363885463094,0.191263796641186,0.10409596241034,NA,NA
"Idaho",1951,16,0.3409091,0.3898305,0.339979244813312,0.358961977327339,0.023994368577431,0.0232016040296109,-0.606824495927188,0.400009981959562,-0.376982657233889,-0.0331001434626768,0.756725640168632,0.291612948831367,0.245678131557881,0.13294035102354,NA,NA
"Idaho",1952,16,0.25,0.2372881,0.34073535668376,0.358758655578163,0.0229278831400495,0.0220666807798127,-0.531606319171553,0.297888328069494,-0.26304611402941,-0.0223835038259848,0.735415867066401,0.297549503877777,0.17975347655259,0.116064811597943,NA,NA
"Idaho",1953,16,0.25,0.2372881,0.337800455805713,0.364331362960849,0.0212311971814564,0.0215808910887827,-0.647183175855766,0.315573810672748,-0.236646528461434,0.0005581943160598,0.692618911135585,0.308273487723414,0.160680575377358,0.121479795130715,NA,NA
"Idaho",1954,16,0.4545455,0.3898305,0.333555223503747,0.36681743505173,0.0207169806255461,0.0208333704511156,-0.636061975848203,0.4504667807548,-0.152534970781799,-0.0323999685804614,0.708499076765585,0.310003062236935,0.182407210215072,0.113245512412177,NA,NA
"Idaho",1955,16,0.4545455,0.3898305,0.331966976278538,0.363745640120674,0.020632248092432,0.0205613467888211,-0.668524727296216,0.813278485303873,-0.149467210796232,0.0521907126309476,0.715507934169129,0.321875682615402,0.192325722855812,0.124900930281481,NA,NA
"Idaho",1956,16,0.5681818,0.4576271,0.330526054544917,0.360005059388727,0.020482687439402,0.0205631034113354,-0.719260216351482,0.876072312655229,-0.366791411263516,0.0305387675147469,0.729781352112088,0.310808183843002,0.195682460869463,0.117215069981101,38.8,61.2
"Idaho",1957,16,0.5681818,0.4576271,0.331153631057291,0.358295863400389,0.0198903545312048,0.0196576510333652,-0.665575035805045,0.252469766588057,-0.294669265655847,0.132868457248152,0.742359380612924,0.321864566042795,0.183975510984916,0.123720658481657,NA,NA
"Idaho",1958,16,0.6136364,0.6101695,0.331117870922741,0.358075332226882,0.0206561650904045,0.020235336149409,-0.70519435540876,0.203416055864202,-0.350926618572887,-0.058204414463997,0.699674375350895,0.308088976216342,0.168042852764296,0.145398593639109,NA,NA
"Idaho",1959,16,0.6136364,0.6101695,0.330920537491398,0.357583128762293,0.0196758914978869,0.0193268979046613,-0.787904583391302,0.230915650326644,-0.412638411902262,-0.0422519114415182,0.674004375797378,0.296790077622964,0.145833220156131,0.150736112064956,NA,NA
"Idaho",1960,16,0.4772727,0.4915254,0.331857842070773,0.355735183587169,0.0189339088900531,0.0201351427143208,-0.758604732019156,0.270562416441561,-0.466453578734688,-0.0714405915991728,0.691988997652019,0.274548598409393,0.158633467655395,0.141137277515687,46.2,53.8
"Idaho",1961,16,0.4772727,0.4915254,0.332787793439833,0.355061475409812,0.0187781441697723,0.0195274941908619,-0.785207174727533,0.110795639038013,-0.499761530361966,0.171238432623363,0.72890631178852,0.29408759222364,0.16207168014901,0.147482785469608,46.2,53.8
"Idaho",1962,16,0.4772727,0.4603175,0.332001946600077,0.354507462721545,0.0183693822415246,0.0190946494025698,-0.784434334885987,0.0369247919110207,-0.578612765189288,-0.0970556093838599,0.668896658464053,0.297076646358944,0.210352156461725,0.140084611518027,46.2,53.8
"Idaho",1963,16,0.4772727,0.4603175,0.330151131192174,0.35367107253139,0.0190458284510039,0.0193086637413687,-0.79582494571566,-0.105319447962831,-0.352925930399218,0.0151863641879737,0.66711131005205,0.292011180160559,0.160966685200762,0.161956633157202,46.2,53.8
"Idaho",1964,16,0.4318182,0.4683544,0.329145267552361,0.351450025501614,0.0189110653503002,0.0189712412537674,-0.874931441597368,0.0832851222152332,-0.532344891087052,-0.0675160567758519,0.656476235874348,0.295174631771222,0.186774346444098,0.154006935623423,50.9,49.1
"Idaho",1965,16,0.4318182,0.4683544,0.327053092384626,0.349963749765696,0.0186942923721773,0.0185949798957424,-0.938083719685145,0.1128743052846,-0.545753800893278,-0.0116880519367815,0.702536358737939,0.298181115385449,0.147073673716272,0.119292540098954,50.9,49.1
"Idaho",1966,16,0.3714286,0.4571429,0.320033038588244,0.352152240084829,0.0181613763367703,0.0181215355638631,-0.981412394662725,0.290669811912126,-0.693146961667504,-0.169783754977069,0.626051802068709,0.301392205057603,0.139597367976228,0.140800236210587,50.9,49.1
"Idaho",1967,16,0.3714286,0.4571429,0.313205390237053,0.352824926621822,0.0173722543111904,0.0175090418651248,-0.0873293182125928,0.342772119866203,-0.565225539364849,-0.203307221778047,0.415326006137441,0.324160247147466,0.14914842149097,0.141819324300126,50.9,49.1
"Idaho",1968,16,0.4285714,0.4571429,0.307270381279621,0.352543747721367,0.0170982767171489,0.017368699922364,-0.219032798885458,0.299261903840583,-0.485451549435599,-0.110336687058984,0.454895082872535,0.341371514245441,0.14026322074275,0.153973233183444,30.7,56.8
"Idaho",1969,16,0.4285714,0.4571429,0.300475676810755,0.350035726212163,0.0169006198291088,0.0176618195716816,0.095531731955724,-0.0122626607788467,-0.482341737588972,-0.0437109816306329,0.413178950073119,0.343307348130582,0.176987954408097,0.163523103682166,30.7,56.8
"Idaho",1970,16,0.4571429,0.4142857,0.294825904489712,0.347045178275494,0.0169274639823121,0.0183921843360832,-0.0191752987294926,-0.079292756990176,-0.437997688066531,-0.0430874340640912,0.457343167767844,0.31252871058824,0.177477038527038,0.201439612559217,30.7,56.8
"Idaho",1971,16,0.4571429,0.4142857,0.288265121818815,0.345803390915716,0.0163980627028913,0.0179504592117264,-0.131321216809262,-0.0741806980653758,-0.468677666668644,0.0048302162958874,0.461619070153301,0.348705100841124,0.175919387515679,0.169855651152848,30.7,56.8
"Idaho",1972,16,0.3428572,0.2714286,0.282574056554148,0.343135267936046,0.0160775890569719,0.0169673347043368,-0.0368543025675487,0.19181162866742,-0.579567993823506,-0.102494957374051,0.438066570338417,0.321702388684352,0.16764872350247,0.240595238199583,26,64.2
"Idaho",1973,16,0.3428572,0.2714286,0.278316900995978,0.343315281542168,0.0156579238650191,0.0170956189950252,-0.100403234601986,0.0944015816868143,-0.507246282108444,0.087186696483153,0.448227879558041,0.320505361530763,0.194057240251133,0.165991171279053,26,64.2
"Idaho",1974,16,0.4,0.3857143,0.274610780434461,0.344608088518719,0.0156360491624411,0.0165124057314113,-0.112267732244972,0.141696539127414,-0.529181884728714,-0.272410272131327,0.424504818973249,0.352190643942814,0.181561002812463,0.208592796035522,26,64.2
"Idaho",1975,16,0.4,0.3857143,0.270852252584261,0.346306729889525,0.0161023403669282,0.0165193437912722,-0.148788067824188,0.260635746452947,-0.556282980547914,-0.346038627375321,0.454692374702919,0.327120453932137,0.210784730733167,0.200670181283594,26,64.2
"Idaho",1976,16,0.4285714,0.3142857,0.267555073843278,0.348006319605119,0.0153922651797835,0.0166331196212313,-0.155397809792454,0.152016019817775,-0.467413643487311,-0.614837740340545,0.435663548739376,0.330140190863969,0.183903153942172,0.187292808962678,37.1,59.9
"Idaho",1977,16,0.4285714,0.3142857,0.264281843812511,0.351215518330325,0.0151009307782137,0.016265321518402,-0.618148028161655,0.1461126915068,-0.49950446611426,-0.592199589172924,0.43502367035319,0.333174625397547,0.176182829314841,0.21018800569919,37.1,59.9
"Idaho",1978,16,0.4571429,0.2857143,0.261697639950531,0.355130186953579,0.0143369966489955,0.0158061057267145,-0.649523262394721,0.0712579379091542,-0.600325667424857,-0.609853837573972,0.468544130450032,0.320277588445256,0.186870478135297,0.203814182524248,37.1,59.9
"Idaho",1979,16,0.4571429,0.2857143,0.257393851426319,0.357370142099158,0.0136644302288956,0.0157656040640662,-0.692000832285753,-0.0320841428763238,-0.394516886447383,-0.592389737174634,0.473737856910298,0.329651866472748,0.175707492727148,0.231897445292766,37.1,59.9
"Idaho",1980,16,0.3428572,0.2,0.251522199744041,0.360104596250082,0.0134840866590041,0.0151641133988184,-0.710429109772397,-0.241110533651715,-0.598417387999388,-0.713887917193566,0.444267868492286,0.318324040133142,0.171575323420373,0.208683755253428,25.2,66.5
"Idaho",1981,16,0.3428572,0.2,0.246792348662485,0.361722110799565,0.0132489920673895,0.0146193083650489,-0.584375338306008,-0.184948135369076,-0.452640743929899,-0.708348360741372,0.433240900952579,0.304823614305097,0.172450809056764,0.249976411743461,25.2,66.5
"Idaho",1982,16,0.4,0.2714286,0.243432997663503,0.362890670875275,0.0126671178718326,0.0143829557717956,-0.64525668412651,-0.200872073470754,-0.476930374754,-0.856127453882049,0.434057467877103,0.338689365732166,0.174269947438626,0.242994852104429,25.2,66.5
"Idaho",1983,16,0.4,0.2714286,0.2422785777664,0.366619973160726,0.0121420530649974,0.0142022628779748,-0.619835626900203,-0.119493400680774,-0.319127911164501,-0.808323797383583,0.44112573992035,0.324071360733201,0.173062392815298,0.255175813511653,25.2,66.5
"Idaho",1984,16,0.3333333,0.202381,0.239833886923678,0.373021537010141,0.0120796115597681,0.0136986663123891,-0.615532038197193,-0.170999325728392,-0.38414056838719,-0.593413822231833,0.404300142950319,0.32357169019502,0.162620489087121,0.238705732458101,26.4,72.4
"Idaho",1985,16,0.3333333,0.202381,0.237917422103832,0.382196497674056,0.0114963001998817,0.0133492707577576,-0.678977297049928,-0.683215963558436,-0.324814353526242,-0.614489806234026,0.436796007455355,0.311638820899294,0.179475378619178,0.220347555982504,26.4,72.4
"Idaho",1986,16,0.3809524,0.2380952,0.237416367563703,0.383735855143653,0.0113907421195061,0.0134330726003708,-0.506003130398802,-0.694375011519755,-0.254405348488765,-0.525940193885613,0.398230877751415,0.328650789624337,0.179271465360673,0.189755464164916,26.4,72.4
"Idaho",1987,16,0.3809524,0.2380952,0.236459674598035,0.383639106406892,0.0115700091167185,0.013025868189786,-0.537664504573607,-0.733020577635763,-0.126957373924838,-0.544548513951393,0.400689075085214,0.331025688740168,0.15640462990856,0.165288150312787,26.4,72.4
"Idaho",1988,16,0.452381,0.2380952,0.23793435923145,0.384682434808327,0.0121713159662867,0.0131354694615101,-0.573243038608407,-0.444544154848679,-0.17956363538667,-0.338737501646692,0.41519614180854,0.292952448080379,0.173554309250293,0.144851096016225,36,62.1
"Idaho",1989,16,0.452381,0.2380952,0.237481499486978,0.383890745414863,0.0124001910291126,0.0130617376543835,-0.585141713247712,-0.456154301462231,-0.145719355675584,-0.290596168150753,0.422795340522725,0.318215241252951,0.184419531864714,0.151699863214708,36,62.1
"Idaho",1990,16,0.5,0.3333333,0.234003112213914,0.385115955894046,0.0117066314254834,0.0129479552860816,-0.700030262098621,-0.573484348332987,-0.0939424173388129,-0.198644889625128,0.402164057547942,0.327302714891958,0.18811895095964,0.146255020487198,36,62.1
"Idaho",1991,16,0.5,0.3333333,0.229115089633715,0.389047766144632,0.0113699298171319,0.0132954763830449,-0.751900784332331,-0.658062777980652,-0.0140360516646178,-0.225581633008441,0.409323427282211,0.349294620441402,0.20189184413067,0.132517060276878,36,62.1
"Idaho",1992,16,0.3428572,0.2857143,0.226826568691516,0.390169172291666,0.0111217262577164,0.0133067579748152,-0.870951672285338,-0.626952200258103,-0.0209832985813356,-0.19942446529205,0.384477758520609,0.335585004649399,0.209286364583438,0.134686193027746,28.4,42
"Idaho",1993,16,0.3428572,0.2857143,0.227258473945884,0.389585806064294,0.0110293478500971,0.0128610812297963,-0.846717185682827,-0.685436898950647,0.149771101964202,-0.459862640996459,0.397427278816984,0.384000307093787,0.214992610331239,0.153011237087181,28.4,42
"Idaho",1994,16,0.2285714,0.1857143,0.226321000873804,0.390922389280999,0.01099867880345,0.0128644137544457,-0.325937772539085,-0.649877961547451,0.0592128220846031,-0.575491891516565,0.340015453893043,0.401555257773358,0.18731097152103,0.181225823148653,28.4,42
"Idaho",1995,16,0.2285714,0.1857143,0.227041456074101,0.392218379373354,0.0106485356805435,0.0125710390026025,-0.298274505773224,-0.793114642454051,0.0785812284132224,-0.679133070375843,0.337385255431957,0.391178340772922,0.212981483317733,0.160434228777663,28.4,42
"Idaho",1996,16,0.1428571,0.1571429,0.224235329266708,0.393924707944014,0.0107514611136564,0.0128022606099985,-0.325706950952187,-0.757117995645223,0.172918933370222,-0.538044665479371,0.324198574466028,0.359276465190228,0.172158323070956,0.189591398041758,33.6,52.2
"Idaho",1997,16,0.1428571,0.1571429,0.221605092516846,0.396614492911229,0.0107482432257507,0.013149682834225,-0.306355069661827,-0.960761697202875,0.136976259765115,-0.614673046261337,0.307363758743157,0.439685781951687,0.20159446613326,0.194344943706863,33.6,52.2
"Idaho",1998,16,0.1142857,0.1714286,0.220031049097832,0.400097900654647,0.0107433582605932,0.0135324003888889,-0.305856932868683,-1.06340190966419,0.114526739564927,-0.583355347952494,0.319623452701341,0.418314640701821,0.190811241631801,0.173265333997899,33.6,52.2
"Idaho",1999,16,0.1142857,0.1714286,0.219785188017826,0.40230507104526,0.0103284625334823,0.0126038069530101,-0.441315797721897,-1.11348327911358,0.0716806214833675,-0.466603760672328,0.337791691365747,0.411286035132766,0.207914304597918,0.172415219433381,33.6,52.2
"Idaho",2000,16,0.0857143,0.1285714,0.219057032425766,0.408428503921278,0.0095461434611097,0.0119512442266068,-0.39322974083872,-1.2137047591566,0.0392175928768108,-0.559878140180469,0.313718052294659,0.392392071188936,0.177786538773144,0.126127441000003,27.6,67.2
"Idaho",2001,16,0.0857143,0.1285714,0.21833110680137,0.410616527203978,0.00933337123111,0.011906332181407,-1.06687619072655,-1.22939745393507,0.101143083519209,-0.490114875035361,0.425327108721277,0.422418579824376,0.214322710954951,0.172837412784692,27.6,67.2
"Idaho",2002,16,0.2,0.2285714,0.216433623336994,0.413391956713526,0.0096866108252335,0.0119878488238933,-1.1305466672898,-1.26167635996364,0.146685469534559,-0.511468568455418,0.433117143210823,0.432472548448534,0.193242035204976,0.172266194218929,27.6,67.2
"Idaho",2003,16,0.2,0.2285714,0.216260788617874,0.415013015957461,0.0099769426341437,0.0121523295802532,-1.14584656599393,-1.41157436437846,0.120627899732881,-0.383866073995085,0.395520734390301,0.40993143839017,0.1883864722295,0.182769635202816,27.6,67.2
"Idaho",2004,16,0.2,0.1857143,0.215964946119886,0.414951991140513,0.0091230245680519,0.0114842280738311,-0.696145119850451,-1.23035673951374,0.237743051731495,-0.381996472706747,0.374055059505379,0.416019055013977,0.146835715053012,0.139247589687471,30.3,68.4
"Idaho",2005,16,0.2,0.1857143,0.215381166047076,0.411553848563862,0.0087449099677325,0.0110296696002218,-0.753300578932645,-1.2859705838733,0.24590885238433,-0.442380386442389,0.378566749603437,0.430245162721707,0.155065342326912,0.134216727416916,30.3,68.4
"Idaho",2006,16,0.2,0.2714286,0.21312054642143,0.410310162387758,0.0086441324117945,0.0102469937004105,-0.735954275864192,-1.33760313473084,0.372646988513158,-0.433058084010453,0.364228056206761,0.392717136378538,0.139489623364266,0.125669780019264,30.3,68.4
"Idaho",2007,16,0.2,0.2714286,0.2123797715915,0.408931824088796,0.0086391200727934,0.0107763406407968,-0.976531561676803,-1.29482970218313,0.440430887688691,-0.448815823001479,0.383629401729697,0.377636281416329,0.169831414725161,0.122419497398913,30.3,68.4
"Idaho",2008,16,0.2,0.2571429,0.216721558800848,0.403905679890427,0.0088303623676169,0.0107228431273447,-1.00352079187958,-1.28200559060474,0.526491287732168,-0.42490070305642,0.383749138328116,0.401244179517614,0.178155365923429,0.111135387964484,35.9,61.2
"Idaho",2009,16,0.2,0.2571429,0.2179170991464,0.397980879228707,0.008981913642493,0.0104225357451074,-1.03957638064103,-1.57272888795755,0.332584301947402,-0.590782736496615,0.362299274410754,0.413530799572904,0.200803099364361,0.105136921805199,35.9,61.2
"Idaho",2010,16,0.2,0.1857143,0.214596751498938,0.39828900960387,0.0085411818402106,0.0105684855677589,-1.25620254964915,-1.49436020601432,0.600688779902217,-0.727729893730823,0.390279279632572,0.430738370031773,0.200344066384784,0.127292164000239,35.9,61.2
"Idaho",2011,16,0.2,0.18571429,0.212642966799188,0.397550650642241,0.0089500330771102,0.0112844052678921,-1.22929765710494,-1.75473855480613,0.585833562932908,-0.753612937265102,0.359506910089809,0.463883660553464,0.202063198310794,0.134136604675427,35.9,61.2
"Idaho",2012,16,0.2,0.18571429,0.212610157138863,0.39864813554415,0.009101332962919,0.0114808792027977,-1.23415730572516,-1.80922516568464,0.705185021794717,-0.812753143248198,0.379193981273552,0.480542481535582,0.218144544469522,0.145447342756318,32.4,64.1
"Idaho",2013,16,0.2,0.18571429,0.210219445409047,0.396722879294094,0.009748387925167,0.0127489331724066,-1.25503003489897,-1.73215664309938,0.75700054599429,-0.863991399622139,0.380914075058072,0.556907509264436,0.257579670837893,0.177802632576119,32.4,64.1
"Idaho",2014,16,0.2,0.18571429,0.208714135376545,0.398614681096474,0.0109347322054753,0.0134886891731985,-1.26967766782375,-1.65094171524045,0.875952085785981,-0.943817767322774,0.410540175796192,0.57741433754618,0.300559667572899,0.172869617705402,32.4,64.1
"Illinois",1946,17,0.2745098,0.4313726,0.374577379653445,0.342372719689253,0.0199706196738136,0.0205852243176027,0.523288400039689,0.871237205033175,0.0682428281215973,0.136784687209265,0.530984348842674,0.291147916956555,0.120567187003856,0.0554212197360437,NA,NA
"Illinois",1947,17,0.2745098,0.4313726,0.37555711678243,0.341464838704527,0.0174110673868539,0.0180279296190548,0.485869242272502,0.682373728817332,0.0173718317885601,0.154706468346451,0.531260741248665,0.29639322136233,0.114517846290725,0.0493882212402247,NA,NA
"Illinois",1948,17,0.3529412,0.5163399,0.377014275107201,0.340729660081434,0.0146689714416146,0.0143978086948548,0.448499139960221,0.670415421978441,-0.151064424301538,0.066561203319266,0.545726739920622,0.312572045135985,0.103358883637762,0.0502856632452957,NA,NA
"Illinois",1949,17,0.3529412,0.5163399,0.389662526701951,0.343683848571663,0.0139352948858674,0.0144394529305044,0.394291501825066,0.678525465145111,-0.158642730577165,0.14405747867866,0.541557364160036,0.293320019329231,0.116003354058179,0.0462361950390346,NA,NA
"Illinois",1950,17,0.3921569,0.4509804,0.399298557040897,0.346852867030484,0.013458649304727,0.0138783249791591,0.334368750738067,0.610067919240922,0.0287150147587764,0.117446757811973,0.532559097959599,0.300527382026459,0.122324901781544,0.0672059079281559,NA,NA
"Illinois",1951,17,0.3921569,0.4509804,0.407498542792988,0.349712239582686,0.012564031695061,0.0132260146687243,0.308048586855642,0.744733007431772,-0.189590792812536,0.207542874894852,0.516206127605805,0.291270133240979,0.173553093209143,0.0865798097233071,NA,NA
"Illinois",1952,17,0.254902,0.4509804,0.415602263893272,0.352114655054188,0.0106544915042601,0.0110653393925604,0.322074873535867,0.437640506734438,-0.224280316938875,0.0588149088271716,0.518146076919638,0.305944624925418,0.107298276670526,0.0702361614372247,NA,NA
"Illinois",1953,17,0.254902,0.4509804,0.40594184670122,0.368745675090322,0.0101306819473991,0.0104117692720463,0.249834815253396,0.704782982575384,-0.249170280617344,-0.0112817703686684,0.547108916810429,0.311005238765032,0.124906421976949,0.0779857640148238,NA,NA
"Illinois",1954,17,0.372549,0.4836601,0.408803007258774,0.369648779423755,0.0095757511316491,0.0097523176553125,0.253613859422563,0.741789344685804,-0.228688832271682,0.0933304092533834,0.538162836316613,0.313873525649411,0.098620821523309,0.0598825363874313,NA,NA
"Illinois",1955,17,0.372549,0.4836601,0.413220051377072,0.36347511283177,0.009200391546587,0.0093305456696562,0.212626898105362,0.74133321635987,-0.175068377625062,0.108767787819732,0.553059983684809,0.308552516166294,0.105294963755528,0.0581653166449564,NA,NA
"Illinois",1956,17,0.3448276,0.4689265,0.412825481526906,0.361160764543083,0.0081731447257314,0.0084192164427321,0.169409548325913,0.717318482842777,-0.284943792224099,0.0341532375192813,0.588929775514722,0.303557844750056,0.0939176841994555,0.089636816767546,40.3,59.5
"Illinois",1957,17,0.3448276,0.4689265,0.417048057990232,0.34567453518459,0.008465125938605,0.0081711601207664,0.166194296027749,0.719684416316701,-0.204561098432414,0.272992879304478,0.5279202771407,0.312085089781237,0.110021144140662,0.0713361067227531,NA,NA
"Illinois",1958,17,0.4137931,0.5141243,0.431208166778241,0.328163897752271,0.0084537339514563,0.0079903629060187,0.147075919893095,0.702043941588285,-0.22397732182277,0.0697040380668993,0.534659051528208,0.313978690598784,0.0920272711575093,0.0892879596949232,NA,NA
"Illinois",1959,17,0.4137931,0.5141243,0.431613584231894,0.310564542164922,0.008883345285292,0.0083349835205979,0.101809533162066,0.702344440016463,-0.195750244815395,0.131977421475204,0.540033162682093,0.304923701835515,0.0979571609837344,0.0720153737785074,NA,NA
"Illinois",1960,17,0.4655173,0.4971751,0.434008345081843,0.301605643963069,0.0092564481510576,0.009094249383804,0.0666613079826675,0.779003869212371,-0.170154086148879,0.204799598966582,0.539375177253239,0.302152736748005,0.105475140727119,0.0854825646409457,50,49.8
"Illinois",1961,17,0.4655173,0.4971751,0.435974482710782,0.294498434206161,0.0088249858432812,0.0090415627012228,0.0445945915246875,1.03598188606509,-0.282098285376642,0.186435360008177,0.550432675098353,0.283460841067679,0.0930950116070655,0.0855340337199415,50,49.8
"Illinois",1962,17,0.3965517,0.4915254,0.43380434366799,0.290323419558175,0.0088878992975252,0.0084407508771066,0.591420312943147,0.848615736327551,-0.206469962403055,0.149246214519732,0.468734381198619,0.297018559437472,0.164037119614411,0.0836607647887205,50,49.8
"Illinois",1963,17,0.3965517,0.4915254,0.428816301134844,0.29376236928826,0.0079755003190416,0.0080396179115346,0.465898270588555,0.925119477459273,-0.252338788874404,0.39222748625266,0.447587919216098,0.283312355096013,0.122470737101455,0.099591996789666,50,49.8
"Illinois",1964,17,0.4310345,0.6666667,0.430614847682198,0.289482419619832,0.0084763179711476,0.0080774872863191,0.42326357781163,0.869507208220741,-0.123222931620029,0.218773784016119,0.489826841079635,0.301674827214075,0.0990957139396475,0.0704552178954122,59.5,40.5
"Illinois",1965,17,0.4310345,0.6666667,0.427018678311343,0.285701789770704,0.008182366520457,0.0079697220788931,0.269079523641289,0.786238856272114,-0.290181571418227,0.225085018516516,0.453488158536873,0.314575476159309,0.107608759598838,0.0998780474607452,59.5,40.5
"Illinois",1966,17,0.3448276,0.440678,0.420453650135616,0.286382945171116,0.0079013691397711,0.0078615993086709,0.195067843908747,0.508820177011138,-0.251065571440431,0.111098200325916,0.439085997992444,0.346195603637972,0.0834232943802131,0.0912683905640956,59.5,40.5
"Illinois",1967,17,0.3448276,0.440678,0.410006545914485,0.286836025673172,0.0081104225132849,0.008057605952565,0.472549749796341,0.695930038772133,-0.277122227632083,0.191849143555233,0.394532115009802,0.339200307008227,0.113062939700025,0.104706392280449,59.5,40.5
"Illinois",1968,17,0.3448276,0.4632768,0.405035786409129,0.282677732392957,0.0080865791142119,0.0075986358942997,1.36803252768454,0.581682865840994,-0.318114634157168,0.141425488303369,0.320923147662903,0.32988483812693,0.0663546237297294,0.0843092134864266,44.2,47.1
"Illinois",1969,17,0.3448276,0.4632768,0.399935135452406,0.279040151807335,0.008747577919965,0.0075903155457658,1.22690124194387,0.786185762260029,-0.269795225177276,0.402323668383301,0.322169301573707,0.349804428087716,0.115728754072818,0.121954012091176,44.2,47.1
"Illinois",1970,17,0.5,0.4915254,0.402723239005551,0.272113418691379,0.0090244705084443,0.0080953790089156,1.05484250150399,0.673278410741273,-0.144389482187661,0.303300788983616,0.346607615049022,0.34049731360109,0.1472966022584,0.160545400127127,44.2,47.1
"Illinois",1971,17,0.5,0.4915254,0.405447335064916,0.260968470389949,0.0090522746611134,0.0080664134536924,1.35252145917053,0.725904481638853,-0.0683602076203808,0.218693182320438,0.347428394160446,0.347097371482848,0.131705507052986,0.129798380843902,44.2,47.1
"Illinois",1972,17,0.4915254,0.4971751,0.404201546547093,0.255613479669279,0.0085852226351742,0.0078425415474274,0.999285863806557,0.61159557889942,-0.0147335255734175,0.17727026406088,0.326489782686877,0.340194348405346,0.101570499629432,0.127990297795815,40.5,59
"Illinois",1973,17,0.4915254,0.4971751,0.404552256554582,0.248117375911766,0.008959757847448,0.0079428130835326,0.928672130529276,0.876126233830799,-0.210124109033637,0.365983128704548,0.338075272452303,0.349853200459411,0.14470064325077,0.114421896321713,40.5,59
"Illinois",1974,17,0.5593221,0.5706215,0.407509753779977,0.239927556178414,0.0087464794593287,0.0075194567163135,1.13515529458219,0.841975190387667,-0.127082018573081,-0.075180760095474,0.294368240224202,0.354976482767301,0.116222927007677,0.124492979339384,40.5,59
"Illinois",1975,17,0.5593221,0.5706215,0.40951158950893,0.235518011510317,0.0085716664646015,0.0072077331217381,1.06378266727036,0.724237184910135,-0.179200739450934,0.159970375823794,0.30940996820969,0.358048025312966,0.123302531957794,0.145912177937442,40.5,59
"Illinois",1976,17,0.5762712,0.5310735,0.413080859220023,0.232386393358308,0.0076500028714314,0.0068403589916025,1.03307245384756,0.603858850985396,-0.222371479408564,0.0950787874808824,0.29927568186381,0.3595471089927,0.104882823818665,0.132304856879454,48.1,50.1
"Illinois",1977,17,0.5762712,0.5310735,0.420832919109617,0.228570790532367,0.0079946029235594,0.0067324959710894,0.869354076533422,0.527023705341782,-0.218765500101015,0.0170679055366753,0.323084048354905,0.327208973312636,0.112445422676114,0.17813976694913,48.1,50.1
"Illinois",1978,17,0.5423729,0.5028248,0.429681042793094,0.227723990521862,0.0072100746876124,0.005753022115241,0.830699652235004,0.440670051850357,-0.327155191349536,-0.152937929313712,0.28661689402675,0.319896411937657,0.114159310170459,0.153433248234335,48.1,50.1
"Illinois",1979,17,0.5423729,0.5028248,0.426532354643405,0.229175209533836,0.0075365638608812,0.0062371631878085,0.778310746596625,0.292700429264822,-0.161655481510655,-0.0314436969453128,0.312281890476275,0.337229591579591,0.115362433963773,0.221383995626281,48.1,50.1
"Illinois",1980,17,0.5084746,0.4858757,0.412909196033216,0.239616085143054,0.0069710439054868,0.0059617390526111,0.787022490643155,0.184749938863909,-0.366136588684711,-0.207616663372028,0.318777817183687,0.298965783960272,0.104093097488424,0.159929304769509,41.7,49.6
"Illinois",1981,17,0.5084746,0.4858757,0.398051740663965,0.246462514342289,0.0064687160238672,0.0061362621313776,0.633679490720044,0.139311287539393,-0.198214160535636,-0.0280519623753426,0.296772439766779,0.314626547871041,0.114411851450065,0.215457731226139,41.7,49.6
"Illinois",1982,17,0.5593221,0.5932204,0.394421059134365,0.24825015150056,0.0067250597150063,0.0064506548770612,0.640129579620517,0.327500303704505,-0.234248291673358,-0.1112938168846,0.297104979711759,0.324456503389001,0.11799868626643,0.164650004644391,41.7,49.6
"Illinois",1983,17,0.5593221,0.5932204,0.384819515033361,0.250787670865287,0.0066854690172902,0.0064431730970277,0.626210587719933,0.411561293782446,-0.180730154375328,-0.287942629696774,0.286610831635109,0.342964555672832,0.124383137986324,0.143790494947275,41.7,49.6
"Illinois",1984,17,0.5254237,0.5677966,0.374971421518449,0.261989164353362,0.0070769821620158,0.0070251295998477,0.622425920373822,0.288759138112192,-0.0274814435230582,-0.0205487198214709,0.30300655555578,0.321489429165107,0.105022229940651,0.174482017426294,43.3,56.2
"Illinois",1985,17,0.5254237,0.5677966,0.367707867318623,0.273347411924341,0.0069064258097157,0.0069338951328674,0.612677180748706,0.559288283192957,-0.0642227721381341,-0.103997677378994,0.294927303115181,0.327846611844325,0.143880733150596,0.16443606890907,43.3,56.2
"Illinois",1986,17,0.5254237,0.5677966,0.361511920237965,0.275282496700567,0.0065930693520951,0.0065699617812906,0.596491897584262,0.472381874489619,0.116639458201953,-0.019697761168714,0.275094425988311,0.328703580464318,0.151472542759762,0.151232337571998,43.3,56.2
"Illinois",1987,17,0.5254237,0.5677966,0.3596981326889,0.273457203514519,0.0062937585819693,0.0062133499211006,0.542871708992175,0.471103884633826,0.0765791380523816,0.0733978316332192,0.296047373927579,0.318570161145982,0.120788996633961,0.125702887824836,43.3,56.2
"Illinois",1988,17,0.5254237,0.5677966,0.361699706212553,0.272144434770779,0.006714632277886,0.0065197499568791,0.504353154753954,0.41816384241398,0.322192232926244,0.116849051426933,0.289762172216112,0.344724590342713,0.14324153688401,0.110793753051078,48.6,50.7
"Illinois",1989,17,0.5254237,0.5677966,0.357986020726304,0.270889333045867,0.0071198636912389,0.0067459194310108,0.468108827377813,0.428973865388146,0.240542105430628,0.218187842151968,0.278605279040332,0.337009086202885,0.155774623651194,0.113975444089987,48.6,50.7
"Illinois",1990,17,0.5254237,0.6101695,0.357085124625497,0.271004585988293,0.0074236889965569,0.0067766470177949,0.417706005737515,0.352599626070944,0.371369361999656,0.235584261304368,0.286448876248475,0.328236512732379,0.154018519155468,0.102625642515037,48.6,50.7
"Illinois",1991,17,0.5254237,0.6101695,0.359756766748897,0.26854845229965,0.0072596225396325,0.0072195750632036,0.392060720212723,0.297455521722302,0.44194187725182,0.151411406956428,0.272979244667685,0.334930646821147,0.170155222242733,0.107358504929603,48.6,50.7
"Illinois",1992,17,0.4576271,0.5677966,0.366788104524118,0.268028827509395,0.0072184432464003,0.0071352350705281,0.366438829126483,0.241239983476962,0.532197551427855,0.208303238184714,0.271191998300112,0.339938443854491,0.157706779459808,0.0928305056994009,48.6,34.3
"Illinois",1993,17,0.4576271,0.5677966,0.37021001420981,0.264509543029552,0.0071936222599773,0.0066846770332459,0.578238511054645,0.337634737578344,0.67099554913225,-0.146554136553177,0.292954064587042,0.403799724703548,0.167692754693017,0.105517406985133,48.6,34.3
"Illinois",1994,17,0.440678,0.4576271,0.374944598261385,0.264089468604263,0.0075086360885912,0.0066404642317236,0.277169348026422,0.405263331320182,0.499934026790961,-0.0558494664641904,0.316476404129739,0.383563479276683,0.141248754223367,0.112832921367784,48.6,34.3
"Illinois",1995,17,0.440678,0.4576271,0.376953560880831,0.267075444678167,0.0072138616921452,0.0064374283991379,0.489537108265425,0.264966429468262,0.658520205614338,-0.311390590194871,0.307252889722649,0.393878217831727,0.185184340354701,0.106579486278835,48.6,34.3
"Illinois",1996,17,0.4745763,0.5084746,0.385016578094648,0.264114219178148,0.0070824505243623,0.0065315512041715,0.463195636824659,0.136494889430482,0.690629282196563,-0.0392677240102774,0.307128975974012,0.360280481406951,0.147310047373249,0.115684233329604,54.3,36.8
"Illinois",1997,17,0.4745763,0.5084746,0.387157361263221,0.260085023185204,0.0073733350110466,0.0069741225538514,0.44518181825821,0.469369969736467,0.727366631307114,-0.23183342701906,0.333958689129955,0.343824692834225,0.178275718550513,0.13494387167488,54.3,36.8
"Illinois",1998,17,0.4576271,0.5254237,0.388277651042164,0.263996450041166,0.006946494788415,0.0063718448345644,0.460198061699557,0.346096821097073,0.728492462810685,-0.11650603828035,0.297650880981248,0.349443200875505,0.158483423944821,0.119859968869327,54.3,36.8
"Illinois",1999,17,0.4576271,0.5254237,0.393490010861321,0.261953383783246,0.0064092798765695,0.0057865852944632,0.476667795422971,0.0530470298522909,0.707719668864736,-0.0388884545343461,0.293071637747016,0.336955359103026,0.18798680470862,0.138848955218516,54.3,36.8
"Illinois",2000,17,0.4576271,0.5254237,0.397353433484572,0.267115480865102,0.005556232471035,0.0055093151187672,0.463557466622195,0.249322135418096,0.733919085252541,-0.102403298749373,0.286419704266243,0.337051827283934,0.152463758284838,0.0969934871943249,54.6,42.6
"Illinois",2001,17,0.4576271,0.5254237,0.391107697756648,0.272352260565967,0.0062806804012491,0.0062366780795037,0.535108947477419,0.274919810424298,0.827810273835493,0.111570210814997,0.307705144318704,0.337012189723772,0.196997562682015,0.147109522550186,54.6,42.6
"Illinois",2002,17,0.5517241,0.5593221,0.390794104605579,0.27380033370174,0.0067707031069271,0.0064967359525521,0.495956561630644,0.254756029088784,0.903764438067694,-0.0184160433051316,0.302472396971516,0.348362585203572,0.181052645852149,0.124252133873843,54.6,42.6
"Illinois",2003,17,0.5517241,0.5593221,0.392509834294504,0.275760321249945,0.0064732976310429,0.0061487251860994,0.460909129013626,0.37989776504047,0.803665241564364,0.244031967383702,0.300042384640077,0.357942629820914,0.155426829612295,0.151452861580799,54.6,42.6
"Illinois",2004,17,0.5344828,0.5508475,0.394794405207359,0.274217406941165,0.0058812610649712,0.0053645848968956,0.44082165506673,0.519635517987149,0.751271186836427,0.12777440647941,0.287414949519531,0.345492856534577,0.121037840912603,0.125912517723613,54.8,44.5
"Illinois",2005,17,0.5344828,0.5508475,0.3935684124544,0.273915843389449,0.0061569707874161,0.0058475018504037,0.408230929859412,0.327687313928734,0.682715822890987,0.090828549435139,0.299133130885866,0.3391730044482,0.134219649690201,0.10097241212429,54.8,44.5
"Illinois",2006,17,0.6271186,0.5593221,0.395206585369263,0.268751784396318,0.0056816029958379,0.0054909979341951,0.847918765759835,0.149350773739523,0.831416595498274,-0.0596290878749404,0.267973037975113,0.337374735682785,0.122442856139302,0.10841291043428,54.8,44.5
"Illinois",2007,17,0.6271186,0.5593221,0.403752524962214,0.258532629071568,0.0059528383399272,0.0055135870152603,0.829788246432901,0.110023107070993,0.95511860486934,0.0791473302436675,0.267872474935116,0.306334999739075,0.142784392747136,0.10411364475776,54.8,44.5
"Illinois",2008,17,0.6271186,0.5932204,0.421016962116386,0.256052798949611,0.005621921459503,0.0054206455970516,0.896914527309543,0.0639049350343034,1.07044165797684,0.0174379106027293,0.255098571640818,0.321286276652178,0.155062348987322,0.0826674579598648,61.8,36.7
"Illinois",2009,17,0.6271186,0.5932204,0.424604404631051,0.244988154424318,0.00547338117049,0.0050947989381204,0.858862007933511,0.342829116273766,0.882259720898557,-0.0862220710289348,0.273793415718691,0.295466222108854,0.163513811361745,0.0706472465917591,61.8,36.7
"Illinois",2010,17,0.5932204,0.5423729,0.426725761247338,0.245525691786878,0.0052490903804434,0.0045980315083277,0.816919788435764,0.287650277027848,1.29003520087495,-0.16234884782226,0.277374965296434,0.31471485243277,0.176141188183623,0.0818889290133178,61.8,36.7
"Illinois",2011,17,0.59322034,0.54237288,0.426610549990582,0.24000056915098,0.0059554786291637,0.0051881957854077,0.947995358585424,0.32801243208277,1.23993984920009,-0.149400442575709,0.280695750338201,0.33209597292863,0.181962300974949,0.0860011108050456,61.8,36.7
"Illinois",2012,17,0.59322034,0.54237288,0.431217616014076,0.235752176534634,0.0058224630019656,0.0050529486172997,0.948661654787004,0.400825426813364,1.52415886905997,-0.142070156466868,0.264577701179572,0.321530228017561,0.203696898764347,0.0763620095549839,57.5,40.7
"Illinois",2013,17,0.6779661,0.60169492,0.42871690333321,0.223994005295846,0.006321511556216,0.0056665715067742,0.814711822133302,0.647168677710227,1.59857894657083,-0.215523493810545,0.299742207916423,0.389661546050123,0.233134859579845,0.0987060990061269,57.5,40.7
"Illinois",2014,17,0.6779661,0.60169492,0.435230535829366,0.221417006231938,0.0064223173150651,0.0058538322220748,1.00031687089769,0.671731819132145,1.86843363228188,-0.161195217817274,0.286962780332193,0.375913167793293,0.294052603927572,0.0846283997561239,57.5,40.7
"Indiana",1946,18,0.36,0.13,0.385033691758011,0.364407845575546,0.0247177078016289,0.0249970588338763,-0.440816192725145,-0.105179216889747,-0.34940209752425,-0.0053061784100438,0.710036444449794,0.322564833575729,0.12549770373302,0.0653623102499266,NA,NA
"Indiana",1947,18,0.36,0.13,0.384170215988379,0.365907740668146,0.0220575405451183,0.0226326172397534,-0.547288027727565,-0.351913581453255,-0.360296092523873,-0.0527452787729626,0.716945930752357,0.311944026521561,0.126846300672792,0.0623041351253846,NA,NA
"Indiana",1948,18,0.42,0.6,0.383825823637026,0.367078220986348,0.0191585740748115,0.0199855169483252,-0.561800030497047,-0.351329728449495,-0.389028519684333,0.037799084795829,0.70947081753053,0.310910854978107,0.111382093190043,0.0577279738341748,NA,NA
"Indiana",1949,18,0.42,0.6,0.386861997842686,0.367480804836155,0.0180509707733852,0.0184663089727434,-0.500449246483522,-0.221461532823005,-0.382804534065025,-0.0683853092220287,0.736044563386361,0.307667629418821,0.133221216014931,0.0579064197916819,NA,NA
"Indiana",1950,18,0.48,0.31,0.390378390752517,0.369144703006299,0.016945520412119,0.0170867237430089,-0.558630896408098,-0.218051616114168,-0.14142331341909,-0.113805254903277,0.749234348729391,0.296747873541863,0.12823531242316,0.0823925865311979,NA,NA
"Indiana",1951,18,0.48,0.31,0.393523321244455,0.369912803550241,0.0163354939863045,0.0157395791402523,-0.655921127674386,-0.438482293679103,-0.37193771918919,-0.131216751661321,0.746813636307162,0.291226096500212,0.193183770938142,0.109658605359439,NA,NA
"Indiana",1952,18,0.2,0.19,0.398327454531239,0.370122273845678,0.0144683991880099,0.0141769785535877,-0.638073638064055,-0.504433990845794,-0.304186930457268,-0.184875409641216,0.735164813240003,0.310179450354118,0.126794905523692,0.083229852377002,NA,NA
"Indiana",1953,18,0.2,0.19,0.398087534095641,0.376751699514045,0.0131981542100195,0.0125434241292535,-0.625448034813436,-0.345748574618909,-0.193617583347086,-0.112797974624036,0.707175201082697,0.301852036860546,0.135801601507763,0.0867758489452403,NA,NA
"Indiana",1954,18,0.3,0.37,0.394416355601627,0.382588269333591,0.0123507276835091,0.0118691217192304,-0.676526148707215,-0.331671559540982,-0.256245604284649,-0.020573937900334,0.7711381555535,0.31685053836736,0.123114213387678,0.0784411345744446,NA,NA
"Indiana",1955,18,0.3,0.37,0.389388477086782,0.388170762133587,0.0119329134037239,0.0114686311802148,-0.700777859572452,-0.376156536081221,-0.196748854613473,0.0178493220253315,0.72831809288851,0.29701188939528,0.119351368640261,0.0703345315225312,NA,NA
"Indiana",1956,18,0.34,0.24,0.382673611894436,0.390576405109331,0.0109545385418725,0.0110873164984702,-0.700157116382707,-0.38642715909321,-0.346677757665764,-0.0677675725180274,0.704796435852743,0.293024449623963,0.108810499136709,0.0911482782994588,39.7,59.9
"Indiana",1957,18,0.34,0.24,0.382926107855908,0.389764556085194,0.0108728520934731,0.0109635092380646,-0.717213695157187,-0.685573355197553,-0.14974224042212,0.132137727510736,0.682624524939643,0.309422658007183,0.119897562035915,0.0787504431594944,NA,NA
"Indiana",1958,18,0.46,0.79,0.390789017876529,0.378296564980388,0.0110540988391694,0.0107719519406246,-0.704407216427195,-0.751675977205191,-0.408406588074022,-0.0075698602987233,0.709398767063802,0.313608027624978,0.0985805597495451,0.108392984691657,NA,NA
"Indiana",1959,18,0.46,0.79,0.395299304970003,0.360811300569157,0.0113037538724486,0.0114399123896823,-0.749701182524488,-0.774703910170848,-0.458922176531863,0.0351272322133078,0.701675600155109,0.303385466732772,0.0990708516976933,0.0798916835182681,NA,NA
"Indiana",1960,18,0.52,0.34,0.398031702585822,0.350894336942715,0.0113864575510141,0.0119946224612017,-0.832724053757022,-0.825407578935041,-0.47871297722216,-0.0482998247322051,0.725630166856792,0.291450018454215,0.113713792195944,0.116829771832687,44.6,55
"Indiana",1961,18,0.52,0.34,0.398487050817121,0.346524125271856,0.0110664695816413,0.0107070841206349,-0.713087869189954,-0.800709858175712,-0.534961953717978,0.275226084164805,0.670469889192365,0.297341436444549,0.0998542305053022,0.0943551071158131,44.6,55
"Indiana",1962,18,0.48,0.44,0.401238462076396,0.345288143759267,0.0105794194213069,0.0100396089617663,-0.770622451558444,-1.03262923116762,-0.608362615920934,0.0381252968346602,0.635634709969762,0.313691729318392,0.165373733646136,0.0980563152793338,44.6,55
"Indiana",1963,18,0.48,0.44,0.399758304068075,0.344406964559115,0.0105287482361939,0.010089894401925,-0.82087357823499,-0.62904293111397,-0.170981881211649,0.165150467155713,0.668320351811645,0.300690428987731,0.138466331436054,0.118559260615763,44.6,55
"Indiana",1964,18,0.7,0.78,0.403434882355214,0.343613080363193,0.0100199525341626,0.0099517024740261,-0.864443902920674,-0.338746540333376,-0.452910458722517,0.0867142993764037,0.7387023668274,0.305319889111385,0.113582155964685,0.0761383814436666,56,43.6
"Indiana",1965,18,0.7,0.78,0.402556282002861,0.34190538557068,0.0101803211661358,0.0097786930685519,-0.940658344112856,0.28295775219571,-0.310029754284829,0.112467789153687,0.652783764401658,0.313043991017084,0.114682500723648,0.0957729595636442,56,43.6
"Indiana",1966,18,0.58,0.34,0.393939531477306,0.340425997001196,0.0099031250481979,0.0096785810061507,-0.957289869308245,-0.222157206299907,-0.566962093425293,0.142426242630288,0.631964285428217,0.29053137529781,0.0830634717158116,0.100651492654032,56,43.6
"Indiana",1967,18,0.58,0.34,0.388556638928579,0.338586678360967,0.0098543824846469,0.0098856467921253,-0.374463629611668,-0.314678297073017,-0.446475613003456,0.112649967049512,0.517606149230477,0.311913237776592,0.118801499729232,0.111435436553885,56,43.6
"Indiana",1968,18,0.3,0.27,0.386158966608596,0.333876939811955,0.0096091765346988,0.0100102917829135,-0.402492908027945,-0.417735144862406,-0.472104380406427,0.143653887563575,0.502341784307158,0.324674470688238,0.105583073903874,0.105156167650695,38,50.3
"Indiana",1969,18,0.3,0.27,0.381833449490183,0.333355449497881,0.0100869056260993,0.0098178726826571,-0.528238607794697,-0.611562488608703,-0.490034910936412,0.201914216823433,0.506454291302641,0.326486103247026,0.132065662657391,0.124457474562459,38,50.3
"Indiana",1970,18,0.42,0.46,0.376343722695397,0.330567219039443,0.0106134421921791,0.0103990426784278,-0.581452209898943,-0.431779165992304,-0.338623126470438,0.160526723332343,0.508458094775259,0.33220789765568,0.150769274897984,0.159627485013374,38,50.3
"Indiana",1971,18,0.42,0.46,0.373695709071397,0.323055120795233,0.0106209186261555,0.0103854901712622,-0.145781958557528,-0.502552926195032,-0.409883557060382,0.106557243994542,0.486976996635719,0.33330988030438,0.136189740490344,0.125070954219713,38,50.3
"Indiana",1972,18,0.42,0.27,0.373447567483667,0.311986145545731,0.0102468583757506,0.0099461545068871,-0.472833557648948,-0.501278586646088,-0.229958164527304,0.0243191432775139,0.418588448737094,0.31692887395735,0.113615741783465,0.146759712595014,33.3,66.1
"Indiana",1973,18,0.42,0.27,0.377684975322976,0.303713969337883,0.0102383171417765,0.0100597140899717,-0.575284165407804,-0.384361942344959,-0.386467113955903,0.182908187821598,0.472383414758045,0.342313322007724,0.155757285169592,0.112780553754777,33.3,66.1
"Indiana",1974,18,0.46,0.56,0.384571524805731,0.294401343118018,0.0100704731898099,0.0098477381737168,-0.609654271834601,-0.214006013650158,-0.246473576026438,-0.134034364949005,0.475617529419958,0.323788264473519,0.131825527216097,0.128050515160661,33.3,66.1
"Indiana",1975,18,0.46,0.56,0.388997454632607,0.285896897547982,0.0103100230285325,0.0094817132392063,-0.624783550906306,-0.0257781431602771,-0.374507165127391,-0.109838728830828,0.464180854294921,0.323212796025395,0.132474071185403,0.127565922900847,33.3,66.1
"Indiana",1976,18,0.56,0.48,0.387833966484236,0.278716182561602,0.0098898078815725,0.0095239855692396,-0.638382465074982,-0.114235365331535,-0.251601352132973,-0.278622590330054,0.46975181687106,0.336036020793911,0.122731034393428,0.132477132954691,45.7,53.3
"Indiana",1977,18,0.56,0.48,0.389913265006641,0.273410966910409,0.0100418195530928,0.0091092045294801,0.0047834315746294,-0.272563453598155,-0.417064168932366,-0.323480281676778,0.441993135448114,0.326751720986503,0.133608383594399,0.165084971088179,45.7,53.3
"Indiana",1978,18,0.42,0.46,0.389198336268956,0.270408708150818,0.0088825340842536,0.0085621027338734,-0.0467172556841151,-0.283706463047936,-0.438125591445331,-0.370570426533806,0.409214623433887,0.309559391170486,0.129585508300418,0.164141917194244,45.7,53.3
"Indiana",1979,18,0.42,0.46,0.378742206475627,0.270380202152865,0.0088238551255407,0.0082823352158042,-0.0643928907334392,-0.35404529779314,-0.290379172799829,-0.328622977334679,0.401855324321269,0.332689459268628,0.116008963304836,0.197269068093432,45.7,53.3
"Indiana",1980,18,0.3,0.37,0.367623499326891,0.280847208634462,0.0086648214730541,0.0081251024319091,-0.22541085058003,-0.366613905750759,-0.494048527080999,-0.336029135864487,0.427342027976341,0.320482227421747,0.120765193033207,0.180476478813949,37.7,56
"Indiana",1981,18,0.3,0.37,0.35379885560349,0.293857081729182,0.008594231231716,0.0079336360732285,-0.310210711947004,-0.369204933763915,-0.406399551244252,-0.395618236349526,0.404937877198816,0.324794514869185,0.125254149196054,0.207652876179676,37.7,56
"Indiana",1982,18,0.36,0.43,0.349221914331702,0.298230710753611,0.0087695524760571,0.0081924438703319,-0.316870400090141,-0.331306610639157,-0.377208653272135,-0.451567778420626,0.38588264135835,0.350835546254807,0.143124546625237,0.196400125161969,37.7,56
"Indiana",1983,18,0.36,0.43,0.34647802219416,0.303084693240436,0.008967870722348,0.0083431929257297,0.363651749647327,-0.298649985769837,-0.30346388947153,-0.477522029255766,0.325274798330771,0.31813436250247,0.132956131084932,0.173955314912077,37.7,56
"Indiana",1984,18,0.4,0.39,0.33790308714949,0.30990693979527,0.0093582576650261,0.0083960825664643,0.217240380812651,-0.341541008238902,-0.30851604965173,-0.28806824510339,0.330005738275744,0.319414355620795,0.118978108402018,0.213082395013327,37.7,61.7
"Indiana",1985,18,0.4,0.39,0.332251047799135,0.316257774939655,0.0086581711484028,0.008618814234866,0.171810542323901,-0.453561154995425,-0.337997862669229,-0.390479323235209,0.326127815291962,0.320657444478515,0.153538521054428,0.187857404261852,37.7,61.7
"Indiana",1986,18,0.4,0.48,0.329071240969223,0.318837622314113,0.0083866532853801,0.0090087097138898,0.132710118154008,-0.512977162530732,-0.125344211308292,-0.152607245185165,0.324748501100616,0.321092534659273,0.163214271300202,0.177711029053769,37.7,61.7
"Indiana",1987,18,0.4,0.48,0.324124849704672,0.322389707030268,0.0080966667778502,0.0092123061718082,0.13558675359253,-0.504554410873348,-0.249926589129042,-0.273691429668215,0.317202108546537,0.332651188679141,0.130345384968786,0.136649577745782,37.7,61.7
"Indiana",1988,18,0.48,0.5,0.319485699702503,0.327326482322861,0.0084114149964064,0.0089626102534841,0.0769869734850843,-0.336897975011563,-0.1309382583851,0.0148291069613546,0.320628599259709,0.30903793002597,0.156658707500903,0.121927493516958,39.7,59.8
"Indiana",1989,18,0.48,0.5,0.315982877161118,0.328114679049041,0.0083504705416615,0.0087421394621531,0.131095835766905,-0.373706050830141,-0.218193698942177,0.0799502445964505,0.314878035276901,0.325649305202798,0.164872999961033,0.134221563023832,39.7,59.8
"Indiana",1990,18,0.48,0.52,0.313320010267795,0.329094399022365,0.0088263017499232,0.0091823238172385,0.123316174536871,-0.500781606415405,-0.129514398367029,0.126023033692118,0.319059780555122,0.31386833760223,0.164093156826535,0.101488857742493,39.7,59.8
"Indiana",1991,18,0.48,0.52,0.313724208334687,0.327847107747241,0.0086802540843228,0.0088924560170957,0.0727562199887834,-0.333728581414364,-0.122736077541985,-0.0343694022033706,0.300424032643612,0.346568902441722,0.176766453276763,0.103925549334938,39.7,59.8
"Indiana",1992,18,0.44,0.55,0.315473980689392,0.326532983567787,0.0084231741753799,0.0083109908103803,0.0597166470038252,-0.342770579511556,-0.0976458809110263,0.0174641325598491,0.298031045651215,0.327724964645258,0.160635630397216,0.0983564438771537,36.8,42.9
"Indiana",1993,18,0.44,0.55,0.315465425519324,0.323384813788244,0.0081111203092425,0.0078548789930865,0.0402298189788548,-0.355099748343522,0.0129372505549899,-0.208963996426055,0.295200137321126,0.359221142849396,0.181118468597794,0.110002485854231,36.8,42.9
"Indiana",1994,18,0.4,0.43,0.314496141118724,0.322443644585874,0.008244289563599,0.0085685737294612,-0.153560955929286,-0.329609610962022,-0.124848452608515,-0.285670543608614,0.33142084588699,0.371067281872144,0.150804285663671,0.135703760545105,36.8,42.9
"Indiana",1995,18,0.4,0.43,0.318175816345699,0.321729617726702,0.007854408099384,0.008464648490414,-0.164956131098098,-0.307959036292239,-0.079464116423052,-0.37297509565341,0.328603986312549,0.355402605064815,0.195308095476814,0.12247366156772,36.8,42.9
"Indiana",1996,18,0.38,0.5,0.319366896519098,0.321743270388568,0.0079692851792905,0.0086605351890231,-0.15621261230637,-0.466639880487453,0.117933117995303,-0.157220175533778,0.33349213231997,0.367220084414141,0.135097148216327,0.128925647527658,41.5,47.1
"Indiana",1997,18,0.38,0.5,0.319645849514123,0.323566235171332,0.0082192871164923,0.0087813811111483,-0.500106299998122,-0.471325520254526,0.0884672948470665,-0.252076829902288,0.34400324887199,0.41572156256286,0.179514131599137,0.143197169370959,41.5,47.1
"Indiana",1998,18,0.38,0.53,0.322551377357892,0.325743461054571,0.0078159003281313,0.008388610688817,-0.429683441148481,-0.683220648106649,0.0753328068447669,-0.214986809265549,0.322645133816445,0.370856781940551,0.15529250246342,0.123331410490094,41.5,47.1
"Indiana",1999,18,0.38,0.53,0.325450872267103,0.325104669203466,0.0077642304088713,0.0079794209890431,-0.441309382419257,-0.735950848097233,0.0791336978058549,-0.0728188534489892,0.326714484657306,0.377410043771112,0.192742292720489,0.150144823164866,41.5,47.1
"Indiana",2000,18,0.36,0.53,0.326801483302974,0.329694326140079,0.0070286880760708,0.0069543177198941,-0.624427140204852,-0.259262031975497,0.106030491001173,-0.275065014691945,0.341692560887913,0.372186139027277,0.159511703181355,0.10765524323013,41,56.6
"Indiana",2001,18,0.36,0.53,0.323291158829282,0.338196627510802,0.0075217137532162,0.0080341290487742,-0.509065597197602,-0.248124352743519,0.0834976789247217,-0.114808373492599,0.347765796314438,0.338827955253392,0.193731945680953,0.15836226999999,41,56.6
"Indiana",2002,18,0.36,0.51,0.321452275186898,0.345202993395391,0.0075365516392763,0.0077998411402489,-0.485064233592143,-0.419687985136264,0.0933036447333452,-0.230441386522743,0.351942085172409,0.37847030082098,0.176529379352914,0.11804339353658,41,56.6
"Indiana",2003,18,0.36,0.51,0.322690757853997,0.34857555344519,0.007381007836288,0.0076241761201173,-0.470119459170569,-0.128174539001389,0.0304511749081839,-0.0081248483345091,0.342462879596615,0.368605708017921,0.150951359203475,0.170290247127485,41,56.6
"Indiana",2004,18,0.34,0.48,0.325300009739037,0.345186040855183,0.0069234586640695,0.006673537402604,-0.545710829202992,-0.175561078556789,0.0890388559502186,-0.130872380816003,0.356057345524591,0.355082701931169,0.116489218807067,0.109561739882108,39.3,59.9
"Indiana",2005,18,0.34,0.48,0.331239468158896,0.339202839607116,0.0070929370578857,0.0071279108799867,-0.551592048217814,-0.192027334528827,0.0847689255515097,-0.133424693237399,0.342707237791223,0.358938351117664,0.124996473714096,0.120538785604373,39.3,59.9
"Indiana",2006,18,0.34,0.51,0.33375057241463,0.335293963852827,0.0063429142850136,0.0067807831294552,-0.7291805168483,-0.366612667549989,0.213823696106878,-0.108866531713856,0.349426566897433,0.334124204589534,0.118071592373821,0.106683205008824,39.3,59.9
"Indiana",2007,18,0.34,0.51,0.336038112171339,0.330097541427565,0.0064875756494907,0.0067758953811682,-0.752230686259917,-0.378733660854307,0.206356917832834,-0.0925384089907053,0.354056733313646,0.33623832598313,0.122361553550487,0.0990399351942476,39.3,59.9
"Indiana",2008,18,0.34,0.52,0.34118207672255,0.324359703010552,0.0058970813810752,0.0063386538445009,-0.809697889886204,-0.0590006062412051,0.269890810206596,-0.0309656098481013,0.363091704279078,0.339364356543536,0.152589343926091,0.0961214250441447,49.8,48.8
"Indiana",2009,18,0.34,0.52,0.336483722949548,0.316137412269888,0.0062712552782982,0.006589551891681,-0.809658172164349,0.160507743867833,-0.0251815271217719,-0.198462294489721,0.346311884010602,0.320250752875635,0.153119173179972,0.0735214015976439,49.8,48.8
"Indiana",2010,18,0.26,0.4,0.333461755794622,0.314771591543747,0.0064456000894352,0.006500081213475,-0.846733825283948,0.113019663027713,0.51558965325633,-0.327211867993982,0.365368718926427,0.310334678414442,0.172999040440785,0.0867691500118953,49.8,48.8
"Indiana",2011,18,0.26,0.4,0.337625564593158,0.311026963993336,0.0069279955855596,0.0067513485146888,-0.867872775596592,0.150364370317109,0.45108058351921,-0.38388181808634,0.340738163324255,0.331889406276255,0.181801496739869,0.104136983792005,49.8,48.8
"Indiana",2012,18,0.26,0.4,0.33879081451146,0.308566678423649,0.0068561986296637,0.0064796805949265,-0.745370139373534,-0.177459010605091,0.66553243490389,-0.414009480940133,0.359370105006269,0.36005711688166,0.181040739850985,0.101948746820683,43.8,54
"Indiana",2013,18,0.26,0.31,0.333699829257601,0.305752995701002,0.0071560472359969,0.0070052856009613,-0.702131404213976,-0.432311533080587,0.704479367870021,-0.534092308695993,0.342070218343978,0.404849988416383,0.217706433013315,0.126900098729766,43.8,54
"Indiana",2014,18,0.26,0.31,0.33581575760888,0.305160952828936,0.0077254549686552,0.0078503133554597,-0.695202889562441,-0.324142760592102,0.802728443474971,-0.538310055124652,0.326619548503384,0.436447456225934,0.248946419499627,0.109019535114139,43.8,54
"Iowa",1946,19,0.08,0.0925926,0.37815005315882,0.417777297262562,0.0257068834176195,0.0260319815280412,0.28813814848977,-0.503363677892415,-0.441103346908807,-0.103982071709342,0.590178097000726,0.301083219404782,0.130672849455438,0.0723168878587931,NA,NA
"Iowa",1947,19,0.08,0.0925926,0.377666592016663,0.41907659075754,0.0232452821793083,0.0236088366809771,0.263013051059615,-0.515859398014169,-0.366189659498206,-0.0372553343367058,0.563064501331709,0.292488693314395,0.135279122418302,0.0687304831847073,NA,NA
"Iowa",1948,19,0.14,0.2685185,0.377342444331314,0.420346189630694,0.0209839970768045,0.0207858401124027,0.21041999234504,-0.68273709754994,-0.421259235869929,-0.0239040311946271,0.557429720729887,0.31269728044534,0.117618675385069,0.0681784945859906,NA,NA
"Iowa",1949,19,0.14,0.2685185,0.378362352485567,0.421613107164148,0.0199056891946861,0.0192551887116253,0.226945297972695,-0.471038641686608,-0.24380427643985,-0.051769981196339,0.57695584722827,0.310098786636201,0.140950044431654,0.0627582504212206,NA,NA
"Iowa",1950,19,0.18,0.1388889,0.378773776285761,0.423249440158051,0.0188532240158913,0.0189218576213111,0.146888762742925,-0.403593620226928,-0.111176714838823,-0.0371437766961188,0.562254280088117,0.301110621804568,0.150813785960654,0.0939584769622631,NA,NA
"Iowa",1951,19,0.18,0.1388889,0.378663404852191,0.424143476955194,0.0175908449006729,0.0175836849488951,0.123227552317351,-0.454900387293589,-0.283201470230166,-0.0693371474368055,0.574923033518042,0.297448546541519,0.201701487392027,0.105408958182066,NA,NA
"Iowa",1952,19,0.08,0.0277778,0.37992822119429,0.423349554031548,0.0151915773361185,0.0155612992587515,0.115478966999361,-0.456052385467144,-0.215658234020616,-0.0141833245181686,0.59213246618074,0.314850579076255,0.141691218951493,0.08330992293447,NA,NA
"Iowa",1953,19,0.08,0.0277778,0.373199718077731,0.428848175682927,0.0136625737022213,0.0138852564163093,0.109638564467593,-0.397989110192975,-0.0865754787595282,0.0016777129110251,0.537496627228273,0.285883445636548,0.148740342843871,0.0966064160231944,NA,NA
"Iowa",1954,19,0.12,0.1666667,0.370036971242939,0.436505703655759,0.0133354830134613,0.0134294469104141,0.0769798955296237,-0.547352062288557,-0.204582168483126,-0.0852247603313961,0.576764732627201,0.311004958678157,0.128844328242118,0.0872449910436438,NA,NA
"Iowa",1955,19,0.12,0.1666667,0.371612445131306,0.439439773382559,0.0127009004494549,0.0123623086374408,0.0556825023772711,-0.601185947543094,-0.136953945183441,0.102261989033142,0.568813029104646,0.293044404955837,0.129283271514651,0.072759497474858,NA,NA
"Iowa",1956,19,0.2,0.3425926,0.377446039772643,0.433296954087405,0.0117300098954803,0.012050374124078,0.0367244632383625,-0.466483576738195,-0.450036402023874,-0.0537645486692088,0.532530018301391,0.307008450463045,0.104882380778114,0.0917862160866209,40.7,59.1
"Iowa",1957,19,0.2,0.3425926,0.380649325755945,0.428074519080026,0.0123997097514312,0.0119201479136469,0.0178348555623389,-0.699854386030606,-0.219436097641759,-0.0292023529545154,0.555012578889509,0.312206550184519,0.13497489195957,0.0935909336871523,NA,NA
"Iowa",1958,19,0.34,0.462963,0.387151929457343,0.419127629621821,0.0128686137182866,0.0120796082673934,-0.0269732675848955,-0.587195620830615,-0.203825455666698,-0.167096475089948,0.532087557600854,0.29844974752684,0.115895678069046,0.116526122636358,NA,NA
"Iowa",1959,19,0.34,0.462963,0.393345588694535,0.408279850833289,0.01340568551371,0.0127614195925817,0.0036515889898427,-0.657887922693563,-0.165736499059664,0.0131942176510879,0.505242827486277,0.307645217603422,0.115113682320105,0.0987622212403498,NA,NA
"Iowa",1960,19,0.3,0.2777778,0.401020042415903,0.396310565800583,0.0135217859873881,0.0127357294665208,-0.0960217361180041,-0.259071726191531,-0.20088892526018,0.198969267315426,0.535765046977203,0.30360549985319,0.126430231580962,0.105989314966056,43.2,56.7
"Iowa",1961,19,0.3,0.2777778,0.408310851603831,0.382258736866197,0.0124642737030344,0.0117853059351959,-0.0770624836442325,-0.476073653198692,-0.376789748592826,0.0172625288670122,0.526392375860156,0.301748732328448,0.117301672034153,0.104613749038526,43.2,56.7
"Iowa",1962,19,0.24,0.2685185,0.412596100038511,0.372135679339959,0.01209669423766,0.0115205626439848,-0.107479635478873,-0.299085345062524,-0.324011851727686,-0.0667257939823191,0.512564607330055,0.289603666722596,0.165817699681802,0.1072357160625,43.2,56.7
"Iowa",1963,19,0.24,0.2685185,0.410912912850379,0.367102684432347,0.0112607280597244,0.0112612843197985,-0.0799217801409709,-0.309813472036657,-0.319798248160412,0.119677177825468,0.534414743312526,0.289912907751568,0.125893348551886,0.128690030501669,43.2,56.7
"Iowa",1964,19,0.5762712,0.8145161,0.405384504100536,0.3654536796268,0.0119388996288173,0.0109843955383287,-0.199348952286,-0.283104446539213,-0.207331093243692,0.0086311703449568,0.510556421947136,0.30883203370582,0.123792016534352,0.0865536364129956,61.9,37.9
"Iowa",1965,19,0.5762712,0.8145161,0.395513884773201,0.365759292841088,0.0110314983738773,0.010571042248249,-0.0830486428225856,-0.301676384765412,-0.375373627180302,-0.0168377242709204,0.485214139175181,0.298967446282041,0.120721851963249,0.119020789198939,61.9,37.9
"Iowa",1966,19,0.5245901,0.2822581,0.38477111125891,0.368501362330027,0.0105730359505938,0.0102410816754304,-0.133987484999525,-0.772277352615861,-0.326545021435529,-0.109169497739156,0.459315081135773,0.33123310074036,0.101580778656909,0.120755135783624,61.9,37.9
"Iowa",1967,19,0.5245901,0.2822581,0.371024799084943,0.370687319549909,0.011103416172909,0.0108874927668892,-0.144706014736348,0.169298064954629,-0.342282458240866,-0.148647965510264,0.468721473796118,0.326749720689514,0.122280958726024,0.117467259086663,61.9,37.9
"Iowa",1968,19,0.2622951,0.3064516,0.363748811141329,0.370413923136664,0.0111345849556663,0.0111514372970377,-0.230518066543996,0.0061031141983804,-0.382158008022647,-0.0988041502741795,0.438459374406291,0.320904268600302,0.123946578111543,0.110973184524445,40.8,53
"Iowa",1969,19,0.2622951,0.3064516,0.35789809988512,0.366520537473659,0.011175435502524,0.0115060058094379,-0.304140344328429,-0.0269782159569453,-0.359114373434007,0.0788111467384663,0.440899964984201,0.319068415144685,0.126469264856577,0.140468358714458,40.8,53
"Iowa",1970,19,0.24,0.37,0.356180939161858,0.359916214993756,0.0114454698286858,0.0119092038654469,0.062137597606004,-0.132465240139911,-0.267455422036457,0.0384807971535559,0.420858015534307,0.342903341989068,0.159070162648247,0.189273888660184,40.8,53
"Iowa",1971,19,0.24,0.37,0.355849391804939,0.348241092540464,0.01180518364044,0.0120366133726216,-0.093554367812908,-0.155596297556748,-0.307669793724169,0.0307597627765509,0.403178982597139,0.307914727542918,0.142849181581407,0.149066388637038,40.8,53
"Iowa",1972,19,0.44,0.44,0.355271416532885,0.340834438527011,0.0122950298656458,0.0121347078428995,-0.0338638618822917,0.0560757532514151,-0.376554341013413,-0.0527551287273141,0.391855120121124,0.314510621186579,0.126223395321084,0.164514674104514,40.5,57.6
"Iowa",1973,19,0.44,0.44,0.357644441941936,0.331489852640937,0.0117872278561455,0.0112524566851625,0.345273678455111,-0.344015849435157,-0.368115576920362,0.020676110339583,0.419012674068305,0.344383889728854,0.148673994221258,0.128217021335778,40.5,57.6
"Iowa",1974,19,0.52,0.6,0.361690754473876,0.322276757798564,0.0114385983087672,0.011050952980664,0.292794767116535,-0.074533426798799,-0.262547129528303,-0.287296113112836,0.404406374844921,0.31220696471039,0.135148617514195,0.138345436305588,40.5,57.6
"Iowa",1975,19,0.52,0.6,0.364496537874859,0.314639526208276,0.0110438735899405,0.0108664519594235,0.271932915499471,0.0071927396033407,-0.334881989147676,-0.349392904805282,0.389443864686941,0.312393265203894,0.130416928485119,0.164182634566154,40.5,57.6
"Iowa",1976,19,0.52,0.59,0.36076294510116,0.311752939381451,0.0109115215447956,0.0101303182554677,0.220510700642711,0.0181731466461565,-0.200259408551907,-0.363708400841786,0.357166896151234,0.307666497608141,0.123799760659516,0.147247487637851,48.5,49.5
"Iowa",1977,19,0.52,0.59,0.363596917686543,0.307565426307762,0.0107938296568424,0.0102858405511379,0.347837787984198,0.173726123451679,-0.338665727072127,-0.447199518600561,0.385506725330874,0.306795790976789,0.13680800423331,0.183032089071007,48.5,49.5
"Iowa",1978,19,0.44,0.44,0.366033150259539,0.30048520239501,0.0105212607167604,0.0100650189664971,0.292413603734234,0.232470132358882,-0.375753269151214,-0.294500889445127,0.39801155156158,0.287965125421452,0.133999102088601,0.177496092510102,48.5,49.5
"Iowa",1979,19,0.44,0.44,0.358815371524998,0.298500362620421,0.0110801312731878,0.0100476963582776,0.234523448587485,0.357905491368005,-0.177723422165401,-0.322839766115315,0.381058010169619,0.292366894274478,0.145061913964547,0.214277445268711,48.5,49.5
"Iowa",1980,19,0.44,0.42,0.349234213354841,0.296003613098912,0.0105757214192384,0.0095412006085731,0.192209604844324,0.298526745501694,-0.347831569765975,-0.384226209042309,0.390619751635634,0.303708963670656,0.13191928413772,0.198880160059234,38.6,51.3
"Iowa",1981,19,0.44,0.42,0.341750178654887,0.296717380309889,0.0106246441233399,0.0098084611872376,0.1311515536095,0.35822232743441,-0.308699019371402,-0.327282339244002,0.372906749739816,0.333375622110422,0.134292040871304,0.227553534414039,38.6,51.3
"Iowa",1982,19,0.56,0.6,0.338037256986731,0.294882876179166,0.0104319689019563,0.0097836360141212,0.101761886974845,0.497158406754144,-0.270856962563749,-0.464412825136191,0.365061064716787,0.310281395146836,0.14185412563574,0.219209911389986,38.6,51.3
"Iowa",1983,19,0.56,0.6,0.335159435435682,0.293735881469759,0.0102183471371641,0.0097497231702688,0.0474007093067066,0.453082937759145,-0.0977049090922649,-0.357358990631224,0.360598384996106,0.310481915845837,0.134424300400724,0.200669886705601,38.6,51.3
"Iowa",1984,19,0.58,0.6,0.332638729660676,0.291935531666378,0.0105692612032119,0.0099584991228789,0.0226781544039901,0.517871060832727,-0.0673952991334151,-0.253647036518449,0.377741723308418,0.313468996543819,0.137912005019137,0.199592950790328,45.9,53.3
"Iowa",1985,19,0.58,0.6,0.330914963463862,0.288413181741229,0.0107229318017316,0.0097889268380941,0.155126605806695,0.406240242252802,-0.0452609773683699,-0.287050738263081,0.380929871602887,0.299247525065401,0.158601120899287,0.185120932415466,45.9,53.3
"Iowa",1986,19,0.6,0.58,0.329099832152974,0.282163469743703,0.0107575093864214,0.0098378177529105,0.133213846975942,0.423245443381318,0.0048341469863714,-0.122523650885034,0.363244245906308,0.307197653261938,0.157193595184931,0.183415812021396,45.9,53.3
"Iowa",1987,19,0.6,0.58,0.331504433659823,0.280133593088935,0.0107921439720174,0.0100853923396937,0.0991743609942301,0.484465445241103,0.0385125006013659,-0.15567110513887,0.34607168577768,0.311953538088449,0.150120900950719,0.130839387613961,45.9,53.3
"Iowa",1988,19,0.6,0.61,0.329792591262967,0.283495886910386,0.0103689136887808,0.0099229907077582,0.0622467559834334,0.473085237143682,0.0487737836996764,-0.114741771996444,0.33266481912699,0.315167234814876,0.158770670829638,0.128725010766683,54.7,44.5
"Iowa",1989,19,0.6,0.61,0.330661442635748,0.283270532883988,0.0103320552026502,0.0098960070722687,0.379964816493812,0.414186562466686,0.0700303692290688,0.0200247027194271,0.317781120027149,0.310648532179535,0.182632923358663,0.127193669310093,54.7,44.5
"Iowa",1990,19,0.56,0.55,0.330776964296967,0.286663345942602,0.0101926744814189,0.009661183737309,0.729831114426505,0.857176967380863,0.130123342172236,-0.0071052482012338,0.295571962785195,0.317699297976212,0.170267025492069,0.124976194778875,54.7,44.5
"Iowa",1991,19,0.56,0.55,0.328799088564268,0.289372028580561,0.010608944758979,0.0098382474841829,0.717077286852304,0.602860383114471,0.208806012262443,0.0388650541353994,0.289290648008043,0.314985716081015,0.194980386363348,0.106928672509686,54.7,44.5
"Iowa",1992,19,0.54,0.49,0.3281818713387,0.2920137134121,0.0103636027255577,0.0098202762117034,0.67565615881894,0.72601183211423,0.271580634311688,-0.0256285754579482,0.296679773669165,0.311308586544646,0.18427227492684,0.109849165093294,43.3,37.3
"Iowa",1993,19,0.54,0.49,0.327343331064132,0.289374302295996,0.0101099882344753,0.0098390802342032,0.64522382077132,0.813153636116954,0.442058951124183,-0.244511483571044,0.287805279741186,0.337884028138874,0.188099059507987,0.104631318629118,43.3,37.3
"Iowa",1994,19,0.54,0.36,0.323367037368856,0.291353643316853,0.0100614922606104,0.0095921333858169,0.614093067506721,0.763590238866806,0.377778051126093,-0.335201588342599,0.317895321868825,0.338193295116492,0.168790020145661,0.150538144244389,43.3,37.3
"Iowa",1995,19,0.54,0.36,0.32141713121918,0.293549651112274,0.0097019796451727,0.0096780562936424,0.610729092977946,0.689289921418623,0.393925548863664,-0.41031754370046,0.319687193257911,0.346308480426581,0.199041824338822,0.121733474013221,43.3,37.3
"Iowa",1996,19,0.42,0.46,0.319925835141326,0.291951752011821,0.0099407943372886,0.0096571291345109,0.509666667088726,0.442011453527994,0.477839918910965,-0.294171446569214,0.31821591608197,0.326861776800105,0.158664969707719,0.163555545866617,50.3,39.9
"Iowa",1997,19,0.42,0.46,0.318816067180837,0.290719423670695,0.010143471470165,0.0091837174731805,0.548233377593156,0.267384844731702,0.395786618689584,-0.28207104826941,0.319167421800933,0.366656622288454,0.185110730973157,0.136043506410987,50.3,39.9
"Iowa",1998,19,0.4,0.44,0.318600138428438,0.290928689190826,0.0098463846260618,0.0092168320146743,0.502757589757676,0.0166032147021579,0.353998603294391,-0.285226625611621,0.309424132473941,0.327852181027355,0.173157386970672,0.137141718229435,50.3,39.9
"Iowa",1999,19,0.4,0.44,0.317846552109321,0.291445646321008,0.009398970220383,0.0087113120919764,0.568849237836982,-0.0271005062331138,0.305114161682211,-0.116481349983582,0.302347415380194,0.353847196126902,0.204378999775066,0.149248065977969,50.3,39.9
"Iowa",2000,19,0.4,0.44,0.318296323269925,0.294815132720354,0.0085925742200929,0.008404605488991,0.575826542219833,0.005590009007511,0.276896692298444,-0.33881040331262,0.305108446497532,0.338600390672805,0.172055377811326,0.111891023772547,48.5,48.2
"Iowa",2001,19,0.4,0.44,0.320495729622533,0.29476856292442,0.0091923851721464,0.0091763977211585,0.525795452633087,0.0703421701299431,0.322299197590982,-0.14018560588841,0.311011857784288,0.33495384509215,0.195974255376184,0.156462356751067,48.5,48.2
"Iowa",2002,19,0.42,0.46,0.320413097756426,0.294538187724776,0.0093181614704319,0.0089184642749386,0.539786672431009,-0.004676673696924,0.335623592150577,-0.268090746824038,0.284681997213442,0.33749519222108,0.193288690876496,0.148825758031078,48.5,48.2
"Iowa",2003,19,0.42,0.46,0.322026441764943,0.295650767881759,0.0090165706506947,0.0087218980475545,0.517323783678129,-0.0402440795260672,0.248512476591926,-0.0400639506415486,0.3046387853967,0.343864172485692,0.167572420493459,0.170234981730054,48.5,48.2
"Iowa",2004,19,0.5,0.49,0.32455813948433,0.295137582309005,0.0086252703823277,0.007745985009499,0.457089608503991,-0.0968388952540792,0.319686465076131,-0.107271283968193,0.306111927622133,0.335123794624358,0.12645083175147,0.127705330745095,49.2,49.9
"Iowa",2005,19,0.5,0.49,0.323532541681374,0.298167890771783,0.008034406103374,0.0080029295643773,0.456796357790097,-0.151821004003417,0.359815026515127,-0.170829077559687,0.301594855283665,0.3459767710891,0.139924280455808,0.122119884751324,49.2,49.9
"Iowa",2006,19,0.6,0.54,0.325759796811332,0.299811313029301,0.008003939163958,0.0081356398646121,0.426007680352514,-0.211993173160527,0.482272888999772,-0.134178328047487,0.306926184693274,0.310649744230621,0.128132117668687,0.109497042045321,49.2,49.9
"Iowa",2007,19,0.6,0.54,0.33057740752846,0.297769002912717,0.0085811697670422,0.0082533826552544,0.867984883301261,-0.123459131875192,0.618854823525778,-0.16983091705259,0.272500313965011,0.331144832676069,0.147490928683321,0.118402291355694,49.2,49.9
"Iowa",2008,19,0.64,0.56,0.334151113334227,0.299018495518854,0.0083899007381154,0.0080862092544595,0.932620379453435,-0.0057029181952009,0.786799356594064,-0.219701213689191,0.264217177345313,0.308756175327734,0.173663423644148,0.0968692963412529,53.9,44.4
"Iowa",2009,19,0.64,0.56,0.331560999898521,0.292951968315068,0.0083670582755309,0.0082616881798633,1.0856086490889,0.434929653306541,0.600900520292983,-0.360010286098418,0.249330175479638,0.286439100009629,0.173173221764721,0.0946491124198072,53.9,44.4
"Iowa",2010,19,0.52,0.4,0.327564717415234,0.287626547569473,0.0081882164774418,0.0081021703572953,1.01654265107875,0.442403751803403,1.01046201560607,-0.420627036954619,0.2560436801014,0.29433519149517,0.193649460935658,0.101697241372699,53.9,44.4
"Iowa",2011,19,0.52,0.4,0.328743576464363,0.280565044370781,0.0085686514814944,0.0080243510549919,0.995466638385252,0.451272303383024,0.946416151274256,-0.432498550249968,0.271072883512802,0.314573221187133,0.196400752435634,0.106144694432765,53.9,44.4
"Iowa",2012,19,0.52,0.4,0.330642730009346,0.279422990427426,0.0085534268387709,0.0079875617636875,0.998724363047073,0.407534971224559,1.24946833107805,-0.441441075277908,0.280655342366417,0.303083126731553,0.216526857370084,0.117585923146587,52,46.2
"Iowa",2013,19,0.52,0.47,0.329957861249017,0.272574794596593,0.0099649360445796,0.0090746123242615,0.835847819223346,0.0921798111523923,1.34312289532398,-0.595793408954721,0.305815082119664,0.354505835502159,0.260757214946629,0.134410971426468,52,46.2
"Iowa",2014,19,0.52,0.47,0.329441487810372,0.274442378665287,0.0106008891178038,0.0100807254000495,0.882799944229226,0.0966679188626484,1.59158035854385,-0.615013679385818,0.301414855348158,0.387852792445731,0.296308438593105,0.142748754175668,52,46.2
"Kansas",1946,20,0.025,0.136,0.397775451281384,0.409703973598129,0.0291013994893377,0.0283972447188992,-0.3932910302363,0.0597215778983936,-0.538751406612644,-0.100654349191531,0.692538917766599,0.292682212228135,0.138019545093775,0.0888139401969617,NA,NA
"Kansas",1947,20,0.025,0.136,0.397781429102882,0.410558484253157,0.0274276839605791,0.0273002522302956,-0.48919399445952,0.137934714246908,-0.258071812780403,0.0464854477235561,0.71092378360141,0.303034149623746,0.136949071366497,0.0874543895185562,NA,NA
"Kansas",1948,20,0.15,0.24,0.396811175861885,0.412251314524764,0.0243812021616893,0.0247532492124302,-0.579331328343991,0.0880122093946069,-0.529429322814536,-0.047931252502351,0.726538817395521,0.297999186925209,0.116293794778661,0.0727853628542379,NA,NA
"Kansas",1949,20,0.15,0.24,0.396033653572003,0.416041199504772,0.0234431939504814,0.0231472868165818,-0.516147606084165,0.331192475641803,-0.505181568925765,-0.0531624920116037,0.716966084837699,0.279677834917565,0.139324373608141,0.0710640842218969,NA,NA
"Kansas",1950,20,0.15,0.16,0.39544993165109,0.418364189223551,0.0225435339475371,0.021912247861791,-0.491200454617773,0.112566768804477,-0.389028914817687,-0.170445434779301,0.681774581053124,0.295631496253004,0.140519166441918,0.0897419201630205,NA,NA
"Kansas",1951,20,0.15,0.16,0.397501534319045,0.419037316147798,0.0206538217517285,0.0200975088725629,-0.551409275351147,0.0514237622127273,-0.452358057757625,-0.0860150946038257,0.743360157413825,0.286186975568245,0.197674316985934,0.116869763107675,NA,NA
"Kansas",1952,20,0.125,0.16,0.399091506803949,0.419826111123328,0.0186382279640368,0.0182769075324885,-0.609192073676767,0.0895910721112687,-0.350380253579123,-0.0917036088054007,0.762307299171796,0.286819201764311,0.164081394776005,0.0929131699667055,NA,NA
"Kansas",1953,20,0.125,0.16,0.400259360384712,0.420672973320122,0.0171500822617105,0.0168347615153939,-0.667107329249711,0.320182412022758,-0.31015722274462,-0.113732364113298,0.738552881547927,0.288249094609341,0.156350212595178,0.0964088471866753,NA,NA
"Kansas",1954,20,0.125,0.288,0.396681209710508,0.424075181415486,0.016047418042193,0.0157009314714514,-0.631699550513385,0.248245893405278,-0.433673149281601,-0.0008883553156591,0.712806495479188,0.300915001796253,0.113031546719996,0.0741741936705039,NA,NA
"Kansas",1955,20,0.125,0.288,0.396639247648094,0.419059867982761,0.0160596956831077,0.0157855964002091,-0.653576943473229,0.245853709576199,-0.281822294395027,0.0307337966472716,0.734368279690298,0.281719748519534,0.146767304847963,0.089624819907009,NA,NA
"Kansas",1956,20,0.2,0.336,0.397996690285756,0.410112299482966,0.0164123612693831,0.0161382759447807,-0.745897132692152,0.267882689430608,-0.484910248749581,0.0587240485056463,0.721699622888017,0.284637940177066,0.138636651812103,0.112161397410004,34.2,65.4
"Kansas",1957,20,0.2,0.336,0.400519705643903,0.399599114251021,0.0160910744975875,0.01579539621996,-0.733799288924992,0.13176420709415,-0.364187493975874,0.108237218244624,0.717360176932596,0.268259277125978,0.16036607901033,0.108018166813755,NA,NA
"Kansas",1958,20,0.2,0.448,0.399307883238905,0.393273308954774,0.0159128215638193,0.0153703648677796,-0.726562207962216,0.0512874856977707,-0.357022917404114,-0.0736326333569031,0.695626972214489,0.284889374416581,0.128448501403752,0.130784057501878,NA,NA
"Kansas",1959,20,0.2,0.448,0.4008178385295,0.384768674356744,0.0156539457232151,0.0151454760367059,-0.794538395040533,0.0248660671614311,-0.46024896984206,-0.103684320195305,0.721053371990441,0.269212952590008,0.137990426748417,0.129394623739279,NA,NA
"Kansas",1960,20,0.2,0.344,0.39922966302506,0.378607125726796,0.0150861135052363,0.0141558261636634,-0.774473540947659,0.0272612093874378,-0.407082709671201,0.0377698670973203,0.713230351459188,0.273920446949304,0.142208161365838,0.140897480155612,39.1,60.4
"Kansas",1961,20,0.2,0.344,0.3983344299303,0.373504819283068,0.0153389043894821,0.013954676435489,-0.740996743172289,0.121546849401619,-0.468535555436748,0.191012207578735,0.693651258092256,0.274111939868379,0.130273973367543,0.1109035469223,39.1,60.4
"Kansas",1962,20,0.2,0.288,0.400133613583446,0.368356983260066,0.0143285593365791,0.0136317555675021,-0.785292784879027,0.118058140384045,-0.493557815658667,-0.0349833054284635,0.686249185647371,0.284178321474974,0.184627219112778,0.117802377555271,39.1,60.4
"Kansas",1963,20,0.2,0.288,0.39800813617085,0.364906876903496,0.013297407710861,0.0128903842664173,-0.791144494153656,0.256744708049769,-0.349489132503162,0.140129795401733,0.67401396939994,0.267652826626548,0.130333593287933,0.130729684227359,39.1,60.4
"Kansas",1964,20,0.325,0.352,0.397154228858691,0.363085609568144,0.0134640127796369,0.013018087662728,-0.848668796571303,0.23693068698639,-0.458287039377735,-0.0100645383056879,0.671394626823586,0.272747018403348,0.128879202055727,0.0944885275524181,54.1,45.1
"Kansas",1965,20,0.325,0.352,0.395544744354289,0.358912063764054,0.0138169936387066,0.0130048101027566,-0.890686461965475,0.226186620107969,-0.480223012463306,0.111514753386953,0.665946799355087,0.279182446690192,0.116403238128571,0.104447972635909,54.1,45.1
"Kansas",1966,20,0.325,0.392,0.38880677676855,0.35655397641812,0.013254453534975,0.0126908838731552,-0.901509671263883,0.183005807373481,-0.622307365205095,-0.0518915584536909,0.624075954274187,0.290822156131217,0.101620682801052,0.1155295521645,54.1,45.1
"Kansas",1967,20,0.325,0.392,0.382507626525695,0.356321241209043,0.0130412524724345,0.0122293324127018,-1.0120990365319,0.128936402668899,-0.489638666748264,0.0176124006560869,0.62843413494521,0.314937766280477,0.142195446493146,0.123958360114293,54.1,45.1
"Kansas",1968,20,0.2,0.304,0.379021715777517,0.356888313817013,0.0127698473911979,0.012050709221373,-1.09489063198855,-0.239982874798615,-0.505558410020195,0.0246349117052797,0.642762971547786,0.310046863155882,0.137532993325597,0.132505118552931,34.7,54.8
"Kansas",1969,20,0.2,0.304,0.375084121269738,0.356805495743973,0.0127493356287432,0.0123574749691521,-1.07065797017875,-0.109403061556772,-0.327461689439846,0.237474342077599,0.587213029705633,0.326858783695781,0.146980338068774,0.141472252740532,34.7,54.8
"Kansas",1970,20,0.2,0.328,0.371088008598742,0.35385819942863,0.01340931569668,0.0125727489337552,-1.13698583088735,-0.332072797520138,-0.355379114887505,0.185520460132003,0.582779739868404,0.315171441524872,0.154951588273092,0.206679349963202,34.7,54.8
"Kansas",1971,20,0.2,0.328,0.368841513089528,0.349397572107275,0.0132898538105967,0.0126365255296364,-0.708370728866145,-0.462098494301918,-0.239430936963073,0.108428337595652,0.487020277012905,0.313547268455419,0.160814085911697,0.151657673477398,34.7,54.8
"Kansas",1972,20,0.325,0.36,0.365256461614206,0.346342819121656,0.0133131381206627,0.0130530184507393,-0.0535733363542234,-0.335821982097705,-0.313724183581182,0.0653813692979131,0.408665992500389,0.300275991443472,0.135915793763467,0.184449829740412,29.5,67.7
"Kansas",1973,20,0.325,0.36,0.361573546262557,0.343704896754032,0.0130545636462898,0.0128202576569222,-0.129025121185834,-0.25670749114849,-0.414049198456322,0.159709217768968,0.439250067155874,0.313223138686406,0.159529757306872,0.129119337989574,29.5,67.7
"Kansas",1974,20,0.325,0.424,0.358224601675382,0.341141250916059,0.0131058599175742,0.0123326095931801,-0.158877050811612,-0.210726116054914,-0.296900808490351,-0.196807512394683,0.43144895188147,0.316220923533954,0.144210593284889,0.155880194770126,29.5,67.7
"Kansas",1975,20,0.325,0.424,0.354064530846833,0.339041701543592,0.0123710831172131,0.0122245981707854,-0.220323722285155,-0.184007010545322,-0.414491993304536,-0.180988894050037,0.41854327167195,0.314018909358007,0.151540916198554,0.177912994291726,29.5,67.7
"Kansas",1976,20,0.475,0.52,0.350118794350456,0.337165953055077,0.0118864556645647,0.0117427640834443,-0.251520619288241,-0.168065264978336,-0.251877965832145,-0.463728645756419,0.431307313872044,0.321474188555567,0.129179107405579,0.161908046647592,44.9,52.5
"Kansas",1977,20,0.475,0.52,0.347243414340935,0.33774667648864,0.0118175345865602,0.0120021844034713,-0.249445212316341,-0.307130656826572,-0.368261746481361,-0.384421536868218,0.416460488389299,0.310311012759124,0.139027832846254,0.221608475046644,44.9,52.5
"Kansas",1978,20,0.475,0.448,0.344361024847725,0.33898441362134,0.0116639722629035,0.0116140843478872,-0.32154989412014,-0.18906788030997,-0.380692062031958,-0.462599741481831,0.436679796818009,0.303964990045779,0.145513486620392,0.18793303164142,44.9,52.5
"Kansas",1979,20,0.475,0.448,0.340671018902133,0.340106584310872,0.0110691282640855,0.0115017887162816,-0.32328945499412,-0.186003606635115,-0.21766826092321,-0.321347765333519,0.427059433533657,0.330961307041947,0.138449020665137,0.228420498215919,44.9,52.5
"Kansas",1980,20,0.4,0.424,0.337455095465246,0.343906998871325,0.0109330797849553,0.0114480331612082,-0.351677720298616,-0.241926077546896,-0.296072169394175,-0.456853884202079,0.427426232220704,0.293914939807281,0.135560652919386,0.184333080555003,33.3,57.9
"Kansas",1981,20,0.4,0.424,0.331759491492671,0.347062933917289,0.0108562652648149,0.0114711711348595,-0.410585438472174,-0.398812251256653,-0.170717143685253,-0.405798175110309,0.413971270504166,0.329966775716366,0.143669186923113,0.217787284372833,33.3,57.9
"Kansas",1982,20,0.4,0.424,0.325188752811964,0.355423680949047,0.0108365420441446,0.0108264412311596,-0.424904464736162,-0.469953298428766,-0.20070599895084,-0.501000587932324,0.403452103241685,0.332197844287037,0.139863117984012,0.20440480854245,33.3,57.9
"Kansas",1983,20,0.4,0.424,0.318766522946528,0.36552112143872,0.0106822861426756,0.0107673407475244,-0.449473994312162,-0.212082412011783,-0.177499886592144,-0.479938300801395,0.405946589976391,0.31396831966003,0.13682448595615,0.201854041764493,33.3,57.9
"Kansas",1984,20,0.4,0.392,0.309575635346234,0.374813421026219,0.0103336509813358,0.0104933230380127,-0.454810733497851,-0.197242497580505,-0.244016672812025,-0.378081722470691,0.424345773457991,0.306290104543022,0.122886133656126,0.210628093764396,32.6,66.3
"Kansas",1985,20,0.4,0.392,0.304276019224775,0.380742559074414,0.0100022751553605,0.0102442660925571,-0.438870517691427,-0.0824916389305589,-0.186566992299489,-0.403926454224599,0.406927591564071,0.312000731201244,0.157615627168826,0.212771956493126,32.6,66.3
"Kansas",1986,20,0.4,0.408,0.300216163843667,0.379877902974898,0.0100145045253556,0.010482294985436,-0.335552083978539,-0.158458599555701,-0.145178540837829,-0.38342336729395,0.381914514165014,0.32024994008878,0.160111741404661,0.189189001229818,32.6,66.3
"Kansas",1987,20,0.4,0.408,0.297309174090417,0.380909159637189,0.0098425246470156,0.0102849716858083,-0.344553189087584,-0.303764827854731,-0.0297072865583706,-0.39401075145956,0.386459489058251,0.324343457878998,0.139898229433844,0.145267352973444,32.6,66.3
"Kansas",1988,20,0.45,0.464,0.295013401999497,0.383259051897717,0.0105032551561569,0.0106335884240769,-0.365566230913894,-0.418795699696969,-0.158920662770388,-0.243525177349833,0.392273302766068,0.306822827643637,0.164370063950821,0.132560093189553,42.6,55.8
"Kansas",1989,20,0.45,0.464,0.296420479942161,0.378347868116888,0.0102154643710878,0.0107733961793102,-0.401396408835075,-0.390602371320677,-0.0035156201357479,-0.134664388538355,0.393085567424794,0.307822651487841,0.174305089500047,0.144732246280763,42.6,55.8
"Kansas",1990,20,0.45,0.504,0.295868773766661,0.378259199939378,0.0096238976439778,0.0104662101237449,-0.433972219682279,-0.484960623838751,0.0195929231152281,-0.11934388962307,0.378283158209138,0.321231344831321,0.167613525586466,0.126682827264776,42.6,55.8
"Kansas",1991,20,0.45,0.504,0.295651450209409,0.373860054595705,0.0100468719544479,0.0106691041407793,-0.437811630581389,-0.604934344880754,0.150948290137536,-0.108322123166264,0.357405288670677,0.351240265946652,0.186452509228284,0.109873884565487,42.6,55.8
"Kansas",1992,20,0.325,0.472,0.295800237923992,0.371877042843507,0.0101384354248709,0.0104491957055881,-0.475353834411718,-0.64018886194705,0.207235239414907,-0.0803043744969591,0.373502328024624,0.359553528252107,0.177364417409986,0.125608724107904,33.7,38.9
"Kansas",1993,20,0.325,0.472,0.291595501242461,0.372061837471091,0.0093840812360427,0.0105021860264641,-0.495884573612651,-0.685017516860925,0.380044150816504,-0.382463488455337,0.382652492907015,0.357315180098608,0.180906601376224,0.115857013621043,33.7,38.9
"Kansas",1994,20,0.325,0.36,0.289956283639786,0.373946186881621,0.0093027404757919,0.0103573942545417,-0.506609272657745,-0.76930741718026,0.308778409743356,-0.427640406323291,0.379868461126406,0.398745114598935,0.16190292013658,0.148909106758334,33.7,38.9
"Kansas",1995,20,0.325,0.36,0.29006363821041,0.378896893590741,0.0093679051382925,0.01051663207004,-0.490548774273735,-0.768773182567574,0.368569582142692,-0.598763368748977,0.391328016484676,0.383586264403211,0.198944575785107,0.130748716035348,33.7,38.9
"Kansas",1996,20,0.325,0.384,0.287123031174533,0.384154215415839,0.0095459986121204,0.0107717289084573,-0.402467493249461,-0.866833877377157,0.436844335269472,-0.400810431022339,0.369917585253834,0.377378689412665,0.152507396511817,0.161075248807463,36.1,54.3
"Kansas",1997,20,0.325,0.384,0.287770056981516,0.387118655043377,0.0097388411550798,0.0103140173230752,-0.537323285934212,-0.966423495040797,0.388344691162595,-0.479451932866173,0.376046749180288,0.396961066516774,0.198105268103252,0.1539125497208,36.1,54.3
"Kansas",1998,20,0.325,0.384,0.289393894580315,0.39103879066505,0.0089667179488736,0.0096588170352893,-0.747249263242889,-1.02363582438247,0.382738442165471,-0.384479126756153,0.343489687344165,0.400319574520573,0.169478934704284,0.143016879836998,36.1,54.3
"Kansas",1999,20,0.325,0.384,0.288040479290125,0.396835452087654,0.0085582596121502,0.009545770297718,-0.796822528917786,-0.715814814991851,0.323635791311276,-0.276139528397466,0.371344964987648,0.37963780769776,0.197001947591055,0.153468814075023,36.1,54.3
"Kansas",2000,20,0.25,0.368,0.287695130399834,0.403935815846318,0.0081074155479561,0.0091130992550277,-0.762802928049525,-0.606857683531453,0.303218381030361,-0.381124420744829,0.382463510647272,0.367176995438762,0.171644089696185,0.1146143589144,37.2,58
"Kansas",2001,20,0.25,0.368,0.287814820755178,0.406327662966192,0.0083783933076459,0.0099967744585348,-0.655601741431957,-0.544113193151085,0.355446186516957,-0.326259605075938,0.345036671873268,0.379649960253994,0.197770588351256,0.175607427202863,37.2,58
"Kansas",2002,20,0.25,0.36,0.288173057979413,0.41005659833578,0.0085335078274317,0.0096479813774467,-0.456532529942637,-0.723777266968288,0.354992868520485,-0.346271281928134,0.316664396058577,0.401782190694815,0.190141346760301,0.151389287953582,37.2,58
"Kansas",2003,20,0.25,0.36,0.288089838184807,0.412692640040669,0.0085539638183902,0.009881074782837,-0.498806436623465,-0.654007318233023,0.312202653093113,-0.18425630710327,0.330963224602457,0.36690664010506,0.158338218272599,0.155665137793073,37.2,58
"Kansas",2004,20,0.25,0.336,0.286554826894793,0.412667024837872,0.0076833880930251,0.0089602297302018,-0.361068912382385,-0.724439480505093,0.309606421816297,-0.249278389342752,0.340892521420125,0.365732190703153,0.135399559421564,0.121793611486728,36.6,62
"Kansas",2005,20,0.25,0.336,0.284583307700297,0.407752611542587,0.0076624644104531,0.0088707871712048,-0.437847381735289,-0.84342620114244,0.303213826771069,-0.29411202264344,0.340545881174284,0.382300863452362,0.13844893124872,0.122921549496526,36.6,62
"Kansas",2006,20,0.25,0.376,0.285080235465042,0.402343627641868,0.0074309103330918,0.0089743146136617,-0.608071258825136,-0.800762194053711,0.473865481242242,-0.281650818320118,0.356924053213571,0.348607743057926,0.133022344015293,0.118061934289406,36.6,62
"Kansas",2007,20,0.25,0.376,0.287196759602842,0.392990860557038,0.0078519384112153,0.0090560085557265,-0.660746280932196,-0.827154034025446,0.51076613230232,-0.239520085170826,0.35178376098928,0.355798345041751,0.158181593690708,0.123254205932464,36.6,62
"Kansas",2008,20,0.225,0.392,0.290549245111338,0.384724245681191,0.0077005063490126,0.0087155371555799,-0.661422886019011,-0.891842364709953,0.592307887759335,-0.226706580315203,0.337651994106123,0.364089217154515,0.163855728927333,0.106007743836399,41.6,56.5
"Kansas",2009,20,0.225,0.392,0.287430445300601,0.379163357550366,0.0077837546058556,0.0087089444164167,-0.723172098003431,-0.586565011791234,0.358168074433991,-0.3490858964999,0.345274056409402,0.306817803708253,0.186699894569719,0.100706284649208,41.6,56.5
"Kansas",2010,20,0.225,0.264,0.290293611089522,0.371683099374859,0.0082856105801452,0.0086225263987024,-0.536583406528899,-0.660186357280026,0.707571963621498,-0.441374950722114,0.337347345570327,0.351077440852036,0.186111635825022,0.105521488242697,41.6,56.5
"Kansas",2011,20,0.2,0.264,0.291625896104597,0.371649207844153,0.0082506898358509,0.0085016698946144,-0.658497976056278,-0.759277833358701,0.582136137934125,-0.391376704916478,0.33624378655668,0.373382037952832,0.207729616605237,0.106785802677719,41.6,56.5
"Kansas",2012,20,0.2,0.264,0.294250629318048,0.374761552080085,0.0082727682795615,0.0083635743010856,-0.80866559000817,-0.804029699477398,0.734075688892765,-0.377040750722522,0.344719493144752,0.39956676220796,0.220214361466726,0.0939416265828891,38,59.7
"Kansas",2013,20,0.225,0.28,0.297651250901614,0.367658626653063,0.0093202813473458,0.0092239798403731,-0.820013003728093,-0.842850247398512,0.73968556397655,-0.467941267927949,0.332904784241332,0.487350387164943,0.251242387861913,0.141228129701048,38,59.7
"Kansas",2014,20,0.2,0.264,0.301823246554963,0.361747265728621,0.0103175258042626,0.0105514207552358,-0.848552606159276,-0.933238785610343,0.866712457003419,-0.507693659463716,0.347916374512119,0.476816571096464,0.31361225448279,0.139773623789379,38,59.7
"Kentucky",1946,21,0.5526316,0.69,0.517743810755143,0.314872008263541,0.033633827570297,0.0311032354445912,-0.438616654754363,-0.28961427842941,-0.573795830332085,-0.128547430246512,0.73834516323523,0.296369451020763,0.143129319876206,0.0899859966453141,NA,NA
"Kentucky",1947,21,0.5526316,0.75,0.518395989990596,0.31436605540904,0.0313147345701836,0.0291399132219327,-0.449283089271289,-0.57768868441897,-0.571143541415807,0.0405076975474256,0.713647951530751,0.301027978010876,0.151970607698145,0.0787675704039287,NA,NA
"Kentucky",1948,21,0.5526316,0.75,0.518658559899521,0.313884197198438,0.0284209450513358,0.0264900224347903,-0.557611196764447,-0.573819819800386,-0.595055792501933,0.0981009525810042,0.772883797674302,0.301523843955271,0.12668288129702,0.0723012519521696,NA,NA
"Kentucky",1949,21,0.7631579,0.76,0.518632425924554,0.316869722270881,0.0265654856378899,0.0251304616080754,-0.517427808922824,-0.523513210980038,-0.81173457416232,0.105957023681889,0.737875637267728,0.307595728598695,0.14449873284569,0.0700817698944872,NA,NA
"Kentucky",1950,21,0.7631579,0.76,0.516667338016926,0.321070687563273,0.0238975454140349,0.0228683970810972,-0.597091313459388,-0.556635966412007,-0.581544218874298,0.0053599594021721,0.748714133680007,0.302565082374829,0.149899726584131,0.0938959227329585,NA,NA
"Kentucky",1951,21,0.7368421,0.73,0.514554799415745,0.326927071310369,0.0211641206971034,0.0200350635887581,-0.553795943766587,-0.412492355238507,-0.57088511037941,0.0679378018290508,0.707541979050313,0.290097162045665,0.20736374059502,0.113037024412947,NA,NA
"Kentucky",1952,21,0.7368421,0.73,0.513463403879672,0.332416905721395,0.0185982427106961,0.0171193595222977,-0.650403027811875,-0.412058410152518,-0.417581798454868,-0.0757501160105682,0.74314599615222,0.313702589635167,0.140145291591939,0.0976092733622608,NA,NA
"Kentucky",1953,21,0.7631579,0.79,0.51500543402641,0.333280752791143,0.0157487627073913,0.0147840125301446,-0.616464117356099,-0.353194735842667,-0.392998410380909,-0.147182643127356,0.701839079109361,0.302339208351653,0.146545534423721,0.100738512444253,NA,NA
"Kentucky",1954,21,0.7631579,0.79,0.515369570986621,0.335654416623839,0.0134289751699237,0.0131544297298333,-0.659400664820887,-0.389072590003913,-0.65929100457632,0.136797445011526,0.715615405790611,0.281996062624217,0.112348166623827,0.076673625355067,NA,NA
"Kentucky",1955,21,0.7894737,0.77,0.51864243025289,0.332537609963181,0.0136366873043087,0.0134455091011686,-0.716798995267553,-0.444499491380173,-0.439561709616857,0.203947394013973,0.729420769995349,0.289255086496172,0.137393158836308,0.0732327109501214,NA,NA
"Kentucky",1956,21,0.7894737,0.77,0.526575640028074,0.325125938027786,0.0144037254691448,0.0134966702699576,-0.700032459008567,-0.131504744162771,-0.754756474907432,0.153586969559117,0.692391333029693,0.309126206009857,0.145363864714023,0.106620180532375,45.2,54.3
"Kentucky",1957,21,0.7631579,0.75,0.524008212857414,0.32805435376058,0.0135906727064792,0.0123881986142637,-0.760923840777389,-0.230262135292186,-0.5417197475356,0.122935133450009,0.723728367085013,0.311588971874812,0.110838480088509,0.0911483115254379,NA,NA
"Kentucky",1958,21,0.7631579,0.75,0.521087659406044,0.330632056340888,0.0142335579083031,0.013182881915716,-0.714267645792876,-0.177975476792287,-0.532560397340217,0.231287547317398,0.704143262061844,0.310778282987365,0.125366703274715,0.113887428311629,NA,NA
"Kentucky",1959,21,0.7894737,0.8,0.522640750707535,0.326686737096814,0.0142476569731331,0.0131780846258245,-0.76659364149417,-0.287013980998503,-0.582886301328122,0.156420000228244,0.694223687041899,0.309608031600435,0.101027976476636,0.105504425892722,NA,NA
"Kentucky",1960,21,0.7894737,0.8,0.527638437412707,0.318231094488005,0.0150509279527719,0.0130523408305106,-0.783703643391454,-0.0144172909659627,-0.532687765360077,0.28278437786085,0.695015699281308,0.30260143476752,0.109373787428982,0.120452586778884,46.4,53.6
"Kentucky",1961,21,0.7631579,0.74,0.533489716036546,0.309010194459054,0.0138317214790943,0.011968167141682,-0.722402123240052,0.0023051695098109,-0.808030087615561,0.406517072104153,0.686261908821374,0.276126869003675,0.115239522104764,0.10901340916454,46.4,53.6
"Kentucky",1962,21,0.7631579,0.74,0.535966575986889,0.298885198027323,0.0133796009968181,0.0118563433327617,-0.737667052421941,0.0192512813220232,-0.76722994255056,0.146864799394156,0.64742324040749,0.315752958516795,0.184892028387827,0.0954170890427174,46.4,53.6
"Kentucky",1963,21,0.6578947,0.63,0.540565567681386,0.287174389012068,0.0135077609336034,0.0119662579561373,-0.832185230346403,0.0091359344045704,-0.314201398548326,0.299212897732284,0.674266644548686,0.3078605157063,0.151946777145499,0.125741870435972,46.4,53.6
"Kentucky",1964,21,0.6578947,0.63,0.548885679605202,0.273532244085664,0.0133925320164498,0.0120641994420636,-0.848296045141152,-0.0637615689869036,-0.765707022085382,0.371433416696009,0.672719954924851,0.276351312911383,0.149338214322963,0.0831303088361978,64,35.7
"Kentucky",1965,21,0.6842105,0.64,0.557546818892558,0.258183949950431,0.0141793952267976,0.012145896664303,-0.914398356794311,-0.0097020355729436,-0.497978550215261,0.273814446224551,0.65067075795508,0.284775841626694,0.140899889523281,0.128169398234484,64,35.7
"Kentucky",1966,21,0.6842105,0.64,0.558110322237026,0.249737508361307,0.0137912036767778,0.0117726775391032,-0.279765256235131,0.127587260791591,-0.619056233812532,0.255787910716815,0.536923158139761,0.326118517423886,0.118702740235853,0.124708971774733,64,35.7
"Kentucky",1967,21,0.6315789,0.57,0.557293610739345,0.244272917798308,0.0138578977110201,0.0118908202225852,-0.415408612884744,-0.0058084042812438,-0.467550153452003,0.216024199382528,0.550538628289104,0.319205894278268,0.136633707603223,0.127526786975166,64,35.7
"Kentucky",1968,21,0.6315789,0.57,0.555676354052824,0.238465230231689,0.0134808139956388,0.01218576945631,-0.360354774789408,-0.108965750523483,-0.475676286799284,0.277868915789606,0.520568942013682,0.330660122846289,0.110410076258263,0.109390324579045,37.6,43.8
"Kentucky",1969,21,0.6052632,0.72,0.552089120905493,0.236285918387413,0.013924514899854,0.0122370249553362,-0.47700906452561,-0.336303163097702,-0.359506175109831,0.409046774712985,0.540207230622369,0.345813579633843,0.135899807744538,0.137846667464368,37.6,43.8
"Kentucky",1970,21,0.6052632,0.72,0.546043472101911,0.237969627201694,0.0139161881034079,0.0126730364081249,-0.543036598605743,-0.422174800253403,-0.324837810779748,0.341580657170846,0.540736751197126,0.33019245060426,0.157838135411262,0.157838625993482,37.6,43.8
"Kentucky",1971,21,0.7631579,0.73,0.542703876689741,0.243057200205262,0.0141516443296086,0.0127972701022967,-0.7792210389014,-0.460834274656095,-0.326381689157992,0.274761889197812,0.509919435340364,0.329720584698856,0.158555098001831,0.149791279002462,37.6,43.8
"Kentucky",1972,21,0.7631579,0.73,0.541595021952727,0.242969466150633,0.013670229189441,0.012157304752787,-0.0604527854256122,-0.318990215167877,-0.433864039801451,0.325718562203104,0.420419420504084,0.334523513187304,0.128004412179506,0.153162919994609,34.8,63.4
"Kentucky",1973,21,0.7631579,0.8,0.546879766823163,0.239228768475675,0.0135061722833843,0.0120050377942125,-0.166313313305101,-0.340276971159561,-0.52269401963596,0.367064854886957,0.475552482226472,0.342654119744932,0.169504535458153,0.126720170299524,34.8,63.4
"Kentucky",1974,21,0.7631579,0.8,0.545829838102813,0.23834204230286,0.0133093624644041,0.0116652415323111,-0.137423518865992,-0.211390537207618,-0.483128986538304,0.160085431154516,0.434492769038643,0.348690101124828,0.137971912009297,0.138257812471069,34.8,63.4
"Kentucky",1975,21,0.7894737,0.78,0.541104307725103,0.240425143091186,0.0130434929989358,0.0115457859635618,-0.151178734129121,-0.0113989455606134,-0.587389603243493,0.274976394830535,0.425682706352105,0.327250269482013,0.15079456273536,0.181874752352773,34.8,63.4
"Kentucky",1976,21,0.7894737,0.78,0.536729114405648,0.240592918423624,0.0121246486717159,0.0106741400833001,-0.185277714222788,-0.0778650109460812,-0.437049911488477,0.206022548989811,0.432393318462481,0.321006220814776,0.138300501574706,0.166580731188922,52.8,45.6
"Kentucky",1977,21,0.7894737,0.78,0.533744293377601,0.24368969036934,0.0123041261496395,0.0103748942896593,-0.244452997953718,-0.167698535015074,-0.505218106919717,0.0225839603944363,0.433554345042398,0.312419311629345,0.154195100390299,0.200392729649651,52.8,45.6
"Kentucky",1978,21,0.7894737,0.78,0.528865343673313,0.246089984448878,0.0121047366297667,0.0102861024133053,-0.393146926929752,-0.383733195376149,-0.599147505726451,-0.0212770554609167,0.423538736105486,0.305149977442232,0.145134316777584,0.170887714425353,52.8,45.6
"Kentucky",1979,21,0.7631579,0.75,0.525061024364008,0.25064790230822,0.012051296639203,0.0099862129006762,-0.438254322383695,-0.462650127214068,-0.402718564341546,0.0005806149779756,0.47670011858661,0.324806624651434,0.143125134469028,0.210337108026317,52.8,45.6
"Kentucky",1980,21,0.7631579,0.75,0.521786755652397,0.256733088337808,0.0117508201490326,0.0102120159734233,-0.457124790077315,-0.506290338926955,-0.631840866791847,-0.034006303234466,0.438755773519512,0.325991460071426,0.134419664682348,0.167330058254666,47.6,49.1
"Kentucky",1981,21,0.7631579,0.76,0.517463234635204,0.260890778999491,0.0114042324074581,0.0099949294311892,-0.396261755258791,-0.540462383316246,-0.392436890998965,0.0751622278587559,0.386145749246134,0.343905635000571,0.130302189247974,0.200186592784949,47.6,49.1
"Kentucky",1982,21,0.7631579,0.76,0.51694026862091,0.258695212135692,0.0106392105793991,0.009547695555105,-0.412561443234294,-0.573381770988637,-0.417299530228865,0.0565325861437261,0.413488477405811,0.331706776459357,0.13787373415623,0.197291598576574,47.6,49.1
"Kentucky",1983,21,0.7368421,0.76,0.512603761122181,0.263426429946216,0.0117474711139541,0.0098700202557735,-0.38084576555862,-0.579369060378589,-0.295001070565446,-0.0079515149304347,0.420386517980892,0.336055600211525,0.136413234662555,0.179122969486866,47.6,49.1
"Kentucky",1984,21,0.7368421,0.74,0.507549251668664,0.267380539515621,0.0113316153446674,0.0098234840620584,-0.508907391949359,-0.595020796587888,-0.3555113200858,0.0332305005003378,0.388465897294917,0.326807717375808,0.122727282361206,0.175670206696172,39.4,60
"Kentucky",1985,21,0.7368421,0.74,0.500313974102609,0.272374929802943,0.0111282866661995,0.0098174886969745,-0.527383203402246,-0.593672933936521,-0.365685834631331,-0.0234354650285859,0.414431488737157,0.310515066212513,0.150383029003807,0.176819768503712,39.4,60
"Kentucky",1986,21,0.7631579,0.73,0.493879157832637,0.276407618552604,0.0104276027396443,0.0095702827728229,-0.524377367665877,-0.502803447080063,-0.254529570992005,0.059365434283416,0.402009885839662,0.319873342151333,0.16419512591873,0.161284404481776,39.4,60
"Kentucky",1987,21,0.7631579,0.73,0.490420769287823,0.278978475039712,0.0098658994932164,0.0091833705524625,-0.61020231413088,-0.506769445870752,-0.331933786082455,-0.0341947467862203,0.413644617386336,0.319224746680258,0.133823221610102,0.133598972160679,39.4,60
"Kentucky",1988,21,0.7894737,0.72,0.486098446312131,0.283560737418922,0.0099952945069054,0.0099319623505198,-0.407963861640597,-0.515484039959499,-0.401816390297351,0.102373072308941,0.371082214155808,0.34358421766471,0.162388174463141,0.127159797726445,43.9,55.5
"Kentucky",1989,21,0.7894737,0.72,0.482630887986453,0.286037003686481,0.0104458841940342,0.0095807842442789,-0.63284737190792,-0.506105149610139,-0.357846312846003,0.188243555345534,0.397485491783225,0.318403009167909,0.175239167876815,0.135953508538208,43.9,55.5
"Kentucky",1990,21,0.7105263,0.68,0.479192676645331,0.287005198572395,0.0108162804102005,0.0099390882162593,-0.603736974142924,-0.62360576878538,-0.389435745692236,0.279780399752944,0.388671537581221,0.313815025948085,0.175016846007831,0.118453482681079,43.9,55.5
"Kentucky",1991,21,0.7105263,0.68,0.474408942958031,0.289705035846932,0.0105025747405732,0.0097310536406265,-0.532244876765065,-0.425886112996954,-0.31424770098915,0.229200884357425,0.353398652905644,0.336504350430837,0.198253552783678,0.114702863588594,43.9,55.5
"Kentucky",1992,21,0.6578947,0.72,0.471485400444443,0.291941100634408,0.0109850218546894,0.0101964139023406,-0.325808408483355,-0.50781486786407,-0.311675929932786,0.267318995859532,0.350344646999006,0.346103190954832,0.179768563675974,0.0964945948276193,44.6,41.3
"Kentucky",1993,21,0.6578947,0.72,0.462727849311471,0.298918275616628,0.0109258321524065,0.0102102684296415,-0.330544716229519,-0.506987439011521,-0.193159752566791,-0.0886387646123443,0.315876310200101,0.380036174196372,0.194208323818111,0.111070667139956,44.6,41.3
"Kentucky",1994,21,0.5526316,0.63,0.45930922364268,0.303488302799089,0.011034413753384,0.0102802170273107,-0.395372539208861,-0.434960612589981,-0.360291580595373,-0.0039740304317585,0.361536660613914,0.373364700367421,0.161060696673096,0.12477950274,44.6,41.3
"Kentucky",1995,21,0.5526316,0.63,0.457236137675838,0.306607930190171,0.0105006697344183,0.0095446020095294,-0.390466221013007,-0.436027580152022,-0.296506473360438,-0.255740119058998,0.369189528489898,0.370092336907936,0.214271799641197,0.118784177668531,44.6,41.3
"Kentucky",1996,21,0.5263158,0.64,0.452918492171477,0.310624849903253,0.0100001549681958,0.0095735368221496,-0.462063797923037,-0.494026603610925,-0.149563258812689,-0.0440022652022631,0.368482834461742,0.358309684593588,0.150289209569954,0.123032802472967,45.8,44.9
"Kentucky",1997,21,0.5263158,0.64,0.445097684287692,0.315953393237928,0.0096754684518807,0.0093020518457841,-0.438671843285849,-0.327739711309052,-0.0691495157466839,-0.0712761147776429,0.35586393902242,0.425618133780964,0.190060281589413,0.12951355190776,45.8,44.9
"Kentucky",1998,21,0.5263158,0.66,0.443269854428759,0.320739261096337,0.0099943566010985,0.0092603518166905,-0.45624723187243,-0.0553731428558564,-0.129834164643092,-0.0470596010390111,0.360881235650736,0.366413632965265,0.170460918722832,0.126387081022485,45.8,44.9
"Kentucky",1999,21,0.5263158,0.66,0.441126732864488,0.325587380879978,0.0096316594723694,0.0089428119424,-0.457308301657182,-0.0722227163876088,-0.113378845076403,0.0301186681088354,0.335580763687322,0.352388225707208,0.197302032269837,0.158267058997821,45.8,44.9
"Kentucky",2000,21,0.4736842,0.66,0.435214978826363,0.333650361856964,0.0084455979625319,0.0076707711573407,-0.513484936928145,-0.174453437523973,-0.127050961848177,-0.104549875481647,0.358101713567505,0.354449865715341,0.173393884014442,0.116367162849855,41.4,56.5
"Kentucky",2001,21,0.4736842,0.66,0.430646712904498,0.338284127785405,0.0091929843662677,0.0085407474349697,-0.560851374139611,-0.208302294704842,-0.19421135303189,-0.0815392905060362,0.355666292679619,0.359450829917022,0.218615909279455,0.160108793557377,41.4,56.5
"Kentucky",2002,21,0.4210526,0.65,0.428068378063283,0.342735769142561,0.0089389850404855,0.0086330090789483,-0.651091161925478,-0.181549565801565,-0.233863754581956,-0.0537320627205295,0.373330803106936,0.353463716486554,0.197610417649388,0.139674113240013,41.4,56.5
"Kentucky",2003,21,0.4210526,0.65,0.426328790021398,0.345798760787525,0.0084395314412268,0.0085021736744343,-0.559865000051196,-0.198697116216927,-0.305227046768468,0.0002009803806489,0.345129927588916,0.341551167808354,0.164191437004631,0.17152463631102,41.4,56.5
"Kentucky",2004,21,0.3947369,0.57,0.422282424229802,0.34812291567061,0.0078200546837973,0.0075858836370521,-0.612749430666525,-0.254494406457348,-0.171881271019904,0.0788385994386206,0.369912587103921,0.362596947362172,0.134389975329339,0.119191528723138,39.7,59.5
"Kentucky",2005,21,0.3947369,0.57,0.418907748295702,0.347653810207615,0.007744974618962,0.0073773642953879,-0.685495919783627,-0.329353938866041,-0.0990203040234975,-0.0429533417935847,0.366288124157874,0.334794196489995,0.142630939373844,0.106305941466279,39.7,59.5
"Kentucky",2006,21,0.4324324,0.61,0.41580720408264,0.346551848211323,0.0078061628744891,0.0071983204006829,-0.82964188459979,-0.431214756576897,0.0898716325644455,-0.0308729989192166,0.389850395388122,0.341167727622137,0.127361741912373,0.100278673223152,39.7,59.5
"Kentucky",2007,21,0.4324324,0.61,0.420198532891083,0.338617102351922,0.0075915160384666,0.0072017812996498,-0.892403054660472,-0.368752361694184,0.0287813402079088,0.0461933189463847,0.370407109946956,0.357957419063109,0.138100479114417,0.109019890084312,39.7,59.5
"Kentucky",2008,21,0.4166667,0.65,0.426748181001706,0.330869728163517,0.0081194397722824,0.0078021713259726,-0.890777973066222,-0.395659011635313,0.0554629429523452,-0.0370695644810121,0.359281461918754,0.340413913122141,0.175934718480945,0.0906668241542358,41.1,57.4
"Kentucky",2009,21,0.4166667,0.65,0.423158786707563,0.322486880706931,0.0079766583248001,0.0075253343959671,-0.919408239132602,-0.317867292745078,-0.196734711137953,-0.216665017240727,0.355814401795592,0.328617524361243,0.178556836280708,0.0840568640919588,41.1,57.4
"Kentucky",2010,21,0.4054054,0.58,0.419892182940392,0.323190183696198,0.0075301975442538,0.0075414435380758,-0.996410166700099,-0.382996603424828,0.281382237302964,-0.376914034988286,0.353720645370205,0.333224950498948,0.188666799458095,0.0973052488609095,41.1,57.4
"Kentucky",2011,21,0.39473684,0.58,0.417526111625697,0.320632738952095,0.0077876572657387,0.0070689004590718,-0.962203264517301,-0.384965033066287,0.233849213712011,-0.349015572016952,0.361904931124265,0.365006000971905,0.208121122512399,0.0957279154170776,41.1,57.4
"Kentucky",2012,21,0.39473684,0.59,0.414176701159351,0.319542992336869,0.0078287314542981,0.0070035018186632,-1.03392176577912,-0.430494065763593,0.38491268380806,-0.340754389053948,0.369627561005118,0.361403797875898,0.209911621134951,0.0959848372879709,37.8,60.5
"Kentucky",2013,21,0.36842105,0.55,0.412888897541761,0.317447801614743,0.0091857245381225,0.0082320933848146,-0.982075869130334,-0.293720047021047,0.359759759922867,-0.441632598488453,0.352080959747801,0.388671171295956,0.244069384618256,0.11575536124599,37.8,60.5
"Kentucky",2014,21,0.36842105,0.54,0.412522931779964,0.31569287338988,0.0096074854666376,0.009039226675024,-0.868647279234295,-0.264141264973107,0.455630882239609,-0.395955336993831,0.355516218834004,0.406938074267409,0.290535592155839,0.105999714762783,37.8,60.5
"Louisiana",1946,22,1,1,0.6803835208531,0.122022710801693,0.0252281554036296,0.0191926760165134,-0.388465982617942,0.0199729677733516,0.0145102696742108,-0.0939075560379889,0.732473719896876,0.313781389956765,0.153083733411559,0.0885000274130758,NA,NA
"Louisiana",1947,22,1,1,0.683301073248476,0.120147435006476,0.024352969996375,0.018292700256789,-0.437196037867195,-0.332583328677674,0.0399386603749895,0.0394516230006372,0.716667624604834,0.316291633321359,0.152159995145593,0.0932078807133312,NA,NA
"Louisiana",1948,22,1,1,0.686397681110012,0.118321690234551,0.0228642169754565,0.0172022728458725,-0.496934828339594,0.412235413175472,-0.0905332308731726,-0.0461831042064101,0.701893325164604,0.32257730743941,0.129839005311193,0.0794229371943322,NA,NA
"Louisiana",1949,22,1,1,0.690064861012584,0.116127521799248,0.0220499475429978,0.0161233185154939,-0.534887443622296,0.545383539422399,-0.312684936830531,-0.0371766787364588,0.730752883335884,0.310502601763731,0.148141210841679,0.0759257311169828,NA,NA
"Louisiana",1950,22,1,1,0.69395056872569,0.114004529715244,0.0207887009946448,0.0150824324345636,-0.645290106952208,0.301122854676618,-0.224961121282937,-0.062970851981219,0.723984546550788,0.300689893314882,0.155203288716816,0.109715252549754,NA,NA
"Louisiana",1951,22,1,1,0.696206107618132,0.112827489418169,0.0192551176429801,0.0139858367623577,-0.647233339041552,0.340706474507646,-0.356622271672433,-0.0281212062196705,0.73145078827671,0.307959961591173,0.199257359592066,0.114034109713526,NA,NA
"Louisiana",1952,22,1,1,0.699294069633114,0.111128025386962,0.0178273725026059,0.0125385906393254,-0.641970909600439,0.408425421959614,-0.384636565354767,0.0777415843796145,0.759888923314038,0.290129171651498,0.145527759302387,0.103350298142751,NA,NA
"Louisiana",1953,22,1,1,0.697916087731222,0.110201788951843,0.015983662342254,0.0109724253724784,-0.655583391742716,0.427788694804765,-0.42949078028254,0.146950334017004,0.759050199924393,0.290720785390231,0.144694440362505,0.100796920161368,NA,NA
"Louisiana",1954,22,1,1,0.699962362239189,0.108140050529482,0.0147402339919162,0.0103242272162182,-0.629479554971985,0.0828773554810605,-0.408173043005887,0.201233086754689,0.691683009259215,0.304962460776265,0.125906863199056,0.0875693512586531,NA,NA
"Louisiana",1955,22,1,1,0.70332175675714,0.102884343202156,0.0145306129078219,0.0101179679189174,-0.687074949489404,0.0090421741395126,-0.275853460533554,0.248323247785261,0.684873926077546,0.288178124989826,0.152701961065124,0.0991300795319327,NA,NA
"Louisiana",1956,22,1,1,0.70373746459808,0.0994398748589248,0.0139395484142853,0.009423334618299,-0.691453596382842,0.69297818830093,-0.525651470312402,0.206487196537159,0.744077123880501,0.29787499321594,0.121029437968661,0.11523684946134,39.5,53.3
"Louisiana",1957,22,1,1,0.704193030898281,0.0963845849676908,0.0137333739417076,0.0088854542896347,-0.711462840191529,0.577321058995489,-0.28210440455991,0.238235131778172,0.716430778669741,0.287526552351826,0.141194629539945,0.0947484630870204,NA,NA
"Louisiana",1958,22,1,1,0.705381994383973,0.0951539206901468,0.0127383143531851,0.0084175231142613,-0.735957104461639,0.628963368982966,-0.349688503474136,0.126362713967233,0.708160693942157,0.295607582606567,0.111865827974301,0.12446610275127,NA,NA
"Louisiana",1959,22,1,1,0.704260530433075,0.0930217015121503,0.0126750233493503,0.0084006119977755,-0.844359076112361,0.495746152163162,-0.538331225402155,0.161636321858262,0.713601960786955,0.269846735714548,0.107117263102959,0.122690979280556,NA,NA
"Louisiana",1960,22,1,1,0.701212945120254,0.0916993297344484,0.0127649974290118,0.0082129949913078,-0.800903883612763,0.597935561979184,-0.516025578655449,0.260680122138404,0.680274849481988,0.295657373449697,0.146668257661534,0.12204583586039,50.4,28.6
"Louisiana",1961,22,1,1,0.697412140396467,0.0897434966782167,0.0127679840668375,0.0079079867526648,-0.738829301032364,0.382175194275514,-0.50686541305903,0.15824608990618,0.684876519259039,0.276173372463505,0.106378742161163,0.102435988273148,50.4,28.6
"Louisiana",1962,22,1,1,0.696278511226767,0.0872892823663243,0.0125143015378147,0.0075293558490276,-0.82851457905535,0.434057298464268,-0.703550364391944,0.0813919785528401,0.668787349158023,0.282113619464392,0.171668078938096,0.102933966942468,50.4,28.6
"Louisiana",1963,22,1,1,0.690951264668421,0.0853592784347742,0.0123019962108925,0.0072897383453867,-0.879735825946487,0.257010889840044,-0.283563894251339,0.159192454396743,0.698454228732111,0.275237201282118,0.137874068558752,0.123898474164014,50.4,28.6
"Louisiana",1964,22,1,0.9809524,0.685305401534667,0.0852106024957269,0.0115234794023871,0.0070746051512599,-0.842495149206827,0.309703139088268,-0.663527172584012,0.0762705885337018,0.65978378586971,0.277454285210987,0.154379574686245,0.0989288026106773,43.2,56.8
"Louisiana",1965,22,1,0.9809524,0.677884335715217,0.086469311985211,0.0112879046074345,0.0069299221677822,-0.915902821397787,0.0556938427446937,-0.508839795329418,0.0393354777532506,0.64225527580874,0.293296526914752,0.133043968413755,0.1259578408547,43.2,56.8
"Louisiana",1966,22,1,0.9809524,0.671674793181123,0.0884917315057093,0.01083114474425,0.0066305223414922,-1.02982353251825,0.0008858526813593,-0.615860091276714,0.0129685309003815,0.644266054700096,0.284509295120736,0.110604970531392,0.122835629201103,43.2,56.8
"Louisiana",1967,22,1,0.9809524,0.669033376097458,0.0916381317369854,0.0110256831190087,0.006700475484059,-1.07071719892482,-0.25577309015639,-0.395298863170364,0.0168111589853559,0.628459484876659,0.336153093073489,0.133796294772642,0.127324109748455,43.2,56.8
"Louisiana",1968,22,1,1,0.670113827354964,0.0934382905430256,0.0109875499110079,0.006857399081087,-1.10152283509403,-0.267789651994818,-0.306752144357843,0.1174649684145,0.65492609829971,0.345900348671887,0.0686941052267747,0.0936598573531765,28.2,23.5
"Louisiana",1969,22,1,1,0.67222714806078,0.0974956813703436,0.0111935537341254,0.0072246995302722,-1.1709614421941,-0.463160940317344,-0.311144989343292,0.344774626165002,0.648905595987115,0.326081695715686,0.146015028645009,0.137826481060479,28.2,23.5
"Louisiana",1970,22,1,1,0.675113021579779,0.100030061341966,0.0112200556561498,0.0073495459479243,-1.41182878137997,-0.637748409504944,-0.297504690285445,0.295456895491918,0.629261024998524,0.327479270081762,0.155149284937746,0.154167855300069,28.2,23.5
"Louisiana",1971,22,1,1,0.678131651076229,0.103008010328234,0.0114278694645838,0.007390066899352,-1.57020190547182,-0.686519286283972,-0.204324760562377,0.337228361863853,0.598369382578029,0.31925875558686,0.167245688494132,0.157306953838741,28.2,23.5
"Louisiana",1972,22,0.974359,0.9619048,0.682939021046524,0.104753696893555,0.0112174802188207,0.0073180627209535,-1.67583361546242,-0.709671457464616,-0.452265855101226,0.329856365367504,0.631810686404017,0.336355798835045,0.139660528369668,0.145251439281775,28.4,65.3
"Louisiana",1973,22,0.974359,0.9619048,0.685794695704622,0.10792331805915,0.0115975686240781,0.0076047277945665,-1.50804476855038,-0.81906910391182,-0.390141781366287,0.362628785996055,0.612310720025098,0.352160894835093,0.160819881422828,0.128501793623224,28.4,65.3
"Louisiana",1974,22,0.974359,0.9619048,0.68648506366802,0.110914381018296,0.011083356107518,0.0074187982973244,-1.16694250215456,-0.795131803681475,-0.325079477832305,0.290879223049024,0.550252689066501,0.343534417751793,0.139250496971444,0.129099663970091,28.4,65.3
"Louisiana",1975,22,0.974359,0.9619048,0.686970423258253,0.11270026327167,0.0114647357871147,0.0071505299498782,-1.15098023257036,-0.722535303040533,-0.326101945200287,0.273017676209154,0.501315072750607,0.332770383470924,0.141415234201123,0.177923248380795,28.4,65.3
"Louisiana",1976,22,0.974359,0.9619048,0.68453852330603,0.115334263262413,0.0108514481835662,0.006902349148164,-1.24707232358214,-1.09138961122364,-0.364603482864887,0.291310370508797,0.525250059027751,0.359510893749504,0.129346187033106,0.147626321683132,51.7,46
"Louisiana",1977,22,0.974359,0.9619048,0.680576082608294,0.118645228659689,0.010573736620801,0.0067028601009094,-1.22448236702027,-1.18854176013731,-0.304961001899821,0.196732224941279,0.532552406019712,0.35299899151318,0.133862353027985,0.186647989782381,51.7,46
"Louisiana",1978,22,0.974359,0.9619048,0.672414998789452,0.124569468738653,0.0102463122960452,0.0068165120199046,-1.24532577730114,-0.965759836932543,-0.419002320343737,0.121881789941111,0.497289245028411,0.347022217101689,0.141655652344115,0.174567053070996,51.7,46
"Louisiana",1979,22,1,0.9047619,0.663252677284397,0.131666233953404,0.0097085750141809,0.0069047578395902,-1.22084270953317,-1.03982362039861,-0.20463441093813,0.17403886868958,0.545567357941167,0.342165349090923,0.12476436869544,0.222300401202625,51.7,46
"Louisiana",1980,22,1,0.9047619,0.648954361486249,0.140975692754763,0.0100829764296583,0.0070231255463352,-1.27323630851925,-0.816596057914804,-0.487709014342544,0.0559483079483507,0.50550524262422,0.33122544596774,0.130485220696713,0.174101164537232,45.7,51.2
"Louisiana",1981,22,1,0.9047619,0.631756490309699,0.15396732507962,0.0101810050816808,0.0069245042086029,-1.28311229955514,-0.799881999714344,-0.293385053724838,0.151522139078737,0.503103756241603,0.336262369325986,0.137094810790093,0.223755585098634,45.7,51.2
"Louisiana",1982,22,1,0.9047619,0.615554491303431,0.166900400954628,0.0103632235577531,0.0072321164767154,-1.29002026695757,-0.875981434355803,-0.333488274166758,0.0756782705553651,0.497875224791326,0.335693502635632,0.133419682636065,0.199281326829679,45.7,51.2
"Louisiana",1983,22,1,0.9142857,0.602556091997376,0.177986183405508,0.0102532559675781,0.0071599069964004,-1.49213171961259,-0.889401340545588,-0.240491561605028,0.120651071792069,0.494803399669235,0.32775143294242,0.128042205196862,0.161882747835739,45.7,51.2
"Louisiana",1984,22,1,0.9142857,0.583335183306049,0.191180007048178,0.0103714020696827,0.0072802424843819,-1.50705754283407,-0.826301494090377,-0.309109220583582,0.0477756093413446,0.517789841862913,0.351542757447473,0.123168049966917,0.177340993762171,38.2,60.8
"Louisiana",1985,22,1,0.9142857,0.5642139072381,0.202692667857968,0.0100630292258951,0.0072790433318501,-1.5142833654021,-0.834267737792919,-0.293043701864446,0.0348854076047323,0.539056725835049,0.335271786647744,0.153527939801417,0.154080628952135,38.2,60.8
"Louisiana",1986,22,1,0.9142857,0.548716883702686,0.207448824526813,0.0095592800899045,0.0073616338918587,-1.53481785293798,-0.925359110612202,-0.11751472252069,0.0901171659392125,0.494028804019103,0.330187806041015,0.160029094441235,0.162711162994913,38.2,60.8
"Louisiana",1987,22,0.8717949,0.8461539,0.536175483994962,0.213092102226361,0.0087718184709044,0.0069235418491876,-1.50985697299902,-0.974024851342113,-0.385783808663145,0.0910637111072489,0.49650201278799,0.343025746435193,0.136349274488536,0.134234396471321,38.2,60.8
"Louisiana",1988,22,0.8717949,0.8461539,0.528891440897136,0.218230149284532,0.0088243121188323,0.007142595082621,-1.01803773097054,-1.19539509882914,-0.225431707229424,0.13630117573593,0.4199434076079,0.35272190603304,0.182396326819146,0.114989679880529,44.1,54.3
"Louisiana",1989,22,0.8717949,0.8461539,0.519387635198157,0.223950794209603,0.0090721077658533,0.007652331803111,-0.981778623379913,-1.27323972597651,-0.261650459005404,0.286876939157132,0.447971497591791,0.366411594502542,0.163408303561945,0.121577272744453,44.1,54.3
"Louisiana",1990,22,0.8717949,0.8461539,0.512784706218599,0.231675568809432,0.0090457158548091,0.0076154857266356,-0.844249432725245,-1.39299481987817,-0.137017262576189,0.213811640303832,0.452679363993037,0.359311146741017,0.177533406149039,0.117310296070728,44.1,54.3
"Louisiana",1991,22,0.8461539,0.8461539,0.507822067468936,0.238740249665433,0.0086733898803731,0.0074019657985602,-0.869098413421628,-1.47018184907884,-0.166519095888898,0.256634996815174,0.428565377899202,0.386552715644344,0.182132710657915,0.117122861144115,44.1,54.3
"Louisiana",1992,22,0.8461539,0.8461539,0.503352927073179,0.245518379594267,0.0085196920341644,0.0074139952720686,-0.788656385069279,-1.47852669955482,-0.144170575481853,0.176555622863751,0.418513947989786,0.372985849605441,0.175521979725752,0.102269250043761,45.6,41
"Louisiana",1993,22,0.8461539,0.8461539,0.498494254321874,0.250322478791855,0.0087349506827348,0.0076204724904906,-0.834970821259572,-1.63112408928209,-0.001562952860581,0.0871732794261507,0.412405387797924,0.408790434666375,0.182542597492192,0.104918847666557,45.6,41
"Louisiana",1994,22,0.8461539,0.8461539,0.493274393506794,0.255568141942441,0.00864829259195,0.0075960964192654,-0.772824027823001,-1.54294729353779,-0.0866517982360949,-0.014641210884768,0.39676275978432,0.442925713495662,0.155401692290849,0.114460199175268,45.6,41
"Louisiana",1995,22,0.6666667,0.7428572,0.489709730298184,0.258311395252506,0.0087861218059363,0.0077140504415225,-0.849513496966283,-1.61650505867626,-0.0540551126068563,-0.0765485674269087,0.400140068190825,0.414196229610819,0.184446177621468,0.104228212231921,45.6,41
"Louisiana",1996,22,0.6666667,0.7428572,0.486422520500837,0.26092615181682,0.0084902931424029,0.0077843624797148,-0.830035216562914,-1.64287412616025,0.138262009045242,0.0357548323012639,0.393649570885572,0.450698799706253,0.15174225459633,0.122774284507027,52,39.9
"Louisiana",1997,22,0.6666667,0.7428572,0.482670843506819,0.265537186494837,0.00814413929114,0.0073637423591664,-0.81879793421951,-1.29043896357862,0.146347519267309,0.0124149097691647,0.397399240264373,0.42704060158425,0.183483779798779,0.124221083073677,52,39.9
"Louisiana",1998,22,0.6666667,0.7428572,0.478128632822821,0.268922992322145,0.0078904502228275,0.0074630419293927,-0.806792376415088,-1.57217605429721,0.208052515337108,-0.0055476713892222,0.348097421070707,0.418619928866706,0.159291574464352,0.132297222255431,52,39.9
"Louisiana",1999,22,0.7179487,0.7142857,0.472860637889192,0.271809230193996,0.0077762222990335,0.0072087649440596,-0.786597075046945,-1.36005366232788,0.192742164424291,0.128331741803613,0.366491838381676,0.39647426774285,0.189898668325337,0.12999912287109,52,39.9
"Louisiana",2000,22,0.7179487,0.7142857,0.468941608621662,0.275131400306188,0.0066796728192864,0.006372364668982,-0.773106237939721,-1.40172854573728,0.167944864912297,-0.0994284273355701,0.362515953967213,0.404671596480583,0.165453524938412,0.0993276713191576,44.9,52.6
"Louisiana",2001,22,0.7179487,0.7142857,0.459959263427047,0.280084892643115,0.0073775996083361,0.0069485055469291,-0.999575920258154,-1.10089018967865,0.1503406069374,0.0180429170386409,0.392997333886638,0.39898145048316,0.202025362874206,0.149077578360766,44.9,52.6
"Louisiana",2002,22,0.7179487,0.7142857,0.451286915108333,0.284933051806019,0.0077380688425722,0.0075065498931077,-0.831798721291352,-0.947068107156093,0.124319569408857,-0.110328580910852,0.391930272195161,0.425012841443043,0.182688572090525,0.140617564482924,44.9,52.6
"Louisiana",2003,22,0.6153846,0.6538461,0.443046621810047,0.288661951119396,0.0074567906656602,0.0071196425187388,-0.87921800716978,-0.778451484786052,-0.0472036537176939,0.0798655915099503,0.385946437160985,0.385612644346759,0.173441339125365,0.154592296454419,44.9,52.6
"Louisiana",2004,22,0.6153846,0.6538461,0.435355176069177,0.29285994833084,0.0075445222621744,0.0067328693852319,-0.78101714929581,-0.793686417169291,-0.0303620356579731,-0.0315192133249306,0.373766466638991,0.386729268826733,0.134853547278211,0.123319724104297,42.2,56.7
"Louisiana",2005,22,0.6153846,0.6538461,0.429163242109685,0.293790379416224,0.0075007787399963,0.0067365613522549,-0.790625854864461,-0.848803911102132,-0.0045123216289563,-0.156237651827565,0.38956304825513,0.382263192708788,0.153245225849664,0.111904585209985,42.2,56.7
"Louisiana",2006,22,0.6153846,0.6538461,0.423833631257909,0.289570746817633,0.0072210984949303,0.0065975166473911,-0.993194511287985,-0.918360566375086,0.126781186470213,-0.104224457855956,0.372606819938508,0.390355532287575,0.131252122990292,0.107177595322337,42.2,56.7
"Louisiana",2007,22,0.6410257,0.5145631,0.418820755753664,0.290016766116336,0.006989820382168,0.006684236293297,-0.765397180711954,-0.858342057160284,0.0102339052334098,-0.113857241478967,0.378377496508753,0.365461853450159,0.144416092673445,0.106482174912189,42.2,56.7
"Louisiana",2008,22,0.6410257,0.5145631,0.414950956518184,0.293917570435537,0.0067486578584718,0.0065782944609386,-0.803182055372986,-0.599869923100596,0.0220265296351308,0.0358102300165624,0.347963391695473,0.370164145288567,0.165328301969889,0.0913928594903008,39.9,58.6
"Louisiana",2009,22,0.6410257,0.5145631,0.408724082194776,0.294197714359796,0.006410773870263,0.0065404439344103,-0.87271796088034,-0.551843595193133,-0.17606562848546,-0.171910885821841,0.386800757414077,0.354886285220114,0.191377378035617,0.0890650115634408,39.9,58.6
"Louisiana",2010,22,0.6410257,0.5145631,0.402911877209845,0.296803315531322,0.0063692200534333,0.006361216575418,-0.878460514250235,-0.790879410970596,0.26674531074028,-0.226294276441676,0.360369842549508,0.379454255666834,0.188580208046775,0.093556256165682,39.9,58.6
"Louisiana",2011,22,0.51282051,0.46666667,0.403300003096839,0.296310671109357,0.0063911459617593,0.0068241848082808,-0.888926175147762,-0.822632408758433,0.249440351037048,-0.227832729799048,0.355258347577427,0.392721244861137,0.196605056823466,0.096559422464216,39.9,58.6
"Louisiana",2012,22,0.38461538,0.42857143,0.401579710409287,0.294675728839137,0.0066943564587582,0.0067786562689522,-0.967210571234894,-0.758013116591377,0.371202764700678,-0.196560016015941,0.374074134942395,0.376344701480132,0.20644668395868,0.0936436227577831,40.6,57.8
"Louisiana",2013,22,0.38461538,0.42857143,0.399015784679596,0.294474837112332,0.0070086249948932,0.0071634257058972,-0.925226216410714,-0.966026554412227,0.343838248841112,-0.360009153859193,0.373749521069159,0.454769889294473,0.240217736913132,0.103104606198896,40.6,57.8
"Louisiana",2014,22,0.33333333,0.41904762,0.397524140721521,0.296815172639088,0.0082073876715647,0.0080731576923119,-0.920599694558892,-0.946591169681519,0.351400064786122,-0.380151529135045,0.352137670773927,0.480369391135103,0.289742672254953,0.117718023242124,40.6,57.8
"Maine",1946,23,0.0909091,0.1655629,0.338976539859133,0.448068685797314,0.0295441216903388,0.0319599309488066,0.0038168662138997,-0.0057202304152608,-0.128839077813801,-0.0446436076706325,0.633676033734028,0.31858880073468,0.147632401444239,0.0941934587043215,NA,NA
"Maine",1947,23,0.0909091,0.1655629,0.337094120047836,0.450025751883936,0.0273807146980564,0.0292681853619394,0.0365854036117094,-0.256956319587738,-0.126440576462537,0.020445409272866,0.61302840968944,0.299183175951978,0.15067223287546,0.0981192938746949,NA,NA
"Maine",1948,23,0.1515152,0.1655629,0.335628915332529,0.451429489534786,0.025760082014814,0.0271747490801476,-0.0116177178178256,-0.394746019107287,-0.28506268252579,0.002195783519104,0.610572378229348,0.28989431673305,0.124326576059814,0.0874490570699249,NA,NA
"Maine",1949,23,0.1515152,0.1655629,0.335015972181103,0.454573853451594,0.0249703349408245,0.0266904811482154,0.594786910850059,-0.333784107064978,-0.269385996968683,0.120416851478901,0.517914359340591,0.323023924505283,0.158214133375064,0.0875068268825789,NA,NA
"Maine",1950,23,0.0606061,0.16,0.333803921775321,0.456884604442212,0.0231669450878443,0.0253195062317604,0.610756858342086,-0.326112089222683,-0.169467449693308,0.0303763453392765,0.512789818420437,0.307733945956465,0.16820448569872,0.102331058409217,NA,NA
"Maine",1951,23,0.0606061,0.16,0.335748710367451,0.457460327300778,0.0220780539022165,0.0242156772686739,0.593510309036478,-0.496752155399052,-0.281663993739815,0.0682720863814144,0.518538625705479,0.299962854174682,0.21083803414969,0.132665378370794,NA,NA
"Maine",1952,23,0.0606061,0.1589404,0.336261149203225,0.458771680898501,0.0209329225986539,0.0220713078236207,0.541704755732284,-0.594050184101863,-0.251207152140642,0.11904634904323,0.506794603326435,0.291024502751442,0.159492818311311,0.0977008557026746,NA,NA
"Maine",1953,23,0.0606061,0.1589404,0.343061914948353,0.452796157393775,0.0191680527598081,0.0206280794623444,0.520633389608774,-0.604195870401744,-0.300501714951564,0.0751833602537951,0.526993634106228,0.297556586570228,0.157107112071296,0.110495583464528,NA,NA
"Maine",1954,23,0.1818182,0.2119205,0.34821582179287,0.448913529513673,0.0179237299003807,0.019098429936388,0.429611176033111,-0.721268113282849,-0.296395462879831,0.157767311694389,0.508251598667512,0.29527584692645,0.143373769954929,0.106713621700792,NA,NA
"Maine",1955,23,0.1818182,0.2119205,0.348500966921303,0.446959863435873,0.0164551062444207,0.0179182538021037,0.507331203051861,-0.522982696340429,-0.3563243740436,0.0592141640552478,0.513125375846973,0.315325301170961,0.125701227820205,0.104748333503677,NA,NA
"Maine",1956,23,0.2424242,0.3377483,0.35364278510099,0.436472095025393,0.016388875153426,0.0167935862572873,0.477479413705356,-0.625311289416104,-0.52168499026528,0.0316193633595169,0.533967979562114,0.297556689346826,0.120675109799881,0.131912037200003,29.1,70.9
"Maine",1957,23,0.2424242,0.3377483,0.357534852913391,0.420969143110465,0.0165531071157447,0.0163285773673494,0.465787877444633,-0.663796685825075,-0.326775193937457,0.119388046778279,0.515529737648434,0.312160173284281,0.151804439297069,0.106757005835784,NA,NA
"Maine",1958,23,0.3636364,0.384106,0.357760638688453,0.411434213758615,0.0167738546506371,0.0169726750969079,0.405954799379903,-0.721281788512007,-0.451896135625036,0.0259419678717308,0.516827664762999,0.283834839668328,0.119024435419056,0.12400866796191,NA,NA
"Maine",1959,23,0.3636364,0.384106,0.354281514262447,0.407357811371408,0.0170655775137875,0.017307591392932,0.32640504160238,-0.43700789306573,-0.406864392673666,-0.0593529664925517,0.531810642920833,0.279843709673743,0.127812475024958,0.137770421926964,NA,NA
"Maine",1960,23,0.0909091,0.2516556,0.351249995968426,0.402623514087408,0.0177478962322444,0.0178266957537024,0.343027064691054,-0.6062100410657,-0.448567218441073,0.306864035823865,0.471165947711354,0.309380827954516,0.142769787725728,0.130375876337929,43,57
"Maine",1961,23,0.0909091,0.2516556,0.346702512015292,0.399724348495758,0.0174852877633121,0.0177498392420083,0.285184314519133,-0.525156824231442,-0.443832508508279,0.2241679410131,0.51592222943249,0.299270806229437,0.174661284132778,0.131705392302615,43,57
"Maine",1962,23,0.1470588,0.2715232,0.344454404470555,0.398329160964541,0.0179335394763743,0.0169139837180431,0.253466420144774,-0.536516927526018,-0.526684780262641,0.0313606858573261,0.490827875858276,0.290675272920177,0.182347344224225,0.124420844118556,43,57
"Maine",1963,23,0.1470588,0.2715232,0.342568073014334,0.395647339342987,0.0174085629461841,0.0161986801564146,0.257544484626862,-0.394135470265832,-0.23541890051843,0.186467229293061,0.495732599945306,0.297625836814456,0.169760005364114,0.140120129103864,43,57
"Maine",1964,23,0.8529412,0.5364239,0.341436450702982,0.391666255799818,0.0166733471826278,0.0159051104600997,0.183610989225794,-0.42382916251064,-0.453180595252127,0.124734657175719,0.515369336130275,0.293011988920712,0.145424473548518,0.105145275781452,68.8,31.1
"Maine",1965,23,0.8529412,0.5364239,0.337914015694635,0.387906561024314,0.0172110767575178,0.0165243562335333,0.0184317022455353,-0.261913705374071,-0.262880963766009,0.192033484503006,0.495429321119766,0.270541088881911,0.15040617026896,0.135014964531502,68.8,31.1
"Maine",1966,23,0.2941177,0.3708609,0.334874692240834,0.382493839800289,0.0172780609450328,0.0167695754995223,-0.0663518338076216,-0.354641630912647,-0.405581255795975,0.140589566751156,0.496590042970549,0.295855923671398,0.140439606698511,0.132934080712307,68.8,31.1
"Maine",1967,23,0.2941177,0.3708609,0.333868693778126,0.376372083973735,0.0164625407530535,0.0164542757706348,-0.132547143012667,-0.526903165055012,-0.285205364575103,0.0984528942764447,0.475488708255151,0.325824671062635,0.150429445631088,0.14118512482772,68.8,31.1
"Maine",1968,23,0.4375,0.4370861,0.336833438402577,0.367673499159127,0.0157841165713083,0.0159475855419531,-0.183133820117246,-0.421057971458789,-0.385253895311909,0.204726656109306,0.489700117884222,0.345291495520356,0.130178346786686,0.123812453989072,55.3,43.1
"Maine",1969,23,0.4375,0.4370861,0.340065422204858,0.359288134329215,0.0160764720274096,0.0156236805919714,-0.304057632619401,-0.166419247812935,-0.264073768850518,0.356642280859548,0.482936408858182,0.336955708858964,0.160034154182812,0.139361849648739,55.3,43.1
"Maine",1970,23,0.4375,0.4701987,0.343525760422028,0.350464117237041,0.0158717669031642,0.0153757873812084,-0.364637840637416,0.138603507475921,-0.15463097161331,0.368858977169375,0.46693163891448,0.320718119710024,0.164774982016225,0.177744529656414,55.3,43.1
"Maine",1971,23,0.4375,0.4701987,0.349050024493349,0.342306818087707,0.0167732830912882,0.0153881497822136,0.0030194658017989,0.0811804519847032,-0.077270559949311,0.257849239269272,0.442727396293253,0.336867137631946,0.164127351452457,0.140367338348987,55.3,43.1
"Maine",1972,23,0.3333333,0.4768212,0.348959145771362,0.337875171787063,0.0164276802271468,0.0151793457504388,-0.257763572103425,0.146459052491334,-0.102790462294329,0.364947278454933,0.439032861418415,0.302210696768006,0.15555145820776,0.153119399808078,38.5,61.5
"Maine",1973,23,0.3333333,0.4768212,0.344288984533066,0.335494706583274,0.0166165136105168,0.0153125439841852,-0.33229151830203,0.106283109809024,-0.111652513348565,0.338955057864319,0.460249497772587,0.347181213721897,0.204171002746856,0.151125325127326,38.5,61.5
"Maine",1974,23,0.4242424,0.6066667,0.341126872390949,0.330321748131832,0.0163509120843071,0.0156865349062964,0.176849261678496,-0.0705347003097123,-0.0667697793199348,0.208900908427969,0.400523575538555,0.323172890446082,0.164264681576843,0.165582763202273,38.5,61.5
"Maine",1975,23,0.4242424,0.6066667,0.337029521333874,0.326183222634526,0.0155264732264006,0.0154691985341985,0.796725925990772,0.320915673289318,-0.0465791241150317,0.153357233967482,0.318616357947993,0.326865042451309,0.189244879229191,0.195404100514672,38.5,61.5
"Maine",1976,23,0.3636364,0.589404,0.33265983519825,0.320687895420029,0.0151073066613376,0.0149185389026537,0.907979031116244,0.301107993210131,-0.0020132671792857,0.0017772404369451,0.331135200017855,0.320623636199208,0.162173155420811,0.181726383961866,48.1,48.9
"Maine",1977,23,0.3636364,0.589404,0.332943117533222,0.315723846243404,0.015256127981134,0.0154424019996173,0.855547731544997,0.311746763310951,-0.0127250251674593,-0.0273931855810763,0.30847379944116,0.326840504305658,0.167430739338239,0.234491863002452,48.1,48.9
"Maine",1978,23,0.40625,0.5133333,0.332618674668643,0.309549296430848,0.0152184205110051,0.015570599849022,0.850581203414577,0.549884840667838,-0.0416944036154516,-0.126922061127917,0.327488529083312,0.322478165514987,0.175412049933793,0.222303633715432,48.1,48.9
"Maine",1979,23,0.40625,0.5133333,0.32838869773813,0.305830065652794,0.0159911584043932,0.0151900482224271,0.792652293520926,0.474394496194877,0.145317232122626,-0.0135496072897883,0.313275663797535,0.30994331343037,0.183085305552284,0.238407428223337,48.1,48.9
"Maine",1980,23,0.4848485,0.5562914,0.324147114485094,0.301026811889644,0.01497043741827,0.0144356276188438,0.756687718037214,0.389932226437683,0.0564035456233827,-0.0905046456822724,0.330302529195507,0.33231331006426,0.171244402258701,0.177097490586769,42.3,45.6
"Maine",1981,23,0.4848485,0.5562914,0.321070633611329,0.297326071256305,0.0142511041075146,0.0140880867288532,0.636086637837405,0.402978437467805,0.196422141413497,-0.0648446358015223,0.31498432994706,0.311725005512576,0.177365116692176,0.250510593538072,42.3,45.6
"Maine",1982,23,0.6969697,0.6092715,0.320983070984663,0.292943563707001,0.0143373100811937,0.014051665127102,0.577140491236796,0.431729212387971,0.107510254030941,-0.0650692348813899,0.314091348071068,0.329762589471346,0.16388516486937,0.20199636906745,42.3,45.6
"Maine",1983,23,0.6969697,0.6092715,0.321810272586308,0.287696814673153,0.0142702184829674,0.013723783188755,0.587692034176623,0.699645413314755,0.110901176397792,-0.105985767621671,0.303930883845083,0.322336029496392,0.162619204738049,0.220311703861809,42.3,45.6
"Maine",1984,23,0.6857143,0.5629139,0.321973267195858,0.28353852607303,0.0135284581244988,0.0125209354993082,0.57182087590883,0.793629737584677,0.0358053092460843,-0.0537702803202444,0.301304428788081,0.348919215780106,0.156747099805388,0.190364311704696,38.8,60.8
"Maine",1985,23,0.6857143,0.5629139,0.321024990038042,0.279384808158644,0.0132219819080704,0.0125501096709954,0.436305789673879,0.896049331511438,0.0993753264872411,-0.0752857254077869,0.300971237061461,0.341891604972083,0.177971650343033,0.172588867117072,38.8,60.8
"Maine",1986,23,0.5714286,0.5695364,0.318666277575479,0.275705080998274,0.0123173456685765,0.012128308991809,0.421045519578674,0.841097952914193,0.103632224519763,-0.0095843581568566,0.325177687397444,0.343077176562729,0.16799644388365,0.181267781821337,38.8,60.8
"Maine",1987,23,0.5714286,0.5695364,0.316371448508895,0.273957590980893,0.0116710411467141,0.0117908795826318,0.387187726441791,0.851749902059974,0.159646374742088,-0.0005599761462303,0.293023884297109,0.326787866950359,0.164838569934603,0.142166512448991,38.8,60.8
"Maine",1988,23,0.5714286,0.6423841,0.314925503975854,0.274569260741904,0.0118968371330813,0.0113739385492007,0.341298674999346,0.95952167469775,0.211141775675676,0.199430766735303,0.319112753207365,0.323618071228797,0.173076118712494,0.126915837584011,43.9,55.3
"Maine",1989,23,0.5714286,0.6423841,0.3118322433908,0.275521461448812,0.0123852688041522,0.0119270636003683,0.15563151645427,0.960275610980392,0.296280242652403,0.228315732808933,0.294897725042459,0.339339718725265,0.195005646902635,0.14572010721359,43.9,55.3
"Maine",1990,23,0.6285715,0.6423841,0.310332008600314,0.276149340118122,0.01230776811177,0.0124511190006662,0.120915668692764,0.933045741709829,0.465557602248675,0.238375942700014,0.316369852286117,0.323560375085988,0.198216732540159,0.124943032113516,43.9,55.3
"Maine",1991,23,0.6285715,0.6423841,0.309400191567709,0.276074775628952,0.0122290977193572,0.0124876536389958,0.123801255930475,0.865302524981402,0.503391719098711,0.205445798259928,0.290193517549096,0.339936343580393,0.215140026569396,0.136825264867244,43.9,55.3
"Maine",1992,23,0.5714286,0.602649,0.309535818232556,0.275792952719722,0.0123116386718812,0.012011002209896,0.129779331597898,0.904271214199576,0.592584771585536,0.144951790854387,0.30993779035944,0.359634563686433,0.202149048501755,0.116018535510434,38.8,30.4
"Maine",1993,23,0.5714286,0.602649,0.307500695868946,0.274441170977391,0.0120630008911275,0.0121108828965128,0.108078709252334,0.954567370689394,0.738440569549874,-0.054544925114091,0.318390980958641,0.354412357620775,0.21115227579285,0.135462473705655,38.8,30.4
"Maine",1994,23,0.4705882,0.5033113,0.306053093845924,0.275917017193898,0.0120442349316458,0.0117476303988184,0.1975921928821,0.877793516253953,0.619219292831371,-0.071443333684749,0.321667544932319,0.413464302004328,0.197807980888097,0.143732507680998,38.8,30.4
"Maine",1995,23,0.4705882,0.5033113,0.306890023304793,0.27451168451088,0.0117072378113241,0.0113056210766152,0.198924240505752,1.0729155953331,0.729530214379139,-0.220316160190875,0.352119805468855,0.393483536917852,0.217958357951599,0.136329672960561,38.8,30.4
"Maine",1996,23,0.5588235,0.54,0.306973343841043,0.271582723924853,0.0113909194139049,0.0115343632392443,0.162878295430135,0.925795111441495,0.644431490383532,-0.0976348791547343,0.311362797892973,0.363991051364171,0.18094719003235,0.147602160230757,51.6,30.8
"Maine",1997,23,0.5588235,0.54,0.305617802405372,0.268091130212679,0.011251387643034,0.0113653643099204,0.168615348860159,1.25850711933692,0.643195123996812,-0.0728785482184396,0.311024702775867,0.36246140201737,0.194069369554432,0.166700785776198,51.6,30.8
"Maine",1998,23,0.5882353,0.5266666,0.305745080255176,0.266150329803297,0.0108388031733069,0.0106210318666847,0.169108903762454,1.01886517840718,0.623736784261053,-0.0561859091682117,0.331757853172858,0.340682400263308,0.185883488987167,0.141255902402748,51.6,30.8
"Maine",1999,23,0.5882353,0.5266666,0.30394963127979,0.265279303754478,0.0100847797509176,0.0102825833734314,0.22205787052647,1.10095442470631,0.550424122074201,0.103587806883425,0.338685826025493,0.330375840066529,0.204768743006173,0.165057539791577,51.6,30.8
"Maine",2000,23,0.5,0.5933333,0.304361175155678,0.265469800198133,0.0095204245460248,0.0095682600822464,0.348833960951167,1.21894241574252,0.573582508333447,-0.0778712141726787,0.325929439238434,0.338566706254819,0.178296393185984,0.113312146091148,49.1,44
"Maine",2001,23,0.5,0.5933333,0.30549862864012,0.26657735843531,0.0101484858052146,0.0100846249420192,0.422984327454893,1.18060515357356,0.681983890906112,0.066644715069144,0.313953561281652,0.350173991838366,0.209773696838288,0.165857227040447,49.1,44
"Maine",2002,23,0.5142857,0.5442177,0.306362910440815,0.268295778834135,0.0098608729061854,0.0103859031826703,0.346047775640538,1.32567810485492,0.79164744384214,-0.0023026986511104,0.315527103042174,0.362251106364453,0.199442414174942,0.145382107728479,49.1,44
"Maine",2003,23,0.5142857,0.5442177,0.306873876826055,0.271052845919997,0.0101805280096285,0.0108971617126949,0.467788143966261,1.2803223037508,0.784507897297201,0.242364552434431,0.316038414846354,0.343268950132031,0.19005107227644,0.176935393939788,49.1,44
"Maine",2004,23,0.5142857,0.5100671,0.307642954980382,0.274089023582136,0.0098744783462936,0.0103384541375454,0.686603195157413,1.37975194394254,0.843697565089397,0.0775215967228319,0.277558925683802,0.329554388374505,0.163765527121993,0.137621285613163,53.6,44.6
"Maine",2005,23,0.5142857,0.5100671,0.309271776609993,0.275899625110422,0.0096856592145995,0.010585090792959,1.04809820409681,1.4083138075214,0.830355007354597,0.120318524244162,0.220434867054092,0.343253550563705,0.166555516362656,0.130013010578703,53.6,44.6
"Maine",2006,23,0.5142857,0.5973154,0.309079876917686,0.275547425061568,0.0098889878287053,0.0098070493241037,1.03782232843286,1.54802612478207,1.03514977261383,0.0382445584243173,0.239968213025612,0.324057434297659,0.167287455080526,0.125951755424238,53.6,44.6
"Maine",2007,23,0.5142857,0.5973154,0.30760063590442,0.275028157750579,0.0096662009729465,0.0093132404798308,0.993736168054554,1.43408052386603,1.20731287520604,0.0728445042168461,0.257925459716585,0.322190065038206,0.191042518989418,0.119627634688346,53.6,44.6
"Maine",2008,23,0.5714286,0.64,0.309724079611106,0.274499278964782,0.0095517982083552,0.0094900721357733,0.97115475629081,1.36779571829591,1.45552823871961,0.0552699288335052,0.268903554666786,0.333281916827578,0.210311612058049,0.107120470610229,57.7,40.4
"Maine",2009,23,0.5714286,0.64,0.311733487767097,0.268369286484264,0.0098249517421986,0.0093225766044392,0.988134133032153,1.39200059585245,1.32801174535414,-0.139259093859203,0.260227904274086,0.309322719880913,0.234688173441415,0.10790090843946,57.7,40.4
"Maine",2010,23,0.4117647,0.4866667,0.310575088827671,0.26427450495608,0.0098319252563424,0.0088307056983507,0.974073491519501,1.26435952712411,1.65102943122582,-0.263445309437814,0.275988124921959,0.313143460884846,0.224235980858909,0.112769374874765,57.7,40.4
"Maine",2011,23,0.4,0.47682119,0.30526629737017,0.260326550562584,0.0104874851193797,0.0094218949159293,0.952725226410016,1.26203193172101,1.55093845401322,-0.267036291051556,0.267465751075437,0.317172468309662,0.242686254999607,0.112278095505963,57.7,40.4
"Maine",2012,23,0.4,0.47682119,0.301713459657961,0.257268120172878,0.0107983023889524,0.0101260642159259,0.922484544777413,1.23576820503442,1.84188145406937,-0.222017531474699,0.284346111240156,0.345289596904564,0.277088458932097,0.102317244371585,56.3,41
"Maine",2013,23,0.54285714,0.57615894,0.303781848637181,0.252169483759879,0.0117165194209667,0.0110545432658876,0.868542817982274,1.50501206876351,1.98636591440936,-0.286547259623614,0.318057335583314,0.404163458790677,0.321641740776086,0.117942209910665,56.3,41
"Maine",2014,23,0.54285714,0.58940397,0.309792222274529,0.24790992568496,0.0120651524645601,0.0114561328487034,0.897932384708064,1.55916368296003,2.3585638688911,-0.180623456099537,0.310438228411973,0.411831426508435,0.418785528044587,0.123004167744132,56.3,41
"Maryland",1946,24,0.6206896,0.7073171,0.508573098788454,0.319431719507981,0.0275065195675168,0.0248406677608762,-0.906656571026651,0.192609433749811,0.245600043778671,-0.0030078508190794,0.782685025183717,0.292713926288972,0.153606457280802,0.0769984011278841,NA,NA
"Maryland",1947,24,0.6206896,0.7073171,0.510386757237266,0.318502174009522,0.0250705380799699,0.0228348963146763,-0.523189953478238,0.194532851985218,0.269460140543719,0.0035548827912381,0.762928144398329,0.320115436289796,0.160524639035562,0.0789150780231485,NA,NA
"Maryland",1948,24,0.6206896,0.7073171,0.511739209284234,0.317552341664224,0.0228672779787488,0.0203180790568651,-0.470684005344031,0.231616910404131,-0.0816357951717756,0.130576488698699,0.700123956739004,0.297137675136532,0.128666783015979,0.0779984629816274,NA,NA
"Maryland",1949,24,0.6206896,0.7073171,0.513424823370462,0.315054225609794,0.0219223499360959,0.0192217044708497,-0.468496575153446,0.276675549652201,-0.0280683505268173,0.0121573641449927,0.70900111130537,0.302456930383568,0.162589307925533,0.0783996741293756,NA,NA
"Maryland",1950,24,0.6206896,0.7154471,0.515419670884906,0.312402596770587,0.0203969864122501,0.0177718630286114,-0.528830090370441,0.222444212853543,0.106393307734822,-0.0618461339809523,0.752401115447374,0.303219639603232,0.168564938954506,0.0981481494394852,NA,NA
"Maryland",1951,24,0.6206896,0.7154471,0.516436309302186,0.310467451653413,0.0186885839364947,0.0164909597833697,-0.587542562831226,0.216416059804016,-0.111274239969615,0.0558397201461148,0.725950781501242,0.310841130384783,0.196730773089999,0.115732044922036,NA,NA
"Maryland",1952,24,0.6206896,0.7154471,0.517222765902192,0.308534697690572,0.0172333299303433,0.0152208054321271,-0.584405803200463,0.269768738916163,-0.14534049294957,0.0482472859050142,0.731748669606609,0.301095707655341,0.150256356087245,0.0948108750735728,NA,NA
"Maryland",1953,24,0.6206896,0.7154471,0.510493516773384,0.310455486677726,0.0152072163874927,0.0135659711317545,-0.678574310032185,0.246644877997059,-0.242075607759356,0.0486197831205408,0.711268778337649,0.297987080814806,0.143643588951476,0.0948920917909234,NA,NA
"Maryland",1954,24,0.7241379,0.796748,0.508931264722462,0.315312953793955,0.0143338109425278,0.0127484091625173,-0.611106711135822,0.276823728159413,-0.290308811090109,0.165614574375049,0.693949414773373,0.283128345776011,0.116747984463616,0.082231957513866,NA,NA
"Maryland",1955,24,0.7241379,0.796748,0.508631313166873,0.309679881664307,0.0133707810825837,0.0121572665327922,-0.61014233513491,0.229017855460563,-0.201553220948279,0.0535369647042797,0.722408974985337,0.312656519729512,0.122190911512495,0.0754300917611669,NA,NA
"Maryland",1956,24,0.7241379,0.796748,0.508117678476047,0.300827162279591,0.0133164494881347,0.0117037455228095,-0.720928894518466,0.191706890205427,-0.300375568576815,-0.0712021750713507,0.68967936991265,0.300121443190818,0.120784379484994,0.105736215558251,40,60
"Maryland",1957,24,0.7241379,0.796748,0.5136665526395,0.289978615046281,0.0133135292305477,0.0116359343425323,-0.795358983262569,0.0818381081544899,-0.0157728703525144,0.174402321448233,0.749072477680723,0.310642246040079,0.129592527826873,0.0912986960756278,NA,NA
"Maryland",1958,24,0.8965517,0.9430894,0.519466384543022,0.280092666709545,0.0126595045902338,0.0110951411517137,-0.865678960715405,0.228667073264002,0.0212989997853392,0.0458380250871657,0.765488548376397,0.30536630094026,0.120337110344593,0.125424303754659,NA,NA
"Maryland",1959,24,0.8965517,0.9430894,0.523347110694041,0.269554571586383,0.0129329549949455,0.0108970413339937,-0.897221803568136,0.266130877365688,-0.10603174566916,0.103939210663002,0.719673541493259,0.30374395746526,0.11813773381564,0.0912242229437863,NA,NA
"Maryland",1960,24,0.8965517,0.9430894,0.528445196885464,0.261006098159544,0.0129163038483239,0.010881666237795,-0.801574257117408,0.170233943973799,-0.113019819681675,0.134980850407564,0.703706511101797,0.316570696111845,0.130723821647473,0.112937280058803,53.6,46.4
"Maryland",1961,24,0.8965517,0.9430894,0.532962285898473,0.253534131606437,0.011921803834854,0.0106392940865092,-0.817421278149968,0.259101838564064,-0.271562647412877,0.260073663084339,0.664473046441196,0.287650736032401,0.134830602885037,0.105294904615959,53.6,46.4
"Maryland",1962,24,0.7586207,0.8239437,0.538347604300073,0.245695327549647,0.0117830406569779,0.0097405587792086,-0.795875153297124,0.297655572441837,-0.293213539757842,0.0941946546044538,0.70731121717389,0.27367470180688,0.159539501012997,0.0972471794041156,53.6,46.4
"Maryland",1963,24,0.7586207,0.8239437,0.544499037598481,0.240499734570962,0.0120373092103213,0.0100364750592385,-0.86231723751046,0.414395669795805,-0.0553378502530012,0.282240398088753,0.708791545364872,0.287238500162876,0.146704004291743,0.10755691020355,53.6,46.4
"Maryland",1964,24,0.7586207,0.8239437,0.55120891500072,0.23546778046164,0.0117384557060615,0.0099621174297689,-0.78689385956847,0.390913766629059,-0.346537874661189,0.299964376444569,0.657461272048314,0.284179706508708,0.118960851352908,0.0765901847976718,65.5,34.5
"Maryland",1965,24,0.7586207,0.8239437,0.555860562975437,0.228693274680164,0.0112394676145682,0.0096442440086707,0.0600334691232868,0.894093795690434,-0.13238612725126,0.41324018626026,0.475046098089826,0.303250580959675,0.121212093502265,0.110747514932993,65.5,34.5
"Maryland",1966,24,0.8139535,0.8309859,0.55761014805293,0.223862285334301,0.0114691979282452,0.0094774664715587,1.28942847227834,0.667801547622942,-0.307388404678691,0.277513444098638,0.370433283515596,0.319117083683209,0.115298491427133,0.111251737052375,65.5,34.5
"Maryland",1967,24,0.8139535,0.8309859,0.556932760963204,0.22127711034705,0.0118069270788061,0.0096103097219445,1.18649867742338,0.688422682507024,-0.184875612988425,0.300383381468523,0.371781656565596,0.324173614942772,0.134530575365878,0.119485126545739,65.5,34.5
"Maryland",1968,24,0.8139535,0.8309859,0.555859841070247,0.218187460974605,0.0118539791011472,0.0097828966675699,1.1444116500467,0.79998748397428,-0.355900498632312,0.320738021944755,0.364725067157741,0.34016347067137,0.106530358553647,0.103147852013899,43.6,41.9
"Maryland",1969,24,0.8139535,0.8309859,0.55453530210036,0.217620409095526,0.0121400532046666,0.009730892520068,1.09310256006968,0.68818497000519,-0.0299985055296157,0.506805267703169,0.390597994441733,0.350301054062758,0.131072411411476,0.134671544985482,43.6,41.9
"Maryland",1970,24,0.7674419,0.8521127,0.549702230814121,0.218457848140024,0.0117337790190324,0.0096819788090897,0.974789601058101,0.742828756922153,-0.0639223061824083,0.46681676306835,0.363022042589414,0.328913376411438,0.142223461766128,0.164129372184306,43.6,41.9
"Maryland",1971,24,0.7674419,0.8521127,0.54548134305349,0.218308664559799,0.0116511080357545,0.0093154119062159,0.882436041628413,0.669318979647184,0.074314143998148,0.284871157322434,0.377383122113269,0.339285141150549,0.148517036044258,0.145354763825966,43.6,41.9
"Maryland",1972,24,0.7674419,0.8521127,0.538978512329876,0.219077758572426,0.0112507996001185,0.0094824824995652,0.88491948688904,0.530522415901673,0.0795679683785321,0.387946865534815,0.371018938826079,0.32937942008033,0.113158111927781,0.138295334399016,37.4,61.3
"Maryland",1973,24,0.7674419,0.8521127,0.536563199964296,0.219027424141489,0.0109454566726259,0.0094582695929342,1.07721658516498,0.65898924863664,-0.0327242800140747,0.39819169672034,0.350143185437079,0.360043854550647,0.157625967636764,0.128477402958629,37.4,61.3
"Maryland",1974,24,0.8297873,0.893617,0.535093788201953,0.217746785146666,0.0104960509842428,0.0092110333553468,1.02311235915783,0.674938216558871,0.0451606063232381,0.353579358372694,0.326078870222041,0.329560269595709,0.134625111059587,0.153305909029256,37.4,61.3
"Maryland",1975,24,0.8297873,0.893617,0.534070763168424,0.218091061503552,0.0100706423309495,0.0086585441835322,0.970320826506873,0.669802398509944,0.052956387119707,0.384313349815816,0.351616182626195,0.351824157916447,0.137688663240235,0.159556894486716,37.4,61.3
"Maryland",1976,24,0.8297873,0.893617,0.533684337645303,0.217979060299669,0.009564627668451,0.0083408317571671,0.936301204583913,0.546527163763872,0.101769279401806,0.303994315783192,0.335153914468987,0.353076389036691,0.127468927214065,0.152074109943027,53,47
"Maryland",1977,24,0.8297873,0.893617,0.53220808692009,0.221379443507632,0.0093043074101056,0.0077097420330734,0.91050334150122,0.601400448369907,0.123750330577825,0.231491051139225,0.334697879575477,0.329076803205092,0.127643071454844,0.187158974213542,53,47
"Maryland",1978,24,0.8510638,0.8865248,0.532570281968804,0.220441134035117,0.0092723702026937,0.0074113819375471,0.798938086457938,0.649890779474359,0.0507964186545379,0.145108914061971,0.33201017995127,0.348754984797397,0.138056648671441,0.171399315719621,53,47
"Maryland",1979,24,0.8510638,0.8865248,0.532374369250275,0.220838953965807,0.0090808430449501,0.0073655777325344,0.823607697224042,0.673004766268719,0.223991794182064,0.133220336922036,0.320931328112901,0.329949100308912,0.128896157199179,0.216784421287328,53,47
"Maryland",1980,24,0.8510638,0.8865248,0.526621907426029,0.224908672736681,0.0089444532278867,0.0074158526956084,0.782519384956648,0.617767030650859,0.0254474212523194,0.0250322061202686,0.338090163104315,0.325975486885955,0.119274427276279,0.171074688175642,47.1,44.2
"Maryland",1981,24,0.8510638,0.8865248,0.515547454386446,0.232681207191636,0.0085726090260467,0.0071799438442585,0.858888926060683,0.525943503998802,0.230096608205527,0.219960976173105,0.313328452775456,0.326794860183473,0.132174829684004,0.221090769396328,47.1,44.2
"Maryland",1982,24,0.8723404,0.8794326,0.508574289015853,0.236843785683403,0.0091288114599646,0.007544999331275,0.824694959893041,0.617990903432035,0.115905651100302,0.0608521626439322,0.302956188558165,0.344840398885329,0.124381653670154,0.199183765488672,47.1,44.2
"Maryland",1983,24,0.8723404,0.8794326,0.499631830316928,0.241281499064436,0.0093626944757922,0.00753377558261,0.828838994137543,0.52794151617157,0.161969881343937,-0.0259866301552339,0.302776384301661,0.32267316694992,0.129846761292887,0.169048929924914,47.1,44.2
"Maryland",1984,24,0.8723404,0.8794326,0.490698397497538,0.245290462392319,0.0089144275137261,0.0074730575016789,0.771545919943473,0.578095832528408,0.194210412616746,0.0714575824230209,0.315209288158282,0.321177848333243,0.119881549635639,0.179302804603321,47,52.5
"Maryland",1985,24,0.8723404,0.8794326,0.47866791150811,0.249961943572725,0.0084831528564495,0.0073204180952489,0.750126615281763,0.546928052358419,0.205779519418448,0.0857354566830997,0.309851248080142,0.325428287784618,0.149136427714435,0.170531510878791,47,52.5
"Maryland",1986,24,0.8510638,0.8794326,0.471228046562474,0.250926255691765,0.0085070198716806,0.0075521037900762,0.716792433325044,0.52558008777603,0.326792606257281,0.141811260983105,0.318217968946244,0.330566568475015,0.150455723641481,0.148504964120725,47,52.5
"Maryland",1987,24,0.8510638,0.8794326,0.463920210817382,0.252318254847999,0.0082438854070073,0.0075182866542633,0.668635495472813,0.487901963779826,0.282991365617001,0.172075742308573,0.273984906200032,0.327982675150452,0.132770482380032,0.122605289055136,47,52.5
"Maryland",1988,24,0.8510638,0.8794326,0.460071746849873,0.257473783774001,0.0082977548031445,0.0076319954549549,0.761600231399095,0.7235828168004,0.405942609420657,0.272434264250481,0.293288335573011,0.326288169003684,0.158046950921313,0.119591605600182,48.2,51.1
"Maryland",1989,24,0.8510638,0.8794326,0.455533581368861,0.260628352444001,0.0077472195917755,0.0075428952419381,0.682140427831554,0.706707305898129,0.475767862710728,0.375105146572971,0.293490314040283,0.334747300559585,0.157958138541973,0.116621129391586,48.2,51.1
"Maryland",1990,24,0.8085107,0.8297873,0.45143951271451,0.26497191713464,0.0078526391802037,0.0080529506656023,0.656667249446544,0.721928381961052,0.609820215067373,0.292021389534034,0.279409405421844,0.321157666582914,0.159116979630286,0.114207882978728,48.2,51.1
"Maryland",1991,24,0.8085107,0.8297873,0.451210815016735,0.268114090956774,0.0077816990533522,0.0077314944370998,0.620151862194225,0.832308449749158,0.678583477161962,0.324107323521591,0.283617575609411,0.332717502570028,0.18639006472621,0.114617575178756,48.2,51.1
"Maryland",1992,24,0.8085107,0.8297873,0.45550476363423,0.269112323446867,0.0078042142434561,0.0079346097044405,0.589415224291403,0.742032311988759,0.675489904671254,0.247976516868352,0.262913312695267,0.328813122351187,0.174134426630728,0.0988258790135223,49.8,35.6
"Maryland",1993,24,0.8085107,0.8297873,0.460116625052667,0.2673129948094,0.0080960568963568,0.0079402887611763,0.79172365965758,0.896693518190734,0.81221769514591,0.0490593610757504,0.280357913313602,0.358455449998,0.190889533749059,0.113604061502894,49.8,35.6
"Maryland",1994,24,0.680851,0.7092199,0.462638291572128,0.267732230485889,0.0081627916823503,0.0075979491219312,1.54187403831464,0.84539774027058,0.648235209790267,0.0325921610588331,0.172385078166904,0.364228714370376,0.15441931481933,0.134324036970633,49.8,35.6
"Maryland",1995,24,0.680851,0.7092199,0.463542216680572,0.26642943376412,0.0083073883398696,0.0075656134474465,1.50681467097615,0.961923557028858,0.798095330958119,-0.12553943708987,0.185796076932741,0.365619980421737,0.187826008065849,0.106051724065166,49.8,35.6
"Maryland",1996,24,0.680851,0.7092199,0.466009719494713,0.26414584003361,0.0080988869710615,0.0070942995745229,1.51223703803064,1.06934239406916,0.794153561084274,0.042701637134621,0.183653600886916,0.37412960765793,0.15343871511658,0.133601280763837,54.3,38.3
"Maryland",1997,24,0.680851,0.7092199,0.470467366094565,0.262851784422141,0.0078297635478905,0.0070548277854554,1.49620914949374,0.952439812879397,0.792398689489563,0.0151056672425497,0.186334314152333,0.40569581969544,0.187596501539666,0.128208136663264,54.3,38.3
"Maryland",1998,24,0.680851,0.7517731,0.475627242010798,0.262945047209165,0.0076838806112073,0.006946236197247,1.458450908036,0.838041802132656,0.80009277026804,0.0419055823787791,0.180224960195575,0.353352562279791,0.157319225578136,0.136994027132407,54.3,38.3
"Maryland",1999,24,0.680851,0.7517731,0.480615548777347,0.263795286057436,0.0069317274232773,0.006648183258871,1.47538654908198,0.759792569944858,0.821287349079102,0.199957905823774,0.192846276001859,0.34263666951729,0.206182942806011,0.151818786746317,54.3,38.3
"Maryland",2000,24,0.680851,0.7517731,0.482111584532873,0.266615917683364,0.0066656853633401,0.0062607453915676,1.44075558757143,0.677615084601927,0.872586379512243,0.0172712562708411,0.184315666741369,0.339740431075037,0.163776399764088,0.109701542393196,56.6,40.2
"Maryland",2001,24,0.680851,0.7517731,0.479995573330727,0.266857400237587,0.0069597695005479,0.006665704450126,1.48113441959894,1.11244737552295,0.977733083872374,0.215045882329665,0.203236572999679,0.335148141205047,0.208648239547949,0.150520148711828,56.6,40.2
"Maryland",2002,24,0.7021276,0.6950355,0.48009765839899,0.266927474096299,0.0076603303054163,0.0068803141825947,1.48127224149285,1.06285669312083,1.07050052435546,0.0578825049281721,0.214448566027535,0.332860235333417,0.207854613184927,0.133651075152534,56.6,40.2
"Maryland",2003,24,0.7021276,0.6950355,0.48030442249083,0.26639245880141,0.007538511428606,0.0066845175399209,1.46612022240674,1.08141262565316,0.962287969064172,0.288159296455493,0.217868754473619,0.347993369295808,0.170139948651726,0.173063509172473,56.6,40.2
"Maryland",2004,24,0.7021276,0.6950355,0.480330633510066,0.26377787572023,0.0070160709441762,0.0061219080430168,1.47344554261247,1.08988078049061,0.892467323916552,0.20438692492653,0.191437987598348,0.342713886318734,0.142777250805187,0.109644757993309,55.9,42.9
"Maryland",2005,24,0.7021276,0.6950355,0.48040619231337,0.261820993291101,0.0069992443383966,0.0064860199605292,1.53383818093681,1.03669501838842,0.887031548408839,0.206099163413036,0.211274266867842,0.327942393616983,0.153010226687061,0.115228633099339,55.9,42.9
"Maryland",2006,24,0.7021276,0.7375886,0.481479209127804,0.259018892479364,0.0067116250627595,0.0062211643854586,1.52387344415733,1.1519123704425,0.977937917809427,0.248169486956132,0.193105772224805,0.314543450174042,0.154152302333452,0.108623084023436,55.9,42.9
"Maryland",2007,24,0.7021276,0.7375886,0.488057883155273,0.249699696881757,0.0064596498302453,0.0057990219273956,1.53622125698052,1.46247411484804,1.14539236053819,0.253443662046942,0.171009376858091,0.308119418115917,0.175246226851811,0.111101156401347,55.9,42.9
"Maryland",2008,24,0.7021276,0.7375886,0.494733889530247,0.241384189325724,0.0064778255995978,0.0057105807406973,1.58482536786814,1.32681895926644,1.24911481332876,0.263664391545641,0.182790627933967,0.321354770598656,0.185161414045336,0.0908054358027518,61.9,36.5
"Maryland",2009,24,0.7021276,0.7375886,0.495422197466876,0.23586153583694,0.0064223886853835,0.0056426323637215,1.61935491554816,1.42602911602111,1.08059068592454,0.0527610843045646,0.200888445060702,0.313643170131653,0.187609039703869,0.082257466765994,61.9,36.5
"Maryland",2010,24,0.7446808,0.6950355,0.497060119645484,0.235993198368154,0.0063136394158772,0.0053911487053296,1.61966501069204,1.31326418910452,1.45052496210246,0.0170486423048223,0.195926108645607,0.313688508326645,0.195278388950947,0.0826070947893276,61.9,36.5
"Maryland",2011,24,0.74468085,0.69503546,0.495597677217343,0.227887209481375,0.0068230308935995,0.0057765353949766,1.62412627353967,1.27505704817856,1.44847428114246,0.05724211276771,0.190006331266953,0.316897168293487,0.195571609271214,0.0874448485684646,61.9,36.5
"Maryland",2012,24,0.74468085,0.69503546,0.498578398615171,0.222574026213241,0.0067318339894287,0.005818528564692,1.71756750422906,1.24500847587083,1.728441460561,0.0024423194595575,0.201813556182323,0.315090555718878,0.218339145640615,0.0858086072837386,62,35.9
"Maryland",2013,24,0.74468085,0.69503546,0.500250002899029,0.217350899914795,0.0070866663002548,0.0061570536278648,1.71322469397935,1.10386267681538,1.85159953689199,0.0620190928767131,0.198399881731945,0.351848615498176,0.253864358878335,0.0888056846278867,62,35.9
"Maryland",2014,24,0.76595745,0.69503546,0.500835977867259,0.213385569252565,0.0079346546249232,0.0068479807656837,1.93759674292853,1.06612673733244,2.11100887643415,0.147131390531394,0.292207949860743,0.379315491299952,0.333565899510458,0.106247334464787,62,35.9
"Massachusetts",1946,25,0.4,0.3958333,0.397702569694988,0.290728762687606,0.024518712414541,0.0211954503800174,1.56838357620957,1.26051985212734,0.372824669318956,0.0284516992704435,0.51744771315656,0.253893472789865,0.139153271613386,0.0731879335880839,NA,NA
"Massachusetts",1947,25,0.4,0.3958333,0.396178133375009,0.291833409927037,0.0222350318759103,0.0195489619453857,1.5114180062156,1.16048952653193,0.285702225519103,0.103820977970824,0.501837273050549,0.251907432425111,0.139282868540499,0.0629803614151807,NA,NA
"Massachusetts",1948,25,0.5,0.5083333,0.395040348666852,0.292565150243959,0.0189275598535925,0.0172304460503512,1.50417187157857,1.10623577630547,0.203710475484497,0.174732768407742,0.474226860697738,0.259479434728478,0.118759380718991,0.0638499532920883,NA,NA
"Massachusetts",1949,25,0.5,0.5083333,0.400725675637546,0.292068058289965,0.0176496629310039,0.0160269456983423,1.70367686595253,1.16805117107945,-0.0318727213898969,0.145593420655549,0.500737589474556,0.241542338577073,0.129552393676235,0.0571360369414741,NA,NA
"Massachusetts",1950,25,0.45,0.5166667,0.403872759513626,0.292763038634297,0.0167141362383583,0.0156587110064346,1.71521731115821,1.18595263760043,-0.027223753872272,-0.0263338292634384,0.500965459717834,0.248284330513698,0.139291962733315,0.0738154532264812,NA,NA
"Massachusetts",1951,25,0.45,0.5166667,0.407995607744968,0.294540592349063,0.0146489687824564,0.0145943584518148,1.61362506435854,1.1124198080953,-0.103299417262898,-0.0375182057868496,0.499280068169528,0.240251842601234,0.188815895553236,0.110845531529592,NA,NA
"Massachusetts",1952,25,0.375,0.4833333,0.411251723503454,0.297141201193036,0.012397407932885,0.0124217706130712,1.61245423311734,1.19425256527938,0.0795823998556608,0.0451381809531359,0.530714443061814,0.290368230351489,0.145326092254087,0.0767677939986906,NA,NA
"Massachusetts",1953,25,0.375,0.4833333,0.413324839991713,0.305817206678762,0.0109673130138491,0.0112039791799255,1.62407626398043,1.27513935681745,-0.105997632379973,0.0379024219584524,0.496548779730006,0.296571168037197,0.143094996612127,0.0868823455332441,NA,NA
"Massachusetts",1954,25,0.475,0.5333334,0.420273121603239,0.3048093746035,0.0109549531134039,0.0111796856437153,1.66331253304852,1.31584446026787,0.0503979835877684,0.22545750421975,0.526399151409396,0.282997791157136,0.116364300155856,0.0726750781702558,NA,NA
"Massachusetts",1955,25,0.475,0.5333334,0.417084103580212,0.304438566255801,0.0098113404933313,0.0099153110417799,1.6438248796233,1.34464286063987,0.0617054873213961,0.168714513645799,0.490408952954911,0.297494299299354,0.13772192712264,0.0663257695654476,NA,NA
"Massachusetts",1956,25,0.45,0.55,0.407533279806471,0.300872786901139,0.0097262729604849,0.0096278624943581,1.55455668480792,1.44247288501726,-0.079264679639629,0.133893571241585,0.4821767132247,0.303929060163871,0.108104268845158,0.108940117356753,40.4,59.3
"Massachusetts",1957,25,0.45,0.55,0.405731779743891,0.293249780504632,0.0101214876567528,0.0095322708371878,1.55518508430659,1.58570893866355,-0.176085626113342,0.197492106733905,0.505206167279774,0.320965293618554,0.1112518223784,0.0763931193670455,NA,NA
"Massachusetts",1958,25,0.6,0.6041667,0.410680421674034,0.275412553752018,0.0104455091000232,0.0095179048682275,1.50039394143667,1.37297318967952,-0.031217483797799,-0.0288441668937561,0.545059809485571,0.288366065263268,0.108445791113513,0.110344388969741,NA,NA
"Massachusetts",1959,25,0.6,0.6041667,0.416010619924666,0.257426089523576,0.0109700740001796,0.0095186335554136,1.46705840635944,1.39643162513442,-0.12595301485272,0.0112549825416264,0.540928563275974,0.319969762598878,0.119002009921072,0.079577793513315,NA,NA
"Massachusetts",1960,25,0.65,0.65,0.424748766892799,0.244582396993625,0.0112145672814372,0.0099667860456724,1.44337278277207,1.25757971302596,-0.0984778810381741,0.137564238656128,0.519947161723812,0.287732327326052,0.13768556907169,0.114211798184482,60.2,39.6
"Massachusetts",1961,25,0.65,0.65,0.434900659110487,0.233774009659352,0.0110541804216702,0.0094209952244184,1.43284565528305,1.21435908264082,-0.140852753931503,0.339893423375814,0.508095275042779,0.293646869380584,0.127790871394119,0.0931350258568164,60.2,39.6
"Massachusetts",1962,25,0.7,0.6291667,0.443553013647108,0.226593644362119,0.0104614253504676,0.00836646777146,1.37814932450702,1.0999591106549,-0.392210443274891,0.219743300927466,0.498270006500425,0.289747154425149,0.171182872262411,0.0879379803846271,60.2,39.6
"Massachusetts",1963,25,0.7,0.6291667,0.452876459570308,0.216500695622745,0.0104390536395114,0.0083161872757751,1.32004053540568,1.31130528141093,0.111738300484039,0.335661863178866,0.512260121656897,0.297089270520315,0.153648709173337,0.104344045699914,60.2,39.6
"Massachusetts",1964,25,0.7,0.707113,0.464723678295185,0.20277953080263,0.0104700473644303,0.0083112059932113,1.32418600963876,1.16758903598388,-0.387079432326593,0.382912702310728,0.516284442561621,0.308044211149136,0.113544765186064,0.0828385328062945,76.2,23.4
"Massachusetts",1965,25,0.7,0.707113,0.469795883151087,0.191323987457259,0.0093952373596779,0.0077005784775932,1.40557479982252,1.23891478959656,-0.0526060615485922,0.243998040411296,0.463617937613268,0.305276730826474,0.108648396851938,0.101429407165512,76.2,23.4
"Massachusetts",1966,25,0.65,0.7029288,0.468612076885111,0.183583522122683,0.0100613206021343,0.0072721110266572,1.39094078112861,1.32016874082889,-0.150760337404235,0.202661950838636,0.467301833676301,0.33760403506836,0.0909123136273409,0.105193654903792,76.2,23.4
"Massachusetts",1967,25,0.65,0.7029288,0.459088340588639,0.180766457725236,0.0097307270420302,0.0073105431115527,1.26104737935323,1.19164747398306,-0.0402943525165674,0.202254407447855,0.474166248052237,0.352653800675861,0.126247767306515,0.11388998058129,76.2,23.4
"Massachusetts",1968,25,0.675,0.7208334,0.449331452241716,0.178326056091231,0.0090616951312194,0.0070543680600848,1.98344625846208,1.60898281525253,-0.306640561127469,0.26772221743918,0.507312696958796,0.342113093529373,0.067280060946221,0.0849662542437711,63,32.9
"Massachusetts",1969,25,0.675,0.7208334,0.440718184951387,0.174841154231308,0.0093924465332833,0.0073209244987923,1.97830340517147,1.48564551237788,-0.0363087956189115,0.509974473929366,0.50311606997653,0.35087010621352,0.122167241393669,0.113671476741274,63,32.9
"Massachusetts",1970,25,0.75,0.7416667,0.436247962134647,0.171095688705755,0.0106019521251405,0.0080568342579565,1.89575848093106,1.470478924863,-0.0309445226544368,0.467356959997048,0.345495280754556,0.339169446009953,0.134872528786799,0.157746306246802,63,32.9
"Massachusetts",1971,25,0.75,0.7416667,0.431484804507754,0.167196143550269,0.010465334310422,0.0078984934674089,2.22509184322413,1.33534981146139,0.21308610150719,0.306937391346484,0.410265314618803,0.351978559119291,0.151102376100965,0.140325044907425,63,32.9
"Massachusetts",1972,25,0.825,0.7815126,0.427485350237733,0.16201727814819,0.0103086642569711,0.0074745343971293,2.3040872840185,1.55518038441188,0.0431673650726225,0.478201571572484,0.382360392443972,0.330648275675916,0.113863309159959,0.130563957381034,54.2,45.2
"Massachusetts",1973,25,0.825,0.7815126,0.42952901376852,0.157020850142028,0.0102308590230272,0.0075057846551067,2.26664360511283,1.32709779850244,0.0394512569453357,0.477814486653363,0.394924504752015,0.372860667071821,0.154882183336749,0.121569747853973,54.2,45.2
"Massachusetts",1974,25,0.825,0.8059072,0.438154991172835,0.152371684848082,0.0100785876159173,0.0069106442677481,2.26735712933147,1.05141984713475,0.059897306785271,0.304203928250022,0.368389756204301,0.386151692022338,0.135900130373148,0.144706064177396,54.2,45.2
"Massachusetts",1975,25,0.825,0.8059072,0.436015391020705,0.15130845203297,0.009891151286726,0.0065792462178239,2.10539171448205,1.54505788375097,0.0858567221942813,0.396261296815382,0.351760389127312,0.361673328585537,0.133168617302503,0.170971617433832,54.2,45.2
"Massachusetts",1976,25,0.825,0.8185654,0.425235400296289,0.154367830347419,0.0094800728409407,0.0067414348274998,2.13135257388028,1.09936186159154,0.164513814337513,0.210316236830834,0.38024689708285,0.385316725130735,0.121293581836289,0.153335468292603,56.1,40.4
"Massachusetts",1977,25,0.825,0.8185654,0.423650149358848,0.154577568096123,0.0087291146381535,0.006727405578624,2.22967505356596,1.26960701947803,0.146805861969081,0.250301752832756,0.392711785808398,0.369060703813038,0.134092245508484,0.198917018374083,56.1,40.4
"Massachusetts",1978,25,0.85,0.8113208,0.426579902684808,0.152922281530746,0.0087215064604106,0.0059827213156413,2.20769204242103,1.29114332761417,0.159790743933369,0.0910105094179658,0.398368400613876,0.331533545466929,0.129797663339849,0.169345140521279,56.1,40.4
"Massachusetts",1979,25,0.85,0.8113208,0.422622667554154,0.150358445516158,0.0085405364264966,0.0060947577446875,2.13976173013927,1.34206147327052,0.294001980441723,0.276237616472084,0.383537948797694,0.341161444475079,0.137411184205525,0.22610715501176,56.1,40.4
"Massachusetts",1980,25,0.8205128,0.8050314,0.405630852021769,0.15026310600603,0.0091146822038117,0.006107812013677,2.12460647043629,1.03849601783265,0.238070936094649,0.0709313375982178,0.380878446512994,0.372582512091719,0.121663670936043,0.158782678319331,41.7,41.9
"Massachusetts",1981,25,0.8205128,0.8050314,0.390437396519743,0.149184137038894,0.0084042716907543,0.0058953202933484,2.14812456414271,0.888567812176804,0.448306842294392,0.107960578393135,0.400323637742903,0.33677326301452,0.141193266576138,0.223143124518066,41.7,41.9
"Massachusetts",1982,25,0.825,0.81875,0.381933363414021,0.148108307868301,0.0087939047359755,0.0062274924978123,1.98842690631535,0.766290035705621,0.33793518003286,0.155092905550944,0.361345335710267,0.336886367870196,0.141232194809145,0.188835883773689,41.7,41.9
"Massachusetts",1983,25,0.825,0.81875,0.374563923091629,0.148621460658499,0.0089779482573329,0.0065721024746377,1.81808527673026,1.26214968341668,0.385846380587305,0.143628821984011,0.350173152271702,0.357771620497615,0.141338555235678,0.153576120560082,41.7,41.9
"Massachusetts",1984,25,0.8,0.7875,0.363960877849775,0.153027915339034,0.0090026818946571,0.0069331035284992,1.88963783576381,1.22714345878381,0.342806238330259,0.245545197234338,0.362867282247693,0.354265561328055,0.131083233010095,0.165482653005905,48.4,51.2
"Massachusetts",1985,25,0.8,0.7875,0.354745889727326,0.159237863825245,0.0093216632441344,0.0071280764096726,1.83188330435064,1.17330905068822,0.516176304628942,0.114751626252065,0.36014714698863,0.339939007660774,0.160575327189046,0.161688751826552,48.4,51.2
"Massachusetts",1986,25,0.8,0.79375,0.347110684620418,0.159272790154591,0.0090550213213063,0.0070267693632392,1.81905537729875,1.38633180976169,0.473690718179045,0.272492655892151,0.348681208420601,0.349918888822828,0.159903495278961,0.156490650564617,48.4,51.2
"Massachusetts",1987,25,0.8,0.79375,0.341193068630703,0.1576455684392,0.0084543921638498,0.0065358674180548,1.82875544456894,1.26424314292969,0.532666506340551,0.207818361203626,0.361545838279797,0.355775000686653,0.148130160064085,0.132077259983535,48.4,51.2
"Massachusetts",1988,25,0.8,0.8,0.338017010284756,0.161269937936128,0.0084837408913277,0.0066362278138479,1.80497298399591,1.15167900767351,0.556006688742895,0.334033650320384,0.345870196690861,0.367601486995297,0.16095593614651,0.0992984175896846,53.2,45.4
"Massachusetts",1989,25,0.8,0.8,0.329095291174347,0.162958406478721,0.0086952267688637,0.0066263877553783,1.57353560058072,1.13368048346388,0.740454873327351,0.399154700802833,0.187018073987699,0.335557860034645,0.17757437513822,0.122041699491906,53.2,45.4
"Massachusetts",1990,25,0.65,0.7610063,0.321905302637558,0.16025054147309,0.0089134480486385,0.0066651961936008,1.56425910761332,1.0107669160831,0.71853294738117,0.350121480464589,0.193400136272114,0.330021368525783,0.171185535625215,0.112381256925976,53.2,45.4
"Massachusetts",1991,25,0.65,0.7610063,0.319143633480618,0.157543812028918,0.0086782314858159,0.0067314923066351,1.50943076988432,1.02436582007067,0.924209879704725,0.3015668388659,0.180798485512262,0.361087657572817,0.199304602663681,0.113373827211702,53.2,45.4
"Massachusetts",1992,25,0.775,0.7798742,0.325160484373785,0.161238274648501,0.0087217965431934,0.0070011268116817,1.39853272977019,0.950331474393351,1.03267276439549,0.267067010144286,0.193701749841145,0.359102171178176,0.179256448966186,0.10032026605628,47.5,29
"Massachusetts",1993,25,0.775,0.7798742,0.320997030663116,0.164067730007026,0.0087140659567386,0.0068763168296613,1.32753488994217,1.00855658044458,1.24925574290682,0.0851072468176003,0.208597380948282,0.405655314316783,0.206181388527025,0.106810300666803,47.5,29
"Massachusetts",1994,25,0.75,0.7798742,0.322716627359942,0.168466239124665,0.0085054515052731,0.0067499724653294,1.26313583813144,1.17615129627401,1.11705801279328,0.056487873927888,0.197414032935442,0.412033161022381,0.170259643018203,0.136443649542572,47.5,29
"Massachusetts",1995,25,0.75,0.7798742,0.326213808353255,0.169703080213577,0.0083373664199403,0.0069386843280654,1.24911493622031,1.00375536439241,1.29805734853082,-0.0165600427865136,0.18200485331293,0.411546491938002,0.206840628057581,0.106949847281807,47.5,29
"Massachusetts",1996,25,0.8,0.8176101,0.32888446094117,0.168734487676443,0.0081081750728683,0.007029583929694,1.18740324165384,1.03930610935289,1.16760313644877,0.0878679568403646,0.205114083175455,0.366104591227848,0.174668292504076,0.127361061685741,61.5,28.1
"Massachusetts",1997,25,0.8,0.8176101,0.332895529029465,0.167886693516434,0.0085101595068395,0.006910176205863,1.17374826988953,1.60712401707123,1.22052102129925,0.1125710267996,0.203262042721254,0.33868498241417,0.2127966391939,0.12796018276924,61.5,28.1
"Massachusetts",1998,25,0.825,0.8238994,0.341429573048209,0.167504882087038,0.0083912838422642,0.0065565167163488,1.75847773213606,1.37825967538513,1.27367272613736,0.126254594830222,0.289211479878801,0.336912998784519,0.199012913296739,0.148317052317162,61.5,28.1
"Massachusetts",1999,25,0.825,0.8238994,0.349161667665515,0.163953653937547,0.0078353463374563,0.0059044965452272,1.72946149102499,1.17122522553104,1.24865367276758,0.325535183488162,0.281404215317446,0.339453084633238,0.210974053827564,0.151455230624236,61.5,28.1
"Massachusetts",2000,25,0.9,0.85,0.362388243042649,0.164118228863362,0.006960966743956,0.0053828008204218,1.66653873268526,1.37523716227511,1.35333423246232,0.111534738431074,0.257468039693762,0.360192100444272,0.177557698459953,0.103883322385811,59.8,32.5
"Massachusetts",2001,25,0.9,0.85,0.362362609041663,0.161026310652226,0.0077952626907478,0.0061985579229455,1.63816549679579,1.32557985710467,1.52784249848578,0.242057382191987,0.256724631343324,0.343807379590587,0.220064338670941,0.16352552985732,59.8,32.5
"Massachusetts",2002,25,0.85,0.8553459,0.359428659383643,0.159355128480994,0.0080492075140387,0.006264995246795,1.66041745146835,1.23132938078294,1.702433071486,0.15351343648382,0.266230982397841,0.386594913800203,0.244844639489361,0.138763507307091,59.8,32.5
"Massachusetts",2003,25,0.85,0.8553459,0.356906921121174,0.158152576253769,0.0080396249220446,0.0062272231768736,1.67683718148761,1.26221299527583,1.59868205065649,0.357529141795641,0.269311687238439,0.363017125628229,0.211550270152366,0.184111219538923,59.8,32.5
"Massachusetts",2004,25,0.85,0.8679245,0.357357861390259,0.15319017653687,0.007535922202453,0.0050544422104205,1.9533305325726,1.18017233442958,1.54742245951158,0.276068470804211,0.309529831565997,0.330106791578869,0.178364580285805,0.112396777528383,61.9,36.8
"Massachusetts",2005,25,0.85,0.8679245,0.354578345565495,0.151504226173885,0.0074787474682163,0.0057574879552131,2.00092118744962,1.31782089342503,1.43431058640981,0.208419741573074,0.310694665489251,0.339265978669343,0.191324864130812,0.126625504295255,61.9,36.8
"Massachusetts",2006,25,0.875,0.88125,0.35342054433691,0.150029140778091,0.0072738939985733,0.0052496888094882,1.96566901125313,1.09528800780966,1.51620436775021,0.257588031530856,0.320533798269938,0.328392306160182,0.175992777984117,0.10533649567452,61.9,36.8
"Massachusetts",2007,25,0.875,0.88125,0.358237965787015,0.147615408712912,0.0070740305364587,0.0053940984026173,1.88636428986805,1.41409497190858,1.75386135737009,0.186946378608244,0.292870907582341,0.323558970983364,0.208416244195425,0.11369081699515,61.9,36.8
"Massachusetts",2008,25,0.875,0.8993711,0.363203911963854,0.150487480990458,0.0068533904294462,0.0054295235607953,1.86883390399799,1.64499836048248,1.95472695618519,0.188398692846066,0.282162918671809,0.341921972851132,0.225063710260907,0.0890404740804524,61.8,36
"Massachusetts",2009,25,0.875,0.8993711,0.360927200837117,0.148546616582743,0.0066616073687103,0.0054485603084383,1.85801853766954,1.7594683459797,1.77535701967053,-0.0304632651327573,0.266599673532486,0.348293416667388,0.228898947275421,0.0844441864886577,61.8,36
"Massachusetts",2010,25,0.9,0.8,0.365233038830079,0.151904922726793,0.0066282393837962,0.0049761780220012,1.83174582740409,1.7081512633055,2.04293776166228,-0.102847831003607,0.248677508548783,0.322028864115492,0.241284243994818,0.0843608647044428,61.8,36
"Massachusetts",2011,25,0.9,0.8,0.365186688476332,0.145656303062725,0.0072636031987533,0.0053296960171079,1.80128488793722,1.68797057348383,2.03272025701838,-0.115471721474689,0.233692228267382,0.339214723038775,0.226920073602618,0.090247676865313,61.8,36
"Massachusetts",2012,25,0.875,0.7875,0.374890594766435,0.135886166577856,0.0067078691733159,0.0049288690287851,1.96816446698898,1.67657734622532,2.46070279751899,-0.0723371312020127,0.287986708549895,0.363171767448692,0.277945153034856,0.0807685472088055,60.7,37.5
"Massachusetts",2013,25,0.9,0.81875,0.376337979666403,0.133410771617886,0.0073534951759754,0.0057137311597692,2.05171881161843,1.76825742860145,2.69869779591204,-0.0550223439079212,0.319820360186297,0.416628945502525,0.330312095865251,0.0984026604474452,60.7,37.5
"Massachusetts",2014,25,0.9,0.81875,0.378296614260701,0.134776206588745,0.0084363186958153,0.0062503981069595,1.93859032748947,1.83946401439701,3.14203745939001,0.0527082036375864,0.285283481366879,0.439089594318278,0.480094507424249,0.0939099986193102,60.7,37.5
"Michigan",1946,26,0.125,0.05,0.3811474601112,0.315990928582396,0.0219037151542254,0.0213494089713767,1.87321336998277,0.524439957180593,-0.0709225901396765,0.0068204324032908,0.387596928538567,0.30874424650831,0.117548184049593,0.0645426105554715,NA,NA
"Michigan",1947,26,0.125,0.05,0.38169486334236,0.316259653253024,0.0199446589518495,0.0195937484419499,1.9008553937839,0.267763285917662,-0.0395591329944032,0.069518253314942,0.37732644956933,0.305179520748725,0.125322092383594,0.0613666436053605,NA,NA
"Michigan",1948,26,0.28125,0.39,0.382530726936212,0.316009621983313,0.0171358801965892,0.0168745403875062,1.87800570529758,0.174522089884535,-0.152021707306413,0.134775869821052,0.365729824141286,0.294850183759351,0.107032281288236,0.0552357469951594,NA,NA
"Michigan",1949,26,0.28125,0.39,0.390453008202266,0.31841994559345,0.0159344461676118,0.0156467758972718,1.87438924364775,0.280880795631325,-0.182152869810857,0.11831185682781,0.381304476016462,0.293552096930704,0.126748119307396,0.0488679713079325,NA,NA
"Michigan",1950,26,0.21875,0.34,0.395500631881751,0.320388881507469,0.0157028896487746,0.0145138248161131,1.84313735260541,0.251084011786384,-0.0657339284794214,0.0987174061065722,0.386735367563816,0.296159946616564,0.129171186278955,0.0721189304659945,NA,NA
"Michigan",1951,26,0.21875,0.34,0.397925082540361,0.325346554675142,0.014638077673264,0.013686750138742,1.80386537261026,0.208297639993335,-0.315599796545676,0.0727691628044336,0.394508595710118,0.282627451415364,0.167107324226764,0.0959424908301371,NA,NA
"Michigan",1952,26,0.25,0.34,0.401147986420444,0.330263033255059,0.0121456185606506,0.0115688947940621,1.81736183687939,0.302676699972238,-0.204183131141762,-0.0553267183845114,0.378033426473059,0.296837524366685,0.121448853172416,0.0735803215627035,NA,NA
"Michigan",1953,26,0.25,0.34,0.395468839489408,0.341231888267044,0.0104611371184706,0.0107200699924841,1.83115274202923,0.285665001849921,-0.246026137180805,-0.0169296164667358,0.390725661515585,0.3075012454786,0.133153977881633,0.0788210950589512,NA,NA
"Michigan",1954,26,0.3235294,0.4636364,0.397865476171154,0.345157985725336,0.0101492472607182,0.0106068941464504,1.77864768928146,0.366804570376904,-0.353521692830047,0.0918547467835733,0.382461623466095,0.293129811957117,0.101105498235829,0.0637481052134092,NA,NA
"Michigan",1955,26,0.3235294,0.4636364,0.4033684132894,0.33871313525148,0.0095166613073171,0.0097561434692402,1.77018951182066,0.322911442100666,-0.171880175467596,0.197572833313283,0.381900041538395,0.294669561526429,0.114024471767299,0.0613064803751644,NA,NA
"Michigan",1956,26,0.3235294,0.4454545,0.407719435554848,0.326366491654625,0.0089981544039927,0.0090780991053952,1.72557561404511,0.555732058328526,-0.240880903093549,0.154818460798283,0.371870666894903,0.286157889270045,0.10323545324137,0.0918511613699218,44.1,55.6
"Michigan",1957,26,0.3235294,0.4454545,0.411431292949153,0.316827605749552,0.009506790647987,0.0092313247080944,1.72206218234314,0.573239546110376,-0.201397631169444,0.177963120307054,0.382291924675397,0.303403464683159,0.111029507456143,0.0752740886302614,NA,NA
"Michigan",1958,26,0.3529412,0.5,0.420803000247424,0.30083172681694,0.0094548843377059,0.0088628920724137,1.70235355950281,0.602473022133257,-0.24187792004354,-0.0417907531493326,0.39653005458922,0.268889175072996,0.0947370128431609,0.0912860543879251,NA,NA
"Michigan",1959,26,0.3529412,0.5,0.426946140863198,0.283433726481439,0.0093155203620478,0.008925762986893,1.63619911431968,0.510924476262421,-0.252218318465485,0.156324839705802,0.384024248006504,0.284704595004315,0.0996308980932932,0.0841002492471066,NA,NA
"Michigan",1960,26,0.3529412,0.4909091,0.430913706715768,0.275373590318698,0.0100343422491488,0.0093241834316676,1.59163500619654,0.518067099281485,-0.207213715302466,0.257899364278628,0.37026288503704,0.276969834553049,0.112820120857763,0.0923022974424949,50.9,48.8
"Michigan",1961,26,0.3529412,0.4909091,0.431967527350621,0.270029935649033,0.0102440530365518,0.0090496530798428,1.55521220718974,0.454938162046053,-0.318677549462476,0.301012827685272,0.386738858591432,0.271703042586097,0.0987102246587757,0.0847306371462441,50.9,48.8
"Michigan",1962,26,0.3235294,0.4727273,0.431947195435949,0.267922191983715,0.0099394651882547,0.0083989421389167,1.49323276435076,0.34039418944027,-0.379197251251869,0.0760486260363598,0.377171208003238,0.263569312289075,0.157090356146974,0.0881484632699505,50.9,48.8
"Michigan",1963,26,0.3235294,0.4727273,0.434879310393725,0.26328761027154,0.0098072126917111,0.0083267790649668,1.41262405913201,0.165633894263917,-0.203932268071141,0.260473153579511,0.372439867862849,0.267792952142225,0.126110606358886,0.105093970165895,50.9,48.8
"Michigan",1964,26,0.6052632,0.6545454,0.441505190163462,0.261268148154528,0.0098205671361499,0.008108937951461,1.40998515295897,0.337374076422966,-0.224649367966996,0.24238005958529,0.396198042349066,0.289158596027739,0.105991337878611,0.070263815929638,66.7,33.1
"Michigan",1965,26,0.6052632,0.6545454,0.43840293028608,0.264176098790501,0.0083122512188776,0.0076705024240978,1.12495519092597,0.638538152277271,-0.334573604924475,0.274707786040295,0.33573534813813,0.273431545765406,0.105161790147776,0.097145251045991,66.7,33.1
"Michigan",1966,26,0.4736842,0.5,0.434870222852622,0.2588146975922,0.0086720412902354,0.0084183289303255,1.37112940393256,0.85226895858777,-0.436198536431648,0.205393307507671,0.362939317793381,0.302730565898858,0.0845484963978307,0.093846127482541,66.7,33.1
"Michigan",1967,26,0.4736842,0.5,0.433820096315677,0.253515215107444,0.0091310887451952,0.0082012508922663,1.31784219925955,1.07024051094857,-0.416369051921056,0.208850369441001,0.356184608643669,0.324959568694381,0.11764097995427,0.106819321859844,66.7,33.1
"Michigan",1968,26,0.4736842,0.5181818,0.436474994495653,0.24389870770045,0.009090017042523,0.0080892751844388,1.2533053520482,0.961351165602098,-0.444031813394289,0.233245134943657,0.363648133009998,0.339791976508729,0.0979680456143422,0.0960370555967729,48.2,41.5
"Michigan",1969,26,0.4736842,0.5181818,0.436125876408909,0.237371711801224,0.0096615962084037,0.0083532659484193,1.20627774860853,0.877574207208177,-0.317146107710908,0.403552418587209,0.35858440016364,0.36536704519417,0.133213864454359,0.114843383105435,48.2,41.5
"Michigan",1970,26,0.5,0.5272727,0.440871178812749,0.23167911230938,0.0097765624395727,0.0084249226133413,1.11261835487063,1.03056403337234,-0.269086062973912,0.307993216049684,0.359468639304926,0.342100971852034,0.14957181204679,0.146785688856085,48.2,41.5
"Michigan",1971,26,0.5,0.5272727,0.437670185577385,0.22637809720614,0.0092983111732092,0.0082288029731624,1.04170239176302,1.07409434919047,-0.0419924011963769,0.267509540125817,0.353506222673157,0.337439190264902,0.133883468282006,0.138843595240449,48.2,41.5
"Michigan",1972,26,0.5,0.5454546,0.428782529401708,0.222942401083742,0.0093258642484251,0.0082768184005926,1.13798345494482,1.04957463481275,-0.053745847903672,0.26072703605403,0.335393681556641,0.336258530612455,0.10617107550228,0.124105801028266,41.8,56.2
"Michigan",1973,26,0.5,0.5454546,0.424857467156276,0.220360896413242,0.009047561991685,0.0081846000458442,1.11178528318261,1.07513489348639,0.059797732048411,0.213033776116826,0.327016283849782,0.32347608492862,0.138653130664321,0.116778654975711,41.8,56.2
"Michigan",1974,26,0.6315789,0.6,0.425102531730594,0.21523186243533,0.0091506034632686,0.0078365744872465,1.04879579696183,1.0112013346148,-0.0907146199440788,0.153782197448974,0.307586244138901,0.35833955477105,0.12063673153981,0.123321740798701,41.8,56.2
"Michigan",1975,26,0.6315789,0.6,0.421868232903838,0.217027019800659,0.0091097123152794,0.0075841902837743,1.02974680109008,0.811646602871475,-0.0200723563994308,0.143152803889073,0.331766373685488,0.341279485459968,0.12400533703893,0.142244404957371,41.8,56.2
"Michigan",1976,26,0.6315789,0.6181818,0.41688526789601,0.218210626918056,0.0085202391308457,0.0074501490064283,0.990256237217711,0.765537470050787,-0.0530888774017469,0.0642904442022678,0.327116880531469,0.342648270222308,0.119682019042366,0.149141966087211,46.4,51.8
"Michigan",1977,26,0.6315789,0.6181818,0.416810796938521,0.215042986674261,0.0082710106625634,0.0070096576364156,0.949539182002186,0.777642624904046,-0.156375337363864,0.138247786631736,0.325233151720225,0.338026252109696,0.118981607684133,0.17021917138164,46.4,51.8
"Michigan",1978,26,0.6315789,0.6363636,0.412267785120258,0.216763695586909,0.0078339725449371,0.0068711794851784,0.932400983464465,0.738486037764003,-0.128514854602063,-0.0515530024592749,0.326992070356923,0.34548769911147,0.121627219783828,0.157855614145474,46.4,51.8
"Michigan",1979,26,0.6315789,0.6363636,0.399310009434121,0.220081401322996,0.0074882467753906,0.0066276135616904,0.88068994285974,0.864577416589899,0.0059504630055196,0.134880546791065,0.314927907253172,0.333985524069523,0.123472335491967,0.198899285202562,46.4,51.8
"Michigan",1980,26,0.6315789,0.5818182,0.384527985204193,0.227168958544364,0.007414273252563,0.0067513245041487,0.860320211307466,0.802481381067384,-0.0676267932619032,-0.0341151178799519,0.334947240588332,0.323586724193191,0.103434702331014,0.167582688497194,42.5,49
"Michigan",1981,26,0.6315789,0.5818182,0.365364574175352,0.238082139908073,0.0068070782562744,0.0064339021966829,0.881607267627461,0.861289188651319,0.0403678076119415,0.112132366065002,0.309253871798135,0.335569515779222,0.115788889312993,0.208612285459145,42.5,49
"Michigan",1982,26,0.5263158,0.5727273,0.356932162897902,0.24473768296828,0.0068216146350834,0.0064362883855729,0.873106409728249,0.870802105831471,0.0450784656762204,-0.0450103073255818,0.302227495001312,0.352409524990468,0.115759505341467,0.193272567660179,42.5,49
"Michigan",1983,26,0.5263158,0.5727273,0.352156705331287,0.246873514415126,0.0072101249981776,0.0064997306560762,0.876820827922661,0.833236818879693,0.0236092878995981,-0.0524726377800825,0.318780394084554,0.322643341813533,0.123687889333913,0.150961130356054,42.5,49
"Michigan",1984,26,0.5263158,0.5181818,0.34065976812241,0.259746052562297,0.0070026331499452,0.0066111767579071,0.834628467715921,0.807536078655288,0.0410550285803849,-0.0681449771749535,0.29806310472359,0.328138723998855,0.105956207530264,0.17374137745283,40.2,59.2
"Michigan",1985,26,0.5263158,0.5181818,0.334174554278887,0.26852059468741,0.0071938588946322,0.0067102116026136,0.776708662065883,0.69631647673913,0.0359338234102932,-0.133013653547153,0.284821018323537,0.314395062520127,0.138389736879647,0.163348534527717,40.2,59.2
"Michigan",1986,26,0.4736842,0.5818182,0.333297844310653,0.266586459863718,0.0067534194656348,0.0066043031798134,0.735532047674878,0.788594927832173,0.169957319773306,-0.118325168303572,0.302143431614217,0.341476239689612,0.144668482555842,0.159726352938172,40.2,59.2
"Michigan",1987,26,0.4736842,0.5818182,0.332046119079389,0.26748932787672,0.0066210675565264,0.0064004231505014,0.710905227646532,0.802198853174909,0.151484807973268,-0.0797789291544739,0.318893470025988,0.353392350312522,0.125980221390796,0.101806629797073,40.2,59.2
"Michigan",1988,26,0.4736842,0.5545455,0.326535597340661,0.273535360052116,0.0069116262247967,0.0065010243030244,0.664701773327721,0.954185754406743,0.210826379232803,0.0344377444253464,0.299204645044492,0.338527046535577,0.143149047941199,0.122928543947641,45.7,53.6
"Michigan",1989,26,0.4736842,0.5545455,0.325827522680965,0.272621264256153,0.006830122429626,0.0068109582260917,0.873276599917676,0.789345572449757,0.29817338415615,0.139013555858761,0.290536400203833,0.33159937375989,0.147844247423595,0.120455655832118,45.7,53.6
"Michigan",1990,26,0.4736842,0.5545455,0.325366351482972,0.271713752668587,0.0069352698895404,0.0068522569191799,0.844762961416639,0.80385101778406,0.377725130908981,0.226421123599932,0.293802534028791,0.336858189702748,0.146690204649536,0.105990060278034,45.7,53.6
"Michigan",1991,26,0.4736842,0.5545455,0.326595420049387,0.271544898606127,0.0068888171634324,0.0068324882381892,0.693583940452005,0.758115784618158,0.407808339147873,0.142934532046411,0.300370228414892,0.367838910632128,0.174202247135316,0.0977508541662326,45.7,53.6
"Michigan",1992,26,0.4736842,0.5,0.334567504865092,0.271005273739034,0.0070894239468311,0.0072651984392442,0.787407033656066,0.703710875068187,0.427677386876713,0.232452104200087,0.278735546822891,0.347362562234168,0.159000297514418,0.0932979002940549,43.8,36.4
"Michigan",1993,26,0.4736842,0.5,0.338751418658512,0.267777711998739,0.0071672280446754,0.0073916816227424,0.66239920914659,0.687144982938609,0.673775797196134,-0.0189633935858907,0.295546564009026,0.378222992324515,0.166939563578489,0.0994730434928151,43.8,36.4
"Michigan",1994,26,0.4210526,0.4909091,0.340523454300577,0.270407911804247,0.007408152212379,0.0070260577493069,0.516901762852001,0.635315683557252,0.549658036317556,0.0132110499094264,0.314052659812117,0.393192923280096,0.139770795198021,0.11399513667796,43.8,36.4
"Michigan",1995,26,0.4210526,0.4909091,0.346798474329923,0.271338994658599,0.0072686363994266,0.0072964377434171,0.500957251849962,0.728861161751637,0.648405366091991,-0.295666190230979,0.322709607404701,0.372768314970705,0.159499398129325,0.105534664834217,43.8,36.4
"Michigan",1996,26,0.4210526,0.5272727,0.353353833733208,0.266663718487883,0.0070827513575312,0.0071878850283927,0.147188060454109,0.687964975039501,0.550117635577937,-0.0052240228578911,0.295020555763646,0.370054743556718,0.139185019563547,0.108679271851024,51.7,38.5
"Michigan",1997,26,0.4210526,0.5272727,0.35497225382761,0.260080504805752,0.0071237678868209,0.0071373265357837,0.437464436389179,0.526328549943609,0.587852210192881,-0.22133086279222,0.309342415128449,0.375063312699995,0.187575316002019,0.12435567014742,51.7,38.5
"Michigan",1998,26,0.3947369,0.4727273,0.357742618471126,0.26485438180524,0.0070300692336184,0.0071041063081652,0.428490260604644,0.38082597272053,0.4755063974865,-0.168704298294491,0.314180209817108,0.355161077183659,0.162180215807852,0.111232393034149,51.7,38.5
"Michigan",1999,26,0.3947369,0.4727273,0.36066888359359,0.271157798536758,0.0072147325619313,0.0064420993102624,0.336330601730241,0.315529619433187,0.493888108748818,-0.0542532123738531,0.300307336422321,0.333413086855436,0.181406398889793,0.14515357062505,51.7,38.5
"Michigan",2000,26,0.3947369,0.4727273,0.364604761826565,0.284177876864125,0.0059603294881067,0.005542587384336,0.222939647751984,0.501848545310169,0.400301883310934,-0.107051376323064,0.30915379346546,0.340181461155277,0.145214121091982,0.107666817792031,51.3,46.1
"Michigan",2001,26,0.3947369,0.4727273,0.368128675417372,0.288176081718035,0.0064809336561837,0.0063267085118709,0.182362185933456,0.422931915568441,0.553699309867795,-0.034915715595471,0.302905619825583,0.335469557935858,0.177943375034566,0.142239688467609,51.3,46.1
"Michigan",2002,26,0.4210526,0.4272727,0.368983946274634,0.290809326832558,0.0066640352974067,0.006999977062751,0.191068294133289,0.355051098124317,0.550681058002513,-0.0380177058905981,0.303921147627381,0.343508132268486,0.167224573420133,0.127277012724611,51.3,46.1
"Michigan",2003,26,0.4210526,0.4272727,0.376200563405816,0.288495580906477,0.006609855774674,0.0062902067735989,0.166986006903935,0.423091155501441,0.448732427406487,0.0364337350486225,0.307846846768012,0.333015805981749,0.146362186230581,0.157901821097894,51.3,46.1
"Michigan",2004,26,0.4210526,0.4727273,0.378998276753091,0.282395584250636,0.0059497160667074,0.0055702950532215,0.209751233016246,0.360347820881409,0.40134141015054,0.0111028389957832,0.292134300452468,0.329859195319959,0.112674675133578,0.117629506567513,51.2,47.8
"Michigan",2005,26,0.4210526,0.4727273,0.377337011454702,0.276392852770002,0.0064796897282224,0.0061336076864622,0.200792249035121,0.449509183293054,0.460694239966848,-0.0190686319150429,0.289883597889201,0.327756360773822,0.125594485259367,0.107831054623931,51.2,47.8
"Michigan",2006,26,0.4473684,0.5272727,0.379251480798608,0.266048020013549,0.0060295223177001,0.0055406188583814,0.0151069928284951,0.504905903442668,0.615228837196622,0.0244625131539709,0.301331763627367,0.307474336651765,0.122989860943324,0.0935256258041193,51.2,47.8
"Michigan",2007,26,0.4473684,0.5272727,0.382669799395511,0.259520741643022,0.0062930843009563,0.0059479021627072,0.0205977999127459,0.474630131373714,0.785744953206752,0.0849356928026507,0.291685308567606,0.327384616682088,0.139300169467027,0.0972790804475762,51.2,47.8
"Michigan",2008,26,0.4473684,0.6090909,0.387940549782259,0.257081501145509,0.0058606646577876,0.0054994857542763,-0.0273750761165826,0.531748457765021,0.908436322298951,0.21971293884402,0.298799907244633,0.318673409375855,0.15078662552935,0.0941979676641947,57.3,40.9
"Michigan",2009,26,0.4473684,0.6090909,0.385471810592909,0.24987753258471,0.0057420374363939,0.0054606946359096,0.105729105097999,0.56535705348705,0.773745873833687,-0.141969496155064,0.28228108808488,0.302041447283795,0.166007036528624,0.0737185149828866,57.3,40.9
"Michigan",2010,26,0.3157895,0.4272727,0.384252863177921,0.249393004170135,0.0055156128176001,0.004908077075137,0.145835766568359,0.540928375134083,1.15475002249894,-0.146989412051298,0.284077479014708,0.336233118658212,0.1755137424588,0.075651078642357,57.3,40.9
"Michigan",2011,26,0.31578947,0.42727273,0.391554062944616,0.240279134771257,0.0057420508301059,0.0055196814536739,0.11851444386217,0.488974493114549,1.04717379950538,-0.165342221520006,0.292794239045444,0.338336495927027,0.18223152132951,0.0872226216072525,57.3,40.9
"Michigan",2012,26,0.31578947,0.41818182,0.394269162680772,0.238886492399518,0.0056908004922564,0.0050512652495936,0.111803615283775,0.180221813105439,1.23839257091787,-0.247486875907346,0.306179352505019,0.329145024317513,0.191011271059336,0.0801335461429925,54,44.6
"Michigan",2013,26,0.31578947,0.46363636,0.396951345680847,0.23064029116633,0.0062538459844626,0.0057991114329403,0.109281774227464,0.367616461875908,1.3137815338349,-0.294783903471238,0.294016843431098,0.346792988333178,0.216133297047676,0.0895805131667529,54,44.6
"Michigan",2014,26,0.31578947,0.46363636,0.402236574326742,0.231035715681157,0.0068864846756984,0.0064692567105374,0.153229486242663,0.358028770684943,1.47455271739829,-0.363518909225351,0.29676192955816,0.36171182614357,0.261345698942228,0.109922365392645,54,44.6
"Minnesota",1946,27,NA,NA,0.420075377877242,0.299498290323706,0.0272124296313191,0.0245487525332226,0.0491971976869782,0.177984781907784,-0.0211662330036094,0.0986300055239328,0.628775871963799,0.301190221749847,0.137633716913827,0.0728867921514171,NA,NA
"Minnesota",1947,27,NA,NA,0.419880017648166,0.300417004981771,0.0241331293821683,0.0217431396616589,-0.0852561945956922,0.256078948590928,-0.0451664161622524,0.0750757891263152,0.632796434126662,0.28883827690832,0.139015616091331,0.0750792209948927,NA,NA
"Minnesota",1948,27,NA,NA,0.419373930571973,0.300974545989505,0.021212156028175,0.019462840598028,-0.0285856118642547,0.222449725226125,-0.21912449894036,0.112994751492631,0.636753131019386,0.307787475112043,0.116188652452484,0.0642556306327327,NA,NA
"Minnesota",1949,27,NA,NA,0.425522770067482,0.304052659426741,0.0201019638960997,0.0182407316462163,-0.0733695949646816,0.396152755716259,-0.177135002443792,0.0240607998220413,0.649325089961707,0.297155838558585,0.127732151897018,0.059708626030288,NA,NA
"Minnesota",1950,27,0.238806,0.3358779,0.431371640498426,0.307127342888199,0.0178996813057959,0.0167229355313284,-0.0587005080448594,0.383772619432866,-0.234765865822676,-0.05408078486352,0.654771005176918,0.299862583193313,0.143717990784856,0.0889024718837565,NA,NA
"Minnesota",1951,27,0.238806,0.3358779,0.43818456644533,0.31085860738858,0.0170244976188601,0.0156052499212638,-0.0948652150835228,0.159884481431084,-0.443563572199851,-0.0040053230863511,0.629978690216089,0.295327358862387,0.196125160788213,0.107906486118509,NA,NA
"Minnesota",1952,27,0.238806,0.351145,0.445997330014195,0.313797427978347,0.0152574796106037,0.0138326562726389,-0.168229394735582,0.107009335435885,-0.288831018295676,0.0117863436726745,0.624827795269784,0.297133629292743,0.144192251338313,0.0896986694408544,NA,NA
"Minnesota",1953,27,0.238806,0.351145,0.442265280475715,0.329770704322666,0.0138258924730908,0.0123490500096201,-0.182617452416449,0.304976480101744,-0.255213982523892,-0.0600031574586277,0.658188209568529,0.318107667780966,0.139192561674251,0.103959853888237,NA,NA
"Minnesota",1954,27,0.2835821,0.5038168,0.440585888630875,0.335146649845878,0.0133561065979824,0.0121027952146941,-0.196646646545572,0.514606158846714,-0.172276297880498,-0.126844217826519,0.597801665967238,0.279598621903554,0.11321206586553,0.0708106182280498,NA,NA
"Minnesota",1955,27,0.2835821,0.5038168,0.436601659931079,0.338465446313044,0.0130409524333229,0.0114399980361158,-0.242071616393582,0.450348784362345,-0.202500274890987,0.164910730540546,0.645627740358536,0.298052069503047,0.125825252615624,0.0828582164325838,NA,NA
"Minnesota",1956,27,0.2835821,0.5343512,0.437396974398665,0.333465210896579,0.0120549240157976,0.0113815278073696,-0.297402875173692,0.515991527427261,-0.199602680645386,-0.0443696899961521,0.656503741306363,0.298254381660131,0.111243656045274,0.0911715062344633,46.1,53.7
"Minnesota",1957,27,0.2835821,0.5343512,0.437586857741618,0.32694404667063,0.0118061957364548,0.0112608996907718,-0.263440774666085,0.635665730877954,-0.155960122511732,0.0842367996830055,0.643669894775278,0.286329484015582,0.121658885126216,0.0792938296506169,NA,NA
"Minnesota",1958,27,0.358209,0.5496183,0.44426019063102,0.317037224685547,0.0126234325348267,0.0112717767744654,-0.318361506571812,0.799697748186872,-0.110277507001685,-0.0861928781736863,0.635828357424041,0.293591618272745,0.112399134500249,0.110823284307828,NA,NA
"Minnesota",1959,27,0.358209,0.5496183,0.453973802593177,0.302511830437923,0.0133887810339149,0.0116878609752212,-0.304716188774031,0.820603062758445,-0.121784539054321,-0.0176835888458104,0.614591448262872,0.30479539699995,0.123686475695461,0.0875753098934256,NA,NA
"Minnesota",1960,27,0.358209,0.5572519,0.466496092345571,0.28843510918993,0.0128967410353295,0.0114037622442747,-0.305340748270862,0.731186191932523,-0.214017584577772,0.211966367825702,0.640693175705531,0.280813143530097,0.118911027436763,0.106892741186805,50.6,49.2
"Minnesota",1961,27,0.358209,0.5572519,0.477899735159218,0.274473100659504,0.0122564884025031,0.0108993884751097,-0.328024739788828,0.860568874505873,-0.209618215925504,0.210823888613959,0.58995658732316,0.290424055639835,0.119345802497848,0.0969436240492292,50.6,49.2
"Minnesota",1962,27,0.358209,0.4029851,0.486583659511175,0.260490711066957,0.0118774499695191,0.0102176412652629,-0.408043208334618,0.809632919812004,-0.225084621577559,0.0205163236917008,0.628026912332556,0.281927577312926,0.151745514050219,0.115486474457492,50.6,49.2
"Minnesota",1963,27,0.358209,0.4029851,0.493967282990875,0.250638692515586,0.011542158179359,0.0097727113187049,-0.401442316862559,0.877233497068952,-0.387353443650123,0.0377222758638217,0.574370645511031,0.283948667675102,0.141604893610971,0.12110767293676,50.6,49.2
"Minnesota",1964,27,0.358209,0.4179105,0.498244235688744,0.242817422375654,0.0114628077205833,0.0096151812978708,-0.48162813731794,0.478047648956687,-0.0829469540716021,0.208249306589759,0.608164796873639,0.289670287388907,0.110331603506976,0.0812528348979567,63.8,36
"Minnesota",1965,27,0.358209,0.4179105,0.496060027914043,0.23926031507367,0.0113795735836234,0.0095800006764404,-0.574828468941867,0.543554018952734,-0.328692344991369,0.0653661498943712,0.557738773696561,0.296499217695234,0.110933491159831,0.0946911458720856,63.8,36
"Minnesota",1966,27,0.3283582,0.3111111,0.487773706365946,0.234858916921764,0.0109163680487508,0.0092766973404465,-0.675727779004793,0.0400100185748591,-0.27299880698585,0.0993624589957125,0.620312538190646,0.309522454045117,0.0951420046340044,0.104569845072766,63.8,36
"Minnesota",1967,27,0.3283582,0.3111111,0.477968273079381,0.237503831187431,0.0111369139999333,0.0092678810973792,-0.606107065210726,0.107816858060645,-0.307272449368788,0.0495471291515884,0.556510676144289,0.340722904751184,0.123428160136047,0.120070979926563,63.8,36
"Minnesota",1968,27,0.3283582,0.3703704,0.471617095478679,0.236691239353432,0.0108672667279654,0.0092502418019958,-0.785889210590858,0.0169919792640962,-0.431756922447089,0.105277170133319,0.624679496220736,0.324458110037354,0.078251504291767,0.0848653263304238,54,41.5
"Minnesota",1969,27,0.3283582,0.3703704,0.467978087688443,0.233861946909471,0.0113965656865478,0.0095040452688072,0.272412657076129,0.147523505077277,-0.258004241671763,0.17526900304547,0.413287553627752,0.335924643998231,0.135474921361212,0.117907962787975,54,41.5
"Minnesota",1970,27,0.4925373,0.4814815,0.457446728962496,0.235271112721537,0.0110691688732399,0.0098963675169031,0.154050915924658,0.178441038893895,-0.145191211724264,0.231922178508176,0.455941071811159,0.329283069626595,0.143450453311819,0.186456952045167,54,41.5
"Minnesota",1971,27,0.4925373,0.4814815,0.447531165707141,0.236932887045175,0.0115761904908149,0.0094891291651005,-0.0109284110675862,0.264902099192405,-0.109887399998255,0.11914590034138,0.444743955012956,0.331952203071707,0.143037999272185,0.136726358850196,54,41.5
"Minnesota",1972,27,0.5522388,0.5746269,0.440684233734205,0.232580520616334,0.0112674658275886,0.0095805063975413,-0.293180528438683,0.220352168704613,-0.182240376198726,0.0790887808184323,0.406391951121218,0.327262750092162,0.114760142553516,0.156168682649264,46.1,51.6
"Minnesota",1973,27,0.5522388,0.5746269,0.435029519996681,0.232750600224974,0.0112092268292599,0.0103124056335743,-0.0408479600386033,1.08334825441016,-0.234717211448893,0.134354957513845,0.417391463484926,0.348518947616956,0.157291358079297,0.126771725504964,46.1,51.6
"Minnesota",1974,27,0.5522388,0.7761194,0.43261276683771,0.23193378579067,0.0115722996310089,0.010490974737257,-0.0137029832262254,0.904885339223146,-0.222290500968223,-0.0226345841488246,0.418507102236299,0.319432913918465,0.135658936240085,0.137957864514104,46.1,51.6
"Minnesota",1975,27,0.5522388,0.7761194,0.430343218480478,0.232093194868687,0.0114009725831574,0.0096355352012058,0.176326007357239,0.91145726668985,-0.23952312182755,-0.125474920501951,0.423275103648838,0.362419436466262,0.140333334033994,0.191692968279773,46.1,51.6
"Minnesota",1976,27,0.7313433,0.7686567,0.431029197655203,0.23139273675424,0.0103204917810161,0.0089406858343528,0.209603611462897,0.85201881311069,-0.172878006498388,-0.363019668790656,0.376481799128735,0.353073320522607,0.122662797332395,0.143527660885076,54.9,42
"Minnesota",1977,27,0.7313433,0.7686567,0.425000763314523,0.23441227967274,0.0108985992566554,0.0094542389464271,0.59592336393543,1.21626492694225,-0.297928375549425,-0.210583945081155,0.355417140245766,0.369132883206378,0.138260539520923,0.188885286728981,54.9,42
"Minnesota",1978,27,0.7313433,0.5,0.419640292571611,0.236041927896799,0.0105617595632098,0.0096574633486235,0.533396547934079,1.27330420632462,-0.291226941236331,-0.212578730571665,0.32705229743748,0.337944384261117,0.148566927479223,0.180722847832953,54.9,42
"Minnesota",1979,27,0.7313433,0.5,0.40962941412593,0.240997311158518,0.0103036646302457,0.0093098166326874,0.508918163392614,1.19479281678892,-0.155726970071873,-0.18926027233122,0.334448905526113,0.340948707189975,0.139862157958032,0.198724477272013,54.9,42
"Minnesota",1980,27,0.6716418,0.522388,0.4012166807312,0.24395813119409,0.010401551349444,0.0091069062905096,0.480258790369791,1.14959238857256,-0.13823685741497,-0.196667946650315,0.35997896286638,0.334079947871249,0.12498157210291,0.170127158939475,46.5,42.6
"Minnesota",1981,27,0.6716418,0.522388,0.395628676140351,0.24710788829744,0.0103274476624782,0.0089360175176878,0.408419273263967,1.00428775203103,-0.0346863248876742,-0.152025823160257,0.318331909163653,0.335085772541882,0.137920389280462,0.209862908084281,46.5,42.6
"Minnesota",1982,27,0.6268657,0.5746269,0.395542373478092,0.244398177876771,0.010363772157398,0.0087988518165325,0.361769215497313,1.01673649336035,0.0176994694208947,-0.255972136009845,0.335575082103391,0.357117732525646,0.14039380001202,0.178123513571199,46.5,42.6
"Minnesota",1983,27,0.6268657,0.5746269,0.392025427391669,0.245943274297236,0.0101555623701381,0.0087998914141078,0.277009489721239,1.28578827743035,0.0383211446008603,-0.356859694819563,0.326136787278108,0.352953165429303,0.142221638652305,0.180466911089312,46.5,42.6
"Minnesota",1984,27,0.6268657,0.4850746,0.388624204367782,0.247403444444867,0.0098056203043957,0.0088213595417985,0.24764722213054,1.21000367237177,0.0520959822307096,-0.191997217430895,0.317463216894699,0.345222084313631,0.117830207154011,0.188130175242389,49.7,49.5
"Minnesota",1985,27,0.6268657,0.4850746,0.381942585572089,0.250970357926292,0.0097550012471253,0.0086469738382464,0.232942521759292,1.03677767213981,0.0410523799400729,-0.269715160084919,0.322092175539965,0.35325306713492,0.14367227936357,0.176203747196843,49.7,49.5
"Minnesota",1986,27,0.7014925,0.619403,0.374810724596598,0.249325830819488,0.0096116213112058,0.0080622833892731,0.201189149419247,1.0559029003398,0.123246112866777,-0.130083686459899,0.316933111739452,0.35967596539273,0.151628764690918,0.174652145261645,49.7,49.5
"Minnesota",1987,27,0.7014925,0.619403,0.3700259327335,0.248314565499999,0.0093263201834442,0.0079040683122499,0.227944946431535,0.984218996215299,0.220817193997458,-0.129889798066036,0.304221554500111,0.353322300204014,0.132393046089068,0.136193026496475,49.7,49.5
"Minnesota",1988,27,0.7014925,0.5970149,0.366069209196395,0.250287050378838,0.0097396350721983,0.0086541676168838,0.256722986858909,1.06665735582529,0.129777905769121,-0.0784408396556241,0.336179141577264,0.334308291237611,0.15131114536652,0.119803409878631,52.9,45.9
"Minnesota",1989,27,0.7014925,0.5970149,0.363224943307386,0.247498890836761,0.010039962134961,0.0086428122855396,0.482454677957538,1.11613890246521,0.285185220371949,0.0773836320592554,0.29860189891791,0.350298045703579,0.163661569055509,0.122017675760265,52.9,45.9
"Minnesota",1990,27,0.6865672,0.5970149,0.357546228162807,0.249117985700024,0.0101300298301417,0.0091591944881841,0.407877408647016,1.16665264024442,0.304207055801977,0.0205897304089783,0.296184546899864,0.357141569943978,0.15863238457326,0.133253925587946,52.9,45.9
"Minnesota",1991,27,0.6865672,0.5970149,0.354089249301466,0.251041510759274,0.0096457773878631,0.0082552470639567,0.390497013185824,0.936320490629598,0.363701285565726,0.053835605121458,0.295425859248611,0.34388642503448,0.192233666976015,0.112596373746884,52.9,45.9
"Minnesota",1992,27,0.6716418,0.641791,0.352127923894722,0.25302373775041,0.0095876572248478,0.0084763143504888,0.381334630485989,0.926169418010756,0.401905029120503,0.0444369949162704,0.299390010819473,0.362115906669699,0.176282844436921,0.106400032387264,43.5,31.9
"Minnesota",1993,27,0.6716418,0.641791,0.351167106789528,0.254996369591149,0.0095700565753715,0.008327262125898,0.951170158840918,1.09708073677849,0.594034155298421,-0.218443218570502,0.271844599852526,0.414276247341039,0.200451867741645,0.119495669756027,43.5,31.9
"Minnesota",1994,27,0.6716418,0.5298507,0.350136137657457,0.25971813294684,0.0091241942003711,0.0084479892589189,1.06092307925967,1.00208079686907,0.490163832274971,-0.327295292493009,0.267599467795352,0.398247798940034,0.151944061822203,0.152709597397118,43.5,31.9
"Minnesota",1995,27,0.6716418,0.5298507,0.351104815436351,0.262018824328105,0.0095312762312833,0.0083567638507558,1.03043247240406,0.946661863730046,0.627468773208887,-0.42529975036089,0.264115956043594,0.365593701789646,0.209064068943457,0.12338776928725,43.5,31.9
"Minnesota",1996,27,0.6363636,0.522388,0.351476379322626,0.264448105310212,0.009511397577571,0.0081981584655888,1.00557962572073,0.802525097914759,0.635366099415277,-0.315331667222132,0.250215345937595,0.374231672626503,0.151452280513627,0.134802244192377,51.1,35
"Minnesota",1997,27,0.6363636,0.522388,0.352244413858301,0.263025087797481,0.0093717151270007,0.0080417515292944,0.991964610233108,1.13013126291624,0.64920863480786,-0.268029603735838,0.243328701049932,0.370269798311575,0.193144351336828,0.156723719113227,51.1,35
"Minnesota",1998,27,0.6363636,0.4701492,0.35085923119481,0.263044482679598,0.0088626932028119,0.0079527115324446,0.952847157238341,1.26798026556103,0.565844820346176,-0.317551011665997,0.249627873457158,0.340982959351715,0.162085518081997,0.142009767199451,51.1,35
"Minnesota",1999,27,0.6363636,0.4701492,0.353734080365705,0.262961191521151,0.0082412019580087,0.007706158336328,0.985001214760639,1.52017608700736,0.551982569711736,-0.081532242699649,0.232661588200658,0.350332154999703,0.193436410079531,0.142660623085977,51.1,35
"Minnesota",2000,27,0.6,0.4850746,0.35047111112899,0.27255275377355,0.0074695148898487,0.0073791866033432,0.961633243754282,1.40874811035015,0.458459147913424,-0.33140818707931,0.228139995540183,0.348824320601407,0.158618882073262,0.113385839318553,47.9,45.5
"Minnesota",2001,27,0.6,0.4850746,0.353722712449646,0.277779844309488,0.0081200681839375,0.0078906254538185,1.03803774242781,1.37950886806073,0.589730333033685,-0.0739385350599088,0.212318413485031,0.362339402737516,0.19006620808502,0.137600021058339,47.9,45.5
"Minnesota",2002,27,0.530303,0.3880597,0.351618046059367,0.284806694529729,0.0085794462299885,0.0083148888346588,1.04082055060303,1.28535056886695,0.608604266130282,-0.218965185627285,0.215025206922638,0.344735499625746,0.179863150476525,0.138287940872449,47.9,45.5
"Minnesota",2003,27,0.530303,0.3880597,0.355460557812647,0.286055074910736,0.0078962452274414,0.0080129951361514,0.931097026871485,1.40250463974443,0.532573164697066,0.0662038167548523,0.247919099630113,0.338740547776965,0.152719482572426,0.152905864772546,47.9,45.5
"Minnesota",2004,27,0.530303,0.4925373,0.359555701363624,0.291364409956781,0.0071040050302078,0.0071697709707672,0.915644171236664,1.31410032195921,0.579828721736011,-0.0451099217024584,0.240251559874849,0.338031575606904,0.128968800242433,0.111065349149741,51.1,47.6
"Minnesota",2005,27,0.530303,0.4925373,0.365227140659728,0.285654121126012,0.0079651893967551,0.0074718003179713,0.897022397579975,1.36870812159229,0.563858977400492,-0.042195225931486,0.260683921339333,0.35165920227642,0.134866461524968,0.10998970270787,51.1,47.6
"Minnesota",2006,27,0.6567164,0.6343284,0.371144249741544,0.286753351107611,0.0075991701330673,0.0068894431191175,0.888564080721591,1.26191567487841,0.687103494132152,-0.0826032479059894,0.263920740614346,0.300151453897782,0.136435690894694,0.102337725837571,51.1,47.6
"Minnesota",2007,27,0.6567164,0.6343284,0.372832518376224,0.287709428359286,0.0074503287006465,0.0067379631161866,0.918218310079615,1.1191092444592,0.837406593005475,-0.0332309678271072,0.276900294059374,0.317632162292815,0.147663645543878,0.101783583402486,51.1,47.6
"Minnesota",2008,27,0.6567164,0.6492537,0.378924817838813,0.28685925971868,0.0074444565209795,0.0067193870240155,0.934308538192245,0.920446623080798,0.986010207569169,-0.153550819811462,0.2944496397017,0.30067914330242,0.158327080948319,0.0957966689338288,54.1,43.8
"Minnesota",2009,27,0.6567164,0.6492537,0.377516036131997,0.286356498562831,0.0072709116943549,0.0070832338228019,0.888373904356265,0.949197223551312,0.802473695287039,-0.234816866530077,0.28264187400084,0.311674163227387,0.161042180574727,0.0822465709567037,54.1,43.8
"Minnesota",2010,27,0.4477612,0.4626866,0.380112894035026,0.285804017024325,0.007694817157602,0.0069073982271742,0.857201793583236,0.9899328406078,1.18308864754001,-0.387417065746952,0.285377814331753,0.307972211566494,0.169732789217856,0.0932986226774311,54.1,43.8
"Minnesota",2011,27,0.44776119,0.46268657,0.381743397364564,0.278370149055296,0.0078331353671022,0.0071546990227853,0.834103664851385,0.890157745767659,1.12070033670052,-0.270268816428503,0.296696383055008,0.34718815318247,0.17815005967139,0.0987707635715185,54.1,43.8
"Minnesota",2012,27,0.41791045,0.45522388,0.386861135710184,0.272838668685946,0.0073623581338116,0.0069172870343281,0.83822288600663,0.837515995529328,1.37911906318689,-0.305337730103064,0.319907838222258,0.351291190576388,0.201150290103534,0.0940964144123733,52.7,45
"Minnesota",2013,27,0.58208955,0.54477612,0.388662360375342,0.269238125025961,0.0083242831967358,0.0077322425343263,0.897837088929887,0.987839103610241,1.5264372708256,-0.221109208361107,0.316541639621813,0.381226929041742,0.230119012453919,0.111785266677255,52.7,45
"Minnesota",2014,27,0.58208955,0.54477612,0.393634515452662,0.273013662391542,0.0092316144119376,0.0086454887349593,0.828768516290184,1.00231572539293,1.76000578339846,-0.223426788515042,0.302378172029853,0.376888416528026,0.287337089657531,0.102835747178593,52.7,45
"Mississippi",1946,28,1,1,0.638306640770933,0.159597294035316,0.0254392713199373,0.0212390619876462,-0.900313734902925,-1.62852267635926,-0.597915886823653,-0.240166804387563,0.773859436746751,0.194252977661017,0.171992376193133,0.100828192260251,NA,NA
"Mississippi",1947,28,1,1,0.642430663981076,0.15695545827231,0.0238088343238985,0.0197757994891968,-0.953204870707082,-1.65049905018785,-0.569699933000801,-0.10341271990781,0.755476389369025,0.206190123747465,0.17193224805337,0.101706971509015,NA,NA
"Mississippi",1948,28,1,1,0.646639210280315,0.154784598209017,0.022436843891208,0.0183549241446608,-0.913494137894109,-1.32334794671205,-0.483256478232354,-0.0906137712827049,0.797472069793069,0.320481511918803,0.146226535311635,0.10100663732924,NA,NA
"Mississippi",1949,28,1,1,0.655165599465778,0.149944181971051,0.0209235967625853,0.0170182211372334,-0.929613397085166,-1.22165281213256,-0.606731079924292,-0.11356021572265,0.784577066970255,0.315950351690715,0.159287793567111,0.0919001136954845,NA,NA
"Mississippi",1950,28,1,1,0.660240584041968,0.146822423738462,0.0193785918357856,0.0156461592588411,-1.00969591764566,-1.23527658627416,-0.426533899298026,-0.0831496569164523,0.783115645522338,0.31421565975971,0.189674236998278,0.134993738990399,NA,NA
"Mississippi",1951,28,1,1,0.661654766077991,0.14552273053143,0.0176480452832109,0.0144996868544657,-1.04221612386018,-1.4113479667551,-0.555331984767425,-0.0412879542245046,0.782180670478137,0.305278564748406,0.212652192842552,0.125513947597132,NA,NA
"Mississippi",1952,28,1,1,0.663296488575063,0.144584699656381,0.0154753166370249,0.0135369600878599,-1.06638381804046,-1.22947315185575,-0.530784504389006,-0.0028258850055351,0.781246561888738,0.308393794329927,0.152043297465482,0.103984367415821,NA,NA
"Mississippi",1953,28,1,1,0.662648691628148,0.144711789330809,0.013864952325719,0.0119811683673003,-1.11994791731718,-1.10523281318671,-0.408352121693035,0.0406384541574176,0.756731421064674,0.33136779584097,0.150100968401314,0.0962105966325236,NA,NA
"Mississippi",1954,28,1,1,0.65902510132129,0.145514454475929,0.0134710947028222,0.0109401523339631,-1.13468142389986,-1.52839541277917,-0.554583393404351,0.191816229671804,0.763704050271454,0.32644837199851,0.118748133593953,0.0932422398616541,NA,NA
"Mississippi",1955,28,1,1,0.649073595197095,0.149467666464527,0.0126753619864896,0.009420300088533,-1.11954449141457,-1.61836285641926,-0.408724670384924,0.209165950505595,0.76166533502894,0.352804770789598,0.131910377319867,0.0798300152379569,NA,NA
"Mississippi",1956,28,1,1,0.646141656609203,0.145733153262982,0.0123211569111188,0.0089291501431976,-1.19971579526381,-1.40779502288208,-0.550857817433968,0.231375764704309,0.8166036299352,0.347540875335712,0.0982953097107198,0.110583507598178,58.2,24.5
"Mississippi",1957,28,1,1,0.647515509353751,0.141863596072611,0.0126026265653142,0.0093426950253627,-1.20766511876254,-1.61718189566879,-0.438156598249679,0.387888126915163,0.784658132693382,0.363224726581105,0.134319149427565,0.109257067153749,NA,NA
"Mississippi",1958,28,1,1,0.643559493885164,0.139891644504751,0.0119786736058916,0.0090000587604136,-1.22483590509734,-1.49094025012582,-0.672682008378016,0.150516178214712,0.709047328718526,0.33725548433933,0.109252088064438,0.121693888037593,NA,NA
"Mississippi",1959,28,1,1,0.638446902502821,0.137014841318187,0.0120112482834261,0.009239329698265,-1.23462723679075,-1.54586135236697,-0.544175816451346,0.189493224890235,0.755118222080391,0.325692525338261,0.115030962469485,0.109202645267035,NA,NA
"Mississippi",1960,28,1,1,0.633822848983419,0.138692023468048,0.0121078555001956,0.0094944082131916,-1.28745708964971,-1.58708271345988,-0.646651488393748,0.145745534401908,0.766677770399002,0.33209101957678,0.129045799431342,0.108250902676354,36.3,24.7
"Mississippi",1961,28,1,1,0.629536349655779,0.139381169842663,0.0116652792179804,0.0086628301060381,-1.14556010910464,-1.88421336514566,-0.646692020028694,0.364053651089924,0.701646488730561,0.348524793627,0.127404188592716,0.109499896595805,36.3,24.7
"Mississippi",1962,28,1,1,0.627481908082395,0.137617384736898,0.011857707716767,0.0085587037893812,-1.24835020432569,-1.93797350009425,-0.791475414095737,0.0483939595288598,0.733675943759149,0.337849816191171,0.190958208955057,0.108318965893494,36.3,24.7
"Mississippi",1963,28,1,0.9918033,0.626554859306894,0.133982369316526,0.0113608856990066,0.0083623204778215,-1.23158604645388,-1.92699528351242,-0.373137250434789,0.0571936118698286,0.741525418028699,0.340436141232593,0.134762454878569,0.114753284144188,36.3,24.7
"Mississippi",1964,28,1,0.9918033,0.621460055772844,0.132092677484324,0.0112231874423955,0.0083124466451488,-1.25213718524456,-1.93161323012536,-0.757227713294698,0.0477827279526549,0.692731916267719,0.361993697132609,0.159909451331796,0.101843497157045,12.9,87.1
"Mississippi",1965,28,1,0.9918033,0.615792866410969,0.128368232393259,0.0112468231514288,0.0081565442493004,-1.33158757474069,-2.12721111299728,-0.57309877062464,0.0259894244171022,0.700009162124173,0.402473397435194,0.127398981776278,0.110744326138374,12.9,87.1
"Mississippi",1966,28,1,0.9918033,0.60950938774355,0.125137891644913,0.0115042846204412,0.0082771205717525,-1.35917013634596,-2.01000230907852,-0.756426170118845,0.0479803812632961,0.711345314012036,0.414873973569679,0.129028342696838,0.114993864454443,12.9,87.1
"Mississippi",1967,28,0.9807692,1,0.601867895527744,0.124207602916418,0.0112696393242757,0.0081260649238179,-1.43266112085268,-1.89655034222544,-0.453111683550521,0.038708983185436,0.676949182342467,0.376726396791899,0.137641511083737,0.124704728201022,12.9,87.1
"Mississippi",1968,28,0.9807692,1,0.592126869876194,0.123621418538802,0.0115959264940028,0.0081150284979212,-1.13660784280055,-2.23684073758461,-0.376865983036113,0.2622942453774,0.654808785165198,0.426395197708889,0.120583475825219,0.105916749040954,23,13.5
"Mississippi",1969,28,0.9807692,1,0.582316596934099,0.126000571420954,0.0115052922559868,0.0082127244747411,-1.16506387643474,-1.98886739725479,-0.4587735536829,0.305526324821479,0.621050275313771,0.430680110053572,0.143409947002531,0.133521569827886,23,13.5
"Mississippi",1970,28,0.9807692,1,0.57303991136457,0.129897176788718,0.0116844687673067,0.0085465150507327,-1.24963538843289,-1.93611931827991,-0.408113904830043,0.398835472751151,0.609128639297219,0.41469330098591,0.159770536349913,0.172648553966964,23,13.5
"Mississippi",1971,28,0.9615384,0.9834711,0.565362772207294,0.136161059818272,0.0117144223680374,0.0082666912991891,-1.33081500530066,-1.79870986225292,-0.316569359085312,0.277661083972578,0.616788802797332,0.418537978731632,0.151829413599412,0.136321989224135,23,13.5
"Mississippi",1972,28,0.9615384,0.9834711,0.558518863849492,0.143811102185678,0.0116550341997433,0.008346177832425,-1.5140416241839,-1.78908020659495,-0.398274352926256,0.388223376783845,0.53340526984599,0.410994361201278,0.130204524136138,0.135754944176279,19.6,78.2
"Mississippi",1973,28,0.9615384,0.9834711,0.552188410886821,0.150555914814091,0.0122160164659404,0.0084538797304423,-1.33757310112489,-1.97553231887378,-0.393672930670768,0.294306297591678,0.617198637345846,0.439228565742729,0.164844207173006,0.121798105318781,19.6,78.2
"Mississippi",1974,28,0.9615384,0.9834711,0.549871509303286,0.156492010723641,0.0120626419886106,0.0084184381646306,-1.2440407036957,-1.92663229844155,-0.398437604413689,0.343700607294987,0.531543824967394,0.440640209631059,0.152436064325445,0.160739232160471,19.6,78.2
"Mississippi",1975,28,0.9615384,0.9752066,0.548547018091501,0.162535159674426,0.0110890255582039,0.0084827371048145,-1.21688144766687,-2.06074601710044,-0.38227883670609,0.272931645290759,0.543185194558197,0.478762592176259,0.165039147651592,0.164019349840493,19.6,78.2
"Mississippi",1976,28,0.9615384,0.9752066,0.548189595109151,0.168647045173096,0.010765455641098,0.0087911901811022,-1.23827796970802,-2.01503730583332,-0.336296715519244,0.289417546659732,0.571507218868401,0.433874198459618,0.137488089348523,0.175137079532727,49.6,47.7
"Mississippi",1977,28,0.9615384,0.9752066,0.547529594390172,0.176106605096536,0.010844463271651,0.0088396239289697,-1.14172511070913,-1.91668883682719,-0.392398178441476,0.127740020149373,0.495657879147817,0.407166386459286,0.149176321846868,0.183558533047268,49.6,47.7
"Mississippi",1978,28,0.9615384,0.9752066,0.545114216078526,0.18343232246507,0.0105343735108236,0.0086765041933058,-1.17187260004764,-1.83028124476143,-0.382320798302675,0.101951910138906,0.535806826883803,0.385195851104539,0.14977417317833,0.177412352632005,49.6,47.7
"Mississippi",1979,28,0.9230769,0.9666666,0.53910725247873,0.193175114429528,0.010310183107512,0.0086458475020694,-1.15467773649337,-1.82021421046665,-0.33497891760341,0.0769953072089244,0.503957986794949,0.370211942922302,0.135880532464492,0.214410039620996,49.6,47.7
"Mississippi",1980,28,0.9230769,0.9666666,0.531365591308957,0.204521830055147,0.0102715735956878,0.0089772142689129,-1.23962257626976,-1.79829523610149,-0.48302376675755,0.0124149029227706,0.497049375123647,0.367912832010381,0.148813568795626,0.168346984232637,48.1,49.4
"Mississippi",1981,28,0.9230769,0.9666666,0.522926352225608,0.217581939838458,0.0102043461350786,0.0086069284967685,-1.24724231727725,-1.80898729511585,-0.405471491159646,0.0767640172926904,0.519724141781231,0.419225618754334,0.142749054104495,0.197540680286546,48.1,49.4
"Mississippi",1982,28,0.9230769,0.9666666,0.512622854457436,0.22934779961879,0.0101993216555343,0.0087949550239709,-1.28875217211751,-1.79793841813474,-0.441562493702732,0.0054296425147102,0.50461873410958,0.392552236241828,0.155408860684982,0.184546819528031,48.1,49.4
"Mississippi",1983,28,0.9423077,0.9590164,0.502653782723168,0.239340889134284,0.0100826305417763,0.0085753607400001,-1.25800322119842,-1.70387754402659,-0.417127314202095,0.0082527585259092,0.50114850665547,0.399333182525587,0.156138779892895,0.183606261811657,48.1,49.4
"Mississippi",1984,28,0.9423077,0.9590164,0.490620956858184,0.25165695834647,0.0099430512512432,0.0087412360808816,-1.22544461325791,-1.84812948520945,-0.602171512747852,0.0532648604843193,0.491636970628724,0.401812300657809,0.144366294666822,0.182392157417361,37.5,61.8
"Mississippi",1985,28,0.9423077,0.9590164,0.480721122463781,0.261318943322873,0.0094446981439948,0.0085165543851343,-1.29102996041475,-1.65305760403855,-0.506550412443794,-0.0458710977640044,0.511725389986901,0.373277938254204,0.164704455398502,0.148812095741348,37.5,61.8
"Mississippi",1986,28,0.9423077,0.9590164,0.471746487057832,0.269278798261413,0.0091211187137171,0.0083381395629131,-1.27086531781695,-1.68107738408221,-0.4688132500329,0.0881884618034687,0.500414758945829,0.379046369784951,0.185948615441516,0.175609286882773,37.5,61.8
"Mississippi",1987,28,0.8461539,0.9256198,0.463623440783129,0.274878486378885,0.0089118431800312,0.0083988999739142,-1.37856944274264,-1.70631725289257,-0.624183552693088,-0.0026923956162157,0.503189647215542,0.389331608840982,0.146450023878147,0.145719863891419,37.5,61.8
"Mississippi",1988,28,0.8461539,0.9256198,0.453780841584803,0.282160983594531,0.0090806212506046,0.0085781570586438,-1.45494053167579,-1.73450412718285,-0.541198208690145,0.148784517939985,0.500622437216519,0.371317505174144,0.187015235895287,0.133065145672781,39.1,59.9
"Mississippi",1989,28,0.8461539,0.9256198,0.442786043192318,0.289194495141626,0.0092136006928508,0.0090468612415666,-1.38650986596123,-1.89357699757184,-0.506951452759081,0.208419864055527,0.501353588954418,0.390891724209478,0.18740824874446,0.127804987908473,39.1,59.9
"Mississippi",1990,28,0.8461539,0.9256198,0.434618057178387,0.295910701757045,0.0092103322860915,0.0089432744825335,-1.53286717895373,-1.95720979877167,-0.443834108808891,0.152644805197841,0.512755654770556,0.36052716836335,0.189854263329472,0.129963916952568,39.1,59.9
"Mississippi",1991,28,0.8269231,0.8099173,0.428365278111936,0.302393644083099,0.0091297856677012,0.0089980556054907,-1.52823137076785,-1.88920636225964,-0.372263817258928,0.213205115412639,0.498051578618656,0.363475166348967,0.204197765234984,0.12791113768358,39.1,59.9
"Mississippi",1992,28,0.75,0.8,0.423561119745074,0.309121382788095,0.0088625795970064,0.0088242021884536,-1.63929804684836,-1.95375558252867,-0.368179901303395,0.17955866236868,0.512490740541079,0.389091262536748,0.203783185333529,0.113963419285999,40.8,49.7
"Mississippi",1993,28,0.75,0.8,0.418562139553933,0.315593370069329,0.0087333589718228,0.0085785147946355,-1.88695042959713,-1.96796317015237,-0.261856465028481,0.0414112215503898,0.493578726133301,0.434470751181266,0.206648721987229,0.118292456081867,40.8,49.7
"Mississippi",1994,28,0.75,0.8,0.414283788294482,0.320342221744855,0.0089672083079612,0.0083938047881079,-1.88977621718974,-1.60085408032307,-0.344392186719144,-0.0099618430330959,0.504119280165336,0.414628755588673,0.181027639768256,0.135187438403592,40.8,49.7
"Mississippi",1995,28,0.6538461,0.7142857,0.410010201930662,0.326198133113951,0.0087840467797747,0.0084982238050987,-1.80343254514417,-1.71404509836735,-0.237432803062588,-0.145006880473968,0.501532963768103,0.431720975482123,0.218100540580006,0.131312130062794,40.8,49.7
"Mississippi",1996,28,0.6538461,0.7142857,0.409210980153936,0.330163974326954,0.0083441232923031,0.0086218097498228,-2.02581571068591,-1.78255516351426,-0.0414746537131194,0.0492622995556451,0.510390032707674,0.419346989209304,0.149141860925352,0.117961020903346,44.1,49.2
"Mississippi",1997,28,0.6538461,0.7142857,0.407365214222261,0.334953792294766,0.0085842843824139,0.0087729638952509,-1.95090410866335,-1.74746148014147,-0.0195165814319133,-0.017693448873131,0.4838557966595,0.429892965085965,0.196955920783522,0.135785773228006,44.1,49.2
"Mississippi",1998,28,0.6538461,0.7142857,0.40617636941552,0.338963495486291,0.0089045540794819,0.0086218674838821,-1.90550645836873,-1.79577006063853,-0.0352853354444852,-0.0315171581883555,0.491712359671832,0.406864173223445,0.176926312410533,0.120174898727289,44.1,49.2
"Mississippi",1999,28,0.6538461,0.7226891,0.404355387404707,0.342513408702261,0.0085207044097754,0.0082233120112256,-1.88755491945206,-1.68405053832049,0.0125807082335725,0.0982564166634056,0.478283420650367,0.41576808585411,0.198808276807289,0.126982415594426,44.1,49.2
"Mississippi",2000,28,0.6538461,0.7226891,0.402785006997856,0.346795127837158,0.0077383443393712,0.0079590692255276,-1.94940742113725,-1.47353751047602,0.0062576107453757,-0.0924069403346592,0.486729052271317,0.416772329125483,0.175719570034052,0.11827373599767,40.7,57.6
"Mississippi",2001,28,0.6538461,0.7226891,0.398813266795316,0.352533872775013,0.0076080930293348,0.007968685973039,-1.94087812582417,-1.23656756418961,-0.0720087507000613,-0.0244669687261562,0.519378413142052,0.410922148526786,0.202418549054344,0.156406491701212,40.7,57.6
"Mississippi",2002,28,0.6538461,0.7226891,0.397473310225723,0.355711739410523,0.007707272965489,0.0081080759301179,-1.92959670207425,-1.22048797009104,-0.172140792421383,-0.0893919145593663,0.495245791661649,0.386741834279036,0.193348160773537,0.138395692840998,40.7,57.6
"Mississippi",2003,28,0.5769231,0.6557377,0.39646919177287,0.35656394936783,0.0077292514808216,0.0077448523453916,-1.92645780888904,-1.25939802902268,-0.372219228204184,0.0776853947544798,0.455169591575209,0.430546983342253,0.178324126783509,0.164666284040799,40.7,57.6
"Mississippi",2004,28,0.5769231,0.6557377,0.396166294256175,0.357010005689434,0.0072597908309321,0.0075292649320395,-2.14809892726388,-1.36908496625973,-0.4239062499701,-0.0536726425964187,0.528950256642981,0.409547014524918,0.152837569684679,0.11517235828855,39.8,59.4
"Mississippi",2005,28,0.5769231,0.6557377,0.396004124521375,0.353001361946539,0.007239722776969,0.0077132648092102,-2.10183287560663,-1.36176585210207,-0.33424828725944,-0.0565328118540123,0.53360438240849,0.403343408182663,0.162495718229963,0.12289664753269,39.8,59.4
"Mississippi",2006,28,0.5769231,0.6557377,0.396948232726431,0.348433381983124,0.0072974127552632,0.0075738856658525,-2.39709150614601,-1.47109007256228,-0.254632802313233,-0.0752503552613354,0.555747439105,0.417679873888822,0.137089398568919,0.118505973212851,39.8,59.4
"Mississippi",2007,28,0.5192308,0.6147541,0.397772675749545,0.342749785325191,0.0069040268782374,0.0074202149316611,-2.42096814037831,-1.49156847802309,-0.219077312260701,0.0214188155861447,0.556372433194491,0.411263786613581,0.159807397620328,0.11804499146214,39.8,59.4
"Mississippi",2008,28,0.5192308,0.6147541,0.395848937996541,0.340130945697298,0.00672492310767,0.0071122576062936,-2.45898963190585,-1.56928493854882,-0.324209123763502,-0.0087591755311786,0.528699881022694,0.425949009536264,0.177628750333272,0.092075022388966,43,56.2
"Mississippi",2009,28,0.5192308,0.6147541,0.393149403039049,0.335544250195351,0.0068337893423416,0.0075328122605575,-2.4739897656899,-1.58330861723489,-0.404836496440513,-0.263561566772102,0.570048209787467,0.453956265009583,0.21645733628253,0.101912616117053,43,56.2
"Mississippi",2010,28,0.5192308,0.6147541,0.391532058887135,0.333499680444318,0.0071368228611502,0.0074463246643197,-2.49417219286401,-1.43723083695086,-0.06087896893172,-0.374387340725341,0.572344934849357,0.441163519555533,0.217601842500195,0.109683396979449,43,56.2
"Mississippi",2011,28,0.5,0.59016393,0.391277399774944,0.331557554923911,0.0072424977980145,0.0078541039119609,-2.43606520158737,-1.55364324740102,0.0479627665712221,-0.372494637429105,0.540013975356281,0.459772111612348,0.228413495615396,0.132373660486994,43,56.2
"Mississippi",2012,28,0.40384615,0.47540984,0.393003163276304,0.331881930956195,0.0074584471782216,0.0081747594791026,-2.43163767200944,-1.61645206049983,0.0050637234284074,-0.397988881604449,0.527989300575847,0.472556982051583,0.227546545823431,0.123697368090383,43.8,55.3
"Mississippi",2013,28,0.40384615,0.47540984,0.392236763105797,0.328626694498564,0.0079507543892841,0.0087944310907737,-2.48291894085735,-1.84349153580122,0.0173083547170345,-0.459180327379872,0.535501588172824,0.587879135137494,0.288451748971106,0.125838861173931,43.8,55.3
"Mississippi",2014,28,0.38461538,0.46721312,0.392622578226421,0.325561819217608,0.0084276087374348,0.0099675738973797,-2.50538555254408,-1.59651914859721,-0.0769645065040296,-0.423878992968985,0.527212726639434,0.581758572012384,0.359269934267991,0.139559752178046,43.8,55.3
"Missouri",1946,29,0.4411765,0.3506494,0.477390862812318,0.299781382777919,0.0240402516351364,0.0233743527343301,0.316861508044551,-0.478961854957323,-0.240089052043229,-0.0069930790398763,0.573390102686742,0.31240487963332,0.123095479350764,0.068288971269061,NA,NA
"Missouri",1947,29,0.4411765,0.3506494,0.478047750401746,0.299716540001038,0.021611839247016,0.0206794377296729,0.230161897693073,-0.854005956636178,-0.364065009524998,-0.0104909667547108,0.594923429707938,0.291595625672446,0.12120541806663,0.0717810323421852,NA,NA
"Missouri",1948,29,0.5588235,0.6428571,0.478870781027997,0.299141734265008,0.0190330971536157,0.018319627215291,0.247611174646857,-0.579863592529218,-0.406053960181059,0.0367164493855746,0.586886832117694,0.300832879218108,0.1118524900474,0.0604359433187881,NA,NA
"Missouri",1949,29,0.5588235,0.6428571,0.485718824587306,0.297981615354346,0.0174375927311178,0.0168234092643386,0.18457157191422,-0.573606410194557,-0.402010285947021,0.032690253865378,0.584976938824766,0.305823288855083,0.135139897491159,0.056438134298124,NA,NA
"Missouri",1950,29,0.6176471,0.5519481,0.486660814428165,0.302096055804143,0.0162260394869554,0.0157598436371887,0.22888099893753,-0.592845246708486,-0.201659886167703,-0.0977358326792288,0.55610275433942,0.302530643314648,0.146116995336719,0.0794556815563965,NA,NA
"Missouri",1951,29,0.6176471,0.5519481,0.485762765527062,0.307241819753587,0.0151933141718767,0.0143076035926939,0.187967841492308,-0.637795637164919,-0.366727947744816,0.0239317440096001,0.565053880662843,0.286496711010105,0.189030686533879,0.0953324483165339,NA,NA
"Missouri",1952,29,0.5294118,0.4585987,0.485538201396525,0.312612724267112,0.0136535447831347,0.0127486951673033,0.164897491067825,-0.676106472231985,-0.287527574010758,0.0029720344571234,0.564456473253509,0.295214276110525,0.126449935252634,0.0802245851139536,NA,NA
"Missouri",1953,29,0.5294118,0.4585987,0.481519759561501,0.324813548874321,0.0124770683623689,0.0117169176875813,0.11067905745899,-0.64040004726964,-0.272384696600673,-0.0209750490835058,0.561685926470873,0.302392937037752,0.137683508632412,0.0858109599075466,NA,NA
"Missouri",1954,29,0.5588235,0.6178344,0.48081156638809,0.330275133284608,0.0121996925149739,0.0113974433808945,0.101544947782777,-0.572711611493767,-0.39261327954076,0.0366017954435788,0.543078291994581,0.299032765555622,0.118571845485451,0.0824224695731436,NA,NA
"Missouri",1955,29,0.5588235,0.6178344,0.47191431687132,0.33621753772601,0.0122605985866979,0.0115300978828151,0.0110206309889195,-0.564307054924905,-0.340899361102606,0.187280023568271,0.575339278198096,0.310370533417612,0.116438490910978,0.0708346848261873,NA,NA
"Missouri",1956,29,0.6176471,0.5923567,0.47091083832576,0.334925676043033,0.0107438639228529,0.010431554605252,0.0327923023866358,-0.488089353575017,-0.587497439704726,0.138161012896231,0.562112308936864,0.304637944830147,0.102387951187686,0.0931721768339055,50.1,49.9
"Missouri",1957,29,0.6176471,0.5923567,0.469841014720741,0.332099225329847,0.0108634293250271,0.0106156095187904,0.02704965940927,-0.427789589427097,-0.337259551155366,0.339333243577144,0.560545917698186,0.310958881371155,0.108762610650276,0.077703107046932,NA,NA
"Missouri",1958,29,0.7647059,0.7133758,0.474259416007017,0.323858891522453,0.0116691293964944,0.0105666784055376,0.0763512749063824,-0.44255094857369,-0.410547033161197,0.0296798189694349,0.554962108679613,0.30272461256602,0.0953840630001843,0.105020858128042,NA,NA
"Missouri",1959,29,0.7647059,0.7133758,0.477173091919618,0.314604761392543,0.0114812605236815,0.0113303028749164,-0.0433998066151052,-0.4225998770009,-0.480676295010969,0.0523159349544092,0.570510449830547,0.311801632484373,0.112047347320945,0.0910067778968965,NA,NA
"Missouri",1960,29,0.8529412,0.6369427,0.475111556301782,0.308958513060099,0.0123506887622646,0.0119881643294631,-0.062339827415952,-0.563377159846206,-0.514944188764642,0.232578861607946,0.541393839206349,0.297592287737437,0.116483537824574,0.107815715165796,50.3,49.7
"Missouri",1961,29,0.8529412,0.6369427,0.47327662610013,0.301145749223485,0.0123401814549357,0.0112181153118812,-0.0127288497756068,-0.503384643280226,-0.499225147270537,0.263210779197831,0.492907950263316,0.291673168525058,0.0921514783869657,0.0875198170474232,50.3,49.7
"Missouri",1962,29,0.6764706,0.6196319,0.465468297771595,0.293932596906928,0.0113355752653257,0.0104774955184952,-0.103471354651649,-0.650324566757761,-0.528276289691219,0.0641977582474186,0.511088841891171,0.291986390278026,0.157507368991919,0.101101329533671,50.3,49.7
"Missouri",1963,29,0.6764706,0.6196319,0.459884208462827,0.287233680916165,0.0116495927797942,0.0106661374947547,0.414521274815657,-0.547967668317633,-0.30916351656164,0.138035509983974,0.490430782850928,0.311536330814261,0.132528683173238,0.113189146552448,50.3,49.7
"Missouri",1964,29,0.6764706,0.7607362,0.457389230994984,0.284423022888564,0.0114264843172261,0.0103948184482703,0.317184816647439,-0.612935205007726,-0.382872288195171,0.109834580397508,0.501873843558943,0.320781464261872,0.123355417057968,0.0846281110027509,64,36
"Missouri",1965,29,0.6764706,0.7607362,0.453492798499983,0.278204259850595,0.0107106385465502,0.0100710378073125,0.64678211942537,-0.598586360995122,-0.579132403658053,0.236135173586206,0.410223836852174,0.30318378334859,0.1162096068292,0.0959548683475389,64,36
"Missouri",1966,29,0.6764706,0.6564417,0.446876263812148,0.275289003851215,0.0112268611408656,0.0107869693526282,0.557555878444765,-0.199923687334507,-0.515237557117193,0.149945631269441,0.408799361974719,0.293307921485892,0.0907574991067422,0.101273350372326,64,36
"Missouri",1967,29,0.6764706,0.6564417,0.437964881796036,0.275843738567318,0.0114092174060893,0.0101859064472083,0.51646687949726,-0.490964921033312,-0.346031405948917,0.124098280079978,0.412074432454519,0.352483130961348,0.130884011397325,0.109998180449963,64,36
"Missouri",1968,29,0.6764706,0.6687117,0.433392187288627,0.274307330550466,0.0112315759306293,0.0100385570959606,0.445399235465959,-0.562674951171426,-0.337427997534742,0.0850576315589718,0.417146335560695,0.340533166957628,0.100501180097012,0.0970173412387001,43.7,44.9
"Missouri",1969,29,0.6764706,0.6687117,0.424596599638172,0.275948858116234,0.0112782524570987,0.0104799645061529,0.372162417675175,-0.243782331013008,-0.381114979466918,0.231203258725439,0.401087049378911,0.33591957572499,0.143076818984317,0.136631412047549,43.7,44.9
"Missouri",1970,29,0.7352941,0.6871166,0.41777318006662,0.272202169392805,0.0117638654371968,0.0106493574778007,0.254764194769299,-0.360219567623597,-0.279938158157047,0.19839794574792,0.420725967652588,0.325350987719786,0.149820006717191,0.158501921922393,43.7,44.9
"Missouri",1971,29,0.7352941,0.6871166,0.40766207148141,0.272429730857191,0.011834783533482,0.0108606101346191,0.142359317756984,-0.440665631729187,-0.320133742558356,0.199721798426725,0.441659552944177,0.307623446337826,0.150935242031597,0.132565763803041,43.7,44.9
"Missouri",1972,29,0.6176471,0.595092,0.401987358804044,0.2665733619137,0.0117359039646512,0.0106500253478403,-0.114459501057485,-0.686893054436636,-0.31322620447059,0.156550372250621,0.394610047693531,0.334718109566645,0.119469214765633,0.14505006064575,37.7,62.3
"Missouri",1973,29,0.6176471,0.595092,0.401733291270436,0.258181269913627,0.0118652668458555,0.0106152581285628,-0.240127203874222,-0.839413893405943,-0.550180721766658,0.263764628028339,0.425864313731744,0.354959337371839,0.148808383232677,0.130639709762295,37.7,62.3
"Missouri",1974,29,0.6764706,0.6932516,0.403675524019469,0.248284763471576,0.0112920349038617,0.0103871350615794,-0.22161496518165,-0.566721533837531,-0.456355051829112,0.0405361753413081,0.417094468642842,0.317238059420782,0.135133329734478,0.12925730938956,37.7,62.3
"Missouri",1975,29,0.6764706,0.6932516,0.406238904295835,0.239237657559598,0.0111011696873979,0.0096352847620399,-0.260361105677075,-0.560953894696415,-0.608946397753908,-0.0489180946127554,0.422014389725722,0.318478593978842,0.133148629998509,0.137440426167167,37.7,62.3
"Missouri",1976,29,0.6470588,0.6851852,0.409458802719613,0.232140743820956,0.0099045068262931,0.0085099165025947,-0.283171694657456,-0.668936676056486,-0.468681461376966,-0.175601543065884,0.423842829693259,0.321852911206697,0.123308598355566,0.145306340898353,51.1,47.5
"Missouri",1977,29,0.6470588,0.6851852,0.406823827983025,0.229344687507352,0.009662391295589,0.008889594702851,-0.26225855326835,-0.706620368931835,-0.539565573093306,-0.207959128113918,0.406042978519485,0.301380860856836,0.138079847210437,0.173706435450911,51.1,47.5
"Missouri",1978,29,0.6764706,0.7177914,0.404554636262285,0.228835491581491,0.0095681334047848,0.008846825152945,-0.338079431933556,-0.603987391545088,-0.589536668227817,-0.291620576532701,0.414240689968426,0.313153810439754,0.137978415561009,0.170424128334331,51.1,47.5
"Missouri",1979,29,0.6764706,0.7177914,0.399740704890336,0.231862382207662,0.0094867954347861,0.0081644297333179,-0.343741574850374,-0.646808428527115,-0.476398599766422,-0.216783500948624,0.425129542462696,0.292389983908156,0.128938271344565,0.210400551387184,51.1,47.5
"Missouri",1980,29,0.7058824,0.6809816,0.389854678378768,0.233974613872241,0.0087429746529413,0.0074030962050359,-0.372806381206504,-0.66089338193436,-0.687762192273836,-0.241731428574405,0.41648312740283,0.305035601998675,0.123933154913953,0.168629480549687,44.3,51.2
"Missouri",1981,29,0.7058824,0.6809816,0.378108618587389,0.240146718871711,0.0087834009465547,0.0081324906911212,0.364592921129492,-0.615908230304461,-0.46959383830352,-0.119919507060193,0.295290645028139,0.317894705765283,0.119352167395077,0.213458282353915,44.3,51.2
"Missouri",1982,29,0.6470588,0.6748466,0.372087316337274,0.244994441966578,0.008861912537069,0.007825008455483,0.297514116998802,-0.849420772477883,-0.452379289470678,-0.180564504865356,0.294710254114029,0.333898581345286,0.139290777405282,0.181197505319584,44.3,51.2
"Missouri",1983,29,0.6470588,0.6748466,0.365481919450351,0.248580763960771,0.0093627168122616,0.0081299048686752,0.30200676371407,-0.647051360297111,-0.177217328708085,-0.18751632165757,0.313357053745117,0.31758330341167,0.138470767663837,0.168338799793366,44.3,51.2
"Missouri",1984,29,0.6176471,0.6625767,0.355995300102083,0.251943858436257,0.0092514675740593,0.008013292436404,0.346579543849084,-0.550408003100366,-0.216777974647918,0.051730543703656,0.322291857992859,0.307845417474972,0.124354521925926,0.183848138609502,40,60
"Missouri",1985,29,0.6176471,0.6625767,0.350426250731904,0.255638836463473,0.0093000904070507,0.0077363505394213,0.234435916650956,-0.584532519854775,-0.0277861095332058,-0.0867826281637512,0.29443358071481,0.30854525372765,0.150656515824923,0.161897687211683,40,60
"Missouri",1986,29,0.6176471,0.6809816,0.345871579417802,0.251473930362311,0.0083909242257553,0.0078923329561094,0.217043561579601,-0.414825638720504,0.0201643645594191,0.0466038844399344,0.290896165170648,0.321531533769038,0.150186169293524,0.153502889277451,40,60
"Missouri",1987,29,0.6176471,0.6809816,0.342265866182274,0.250513372588309,0.008145279928931,0.0080305768908783,0.196210660559344,-0.414837718445888,0.131131970049849,-0.0361016188556984,0.294586721804176,0.318350772232655,0.127015580617923,0.130965133248092,40,60
"Missouri",1988,29,0.6470588,0.6380368,0.343508278315007,0.251454143619369,0.0082488720254286,0.0078164506478766,0.177848062802041,-0.26663647093914,-0.0023389620648707,0.066851116515175,0.32877736935349,0.334926290350465,0.147949732138549,0.108489298078401,47.9,51.8
"Missouri",1989,29,0.6470588,0.6380368,0.341096035160979,0.254886129511457,0.0083375302516,0.007786631378586,0.0907756901232257,-0.355224014906742,0.0616837858272074,0.0977022006536375,0.29470086339369,0.30565761124479,0.158142205992267,0.11870475772808,47.9,51.8
"Missouri",1990,29,0.6764706,0.601227,0.339696507043345,0.255918743679537,0.0083913125139117,0.0080519150081811,0.0483592353836682,-0.429696277439164,0.0479751460138632,0.0182170199739733,0.296898753004059,0.316925414982689,0.149246914782641,0.119572478662632,47.9,51.8
"Missouri",1991,29,0.6764706,0.601227,0.341849194635996,0.255675926339278,0.0082788406000261,0.00798390151769,0.0383021162046187,-0.601973953327863,0.11053070651919,0.0010895983083375,0.299153898183423,0.341032575504399,0.181378717253105,0.111140126324623,47.9,51.8
"Missouri",1992,29,0.5882353,0.613497,0.345219439846519,0.255291472955929,0.0086046707074185,0.0078711162536324,0.018524532980376,-0.649556698854845,0.109796100900992,-0.0157342026013417,0.283562336448063,0.343966813303357,0.166096050678711,0.100769185786828,44.1,33.9
"Missouri",1993,29,0.5882353,0.613497,0.346119098071067,0.255259702633962,0.0088673703355285,0.0078131249015866,0.0167591330615734,-0.654705290986951,0.231131278793263,-0.222817611160468,0.293231307646612,0.35777273541332,0.177495631404411,0.0942469494488618,44.1,33.9
"Missouri",1994,29,0.5588235,0.5337423,0.344270269206853,0.257729742609446,0.0089760233472198,0.0079532638918323,-0.110067916436731,-0.527129559187872,0.0764466786048633,-0.310243454242953,0.317303594646788,0.351819736019033,0.149318393160126,0.140968681310298,44.1,33.9
"Missouri",1995,29,0.5588235,0.5337423,0.344066343193706,0.25888630524,0.0087272164237789,0.0079034043278291,-0.141847949337444,-0.5979646133066,0.142838381814793,-0.408095130191484,0.321611905745501,0.363574193050391,0.18881506682319,0.122612853925117,44.1,33.9
"Missouri",1996,29,0.5588235,0.537037,0.346107217709357,0.259060766964162,0.008674163840136,0.0078084330468899,-0.0989466172420889,-0.660726425605517,0.200642205140049,-0.214670444092773,0.30986755137594,0.353272024456062,0.144822722352534,0.132569762160945,47.5,41.2
"Missouri",1997,29,0.5588235,0.537037,0.348248803353257,0.263497422579452,0.0087028269686247,0.007691139629903,-0.135312003243443,-0.432384829860967,0.152682198452091,-0.324717869975113,0.337284089721092,0.399802128875216,0.18120579045565,0.144775581827405,47.5,41.2
"Missouri",1998,29,0.5294118,0.5337423,0.352660523683266,0.270900904491649,0.0087716883168263,0.0079826885985186,-0.124189996089761,0.0620679744456845,0.102645982001559,-0.305502237249381,0.325222751175357,0.379412886830266,0.171814751937869,0.137433446784291,47.5,41.2
"Missouri",1999,29,0.5294118,0.5337423,0.353307876299165,0.275247185432243,0.008294374732547,0.0077887902465181,-0.156901892325009,0.0122148545736716,0.0980882386357729,-0.159490324551384,0.310201056970811,0.367168123461983,0.19526163649477,0.130924438547698,47.5,41.2
"Missouri",2000,29,0.4705882,0.5337423,0.353249503562914,0.286754622601536,0.0067328447931646,0.0069671415164566,-0.128280987494552,-0.114796618354154,0.120057633714788,-0.283228280771299,0.300395769071808,0.354368487864739,0.162289284570402,0.112294395659736,47.1,50.4
"Missouri",2001,29,0.4705882,0.5337423,0.353778472671678,0.293175284765972,0.0077393978802292,0.0076782899875743,-0.0927397138608913,0.0333130723742477,0.109394696111725,-0.206684457697674,0.31669147288577,0.357617829632634,0.195991587105973,0.159589359379878,47.1,50.4
"Missouri",2002,29,0.4117647,0.4478528,0.35654684396335,0.295515897349247,0.0079208056223105,0.0079011249801847,-0.142365692737461,-0.0033383691529182,0.12348599007175,-0.20855892659994,0.303824682579736,0.364954923746658,0.179781586082795,0.139464949829431,47.1,50.4
"Missouri",2003,29,0.4117647,0.4478528,0.36131262366879,0.29751230904234,0.0076702965348327,0.0074630413202555,-0.202854026699855,-0.101294775800764,0.0269383839040818,-0.0510022557361543,0.296935049977661,0.353072783974275,0.147986910550541,0.142741122505461,47.1,50.4
"Missouri",2004,29,0.3235294,0.404908,0.366606937493148,0.297402490699694,0.0069529570057065,0.0068307650436428,-0.0934952902097205,-0.172968948331346,0.10012816518724,-0.0843168021915697,0.313313167646892,0.357134892180811,0.121557870057016,0.117679490244279,46.1,53.3
"Missouri",2005,29,0.3235294,0.404908,0.368502994387837,0.293811082682081,0.0071721013938243,0.0065991820761046,-0.112329764612831,-0.211823825069918,0.131772217080127,-0.186030200546842,0.305723642670587,0.351009790554451,0.126523691342192,0.11293371819272,46.1,53.3
"Missouri",2006,29,0.3823529,0.4355828,0.37255483192444,0.28948869187501,0.006778007988865,0.0065728437990149,-0.121545493594863,-0.322256727607921,0.20921644431902,-0.159074711570259,0.305138780923913,0.3382822817301,0.116215046460457,0.112799892450268,46.1,53.3
"Missouri",2007,29,0.3823529,0.4355828,0.37223594010759,0.283169525484404,0.0067310468601166,0.0063586742066685,-0.382712833650008,-0.237855662908843,0.329495093732196,-0.147396570110288,0.346476460482555,0.33909960820375,0.129405060179624,0.11292572728683,46.1,53.3
"Missouri",2008,29,0.3235294,0.4539877,0.370469082510885,0.281723094363109,0.0066475147347145,0.0062517544346156,-0.461268248574755,-0.120577029079485,0.285935815126466,-0.139422825194578,0.334642012138472,0.337124129172912,0.139653440699673,0.0965803438047501,49.2,49.4
"Missouri",2009,29,0.3235294,0.4539877,0.362211701211404,0.27734782683646,0.006581811199666,0.0059974306940826,-0.719467310886507,-0.360331346982748,0.202590771291594,-0.341738530031265,0.345657271189649,0.33605718549568,0.172626705776487,0.0799749176583523,49.2,49.4
"Missouri",2010,29,0.2352941,0.3496932,0.360073303393511,0.278586011148718,0.0064104577026434,0.005971213456176,-0.925110299230493,-0.358955753351062,0.482947358260048,-0.393869691072401,0.362055168531924,0.356098618916287,0.167080948859549,0.0976321465794138,49.2,49.4
"Missouri",2011,29,0.23529412,0.34969325,0.355006601051539,0.2759352888425,0.0066312338128976,0.0063279918583313,-0.933877566712984,-0.292086591005103,0.537540951707985,-0.563964698226758,0.383222574052106,0.363258278479566,0.182287409048742,0.115705750554867,49.2,49.4
"Missouri",2012,29,0.23529412,0.34355828,0.353790161319968,0.274479232272863,0.0067925095139508,0.0064372145553072,-0.975593819438227,-0.367250300280622,0.644430489041794,-0.514596664149945,0.399545135686662,0.352842066452454,0.186564746948501,0.103694037885972,44.3,53.6
"Missouri",2013,29,0.29411765,0.32515337,0.354843086406199,0.269121655991003,0.0072379288149765,0.0070107028361533,-0.920477852190625,-0.587330855696933,0.780578238783708,-0.582508259899983,0.360593709775395,0.433093571107352,0.231222290249211,0.133539572189951,44.3,53.6
"Missouri",2014,29,0.26470588,0.31901841,0.354768578987543,0.270253819288562,0.0082627816394636,0.0074406083866626,-0.980136344598631,-0.449397211289376,0.935279052296245,-0.511917476205643,0.375250776017984,0.422757289238842,0.274056277030506,0.115649746052603,44.3,53.6
"Montana",1946,30,0.2678571,0.3483146,0.449622426981606,0.252877298021684,0.0366338468362073,0.0296734199232697,0.539961422777393,0.137723455716842,0.0088468177003209,0.0241783752192591,0.483975930896985,0.299600830577359,0.151371684522437,0.0961107692818851,NA,NA
"Montana",1947,30,0.2678571,0.3483146,0.450105429491884,0.252857395811661,0.0344370458882233,0.0283960008238973,0.469348366718114,0.0744825020432304,-0.0229603958276593,0.0907894429757272,0.512147502101834,0.311730790352912,0.157908397397677,0.0870492266914445,NA,NA
"Montana",1948,30,0.4259259,0.6,0.451497099396115,0.253061928027224,0.0324189389387693,0.0263234115856489,0.445259664690638,0.0081601185331359,-0.153863911846679,0.0857869595556531,0.520552094293543,0.320527153882109,0.14272271108373,0.093044726195478,NA,NA
"Montana",1949,30,0.4259259,0.6,0.455622790786878,0.250768227353989,0.0312478801068615,0.0250411524889788,0.398534855506376,0.245173309583908,-0.186078496396133,0.0618489627037701,0.553638422735253,0.314084409486404,0.167756786892385,0.100494208371027,NA,NA
"Montana",1950,30,0.4814815,0.4555556,0.458334568769866,0.248688173039526,0.0307249398444943,0.0244927848458048,0.299603636458183,0.315523476623414,-0.0565788501374077,-0.0077138080209174,0.506995425889198,0.307848473043853,0.173107149355669,0.112964983496069,NA,NA
"Montana",1951,30,0.4814815,0.4555556,0.460225283202864,0.246959472566782,0.0291369610061361,0.0236693124325262,0.31003903106669,0.130173228616813,-0.233393126989252,0.0161629725799127,0.556409626073071,0.314874172559901,0.218843144618414,0.135057767346673,NA,NA
"Montana",1952,30,0.3571429,0.3404255,0.461881353512565,0.245101455133435,0.0285827349769864,0.0227741252885731,0.261279593260545,0.170964587435222,-0.202561080835015,0.0828832697716583,0.5547038539576,0.296961556097774,0.172615402508747,0.129972134957526,NA,NA
"Montana",1953,30,0.3571429,0.3404255,0.45721335491008,0.250191001735856,0.0261081938325322,0.0198467802797104,0.313809785004091,0.150124618647792,-0.102009412281469,0.0519661278446966,0.547906654456142,0.314307323873512,0.165587159313645,0.122731811566185,NA,NA
"Montana",1954,30,0.4107143,0.5212766,0.460402312209703,0.248723695788894,0.0243318585676527,0.0193352920917593,0.299087019923944,0.211873393730115,-0.155546788367359,-0.0076162199617348,0.541481957553421,0.325286550949315,0.161290108721719,0.120764367099582,NA,NA
"Montana",1955,30,0.4107143,0.5212766,0.462932929999661,0.246535682458282,0.0228493482053584,0.0182809677985915,0.197679562257768,-0.0066029934348977,0.0205625317747471,0.0821817529554447,0.560198361594554,0.308687440019486,0.17892080582345,0.120341752612381,NA,NA
"Montana",1956,30,0.5535714,0.6276596,0.465130105352675,0.24297028522413,0.0217726048773482,0.0174293280918248,0.19187795185458,0.0022358083806217,-0.127937304722708,0.0941146657523259,0.521560109518398,0.294569488481997,0.166283544194088,0.14569062158308,42.9,57.1
"Montana",1957,30,0.5535714,0.6276596,0.465272624234735,0.240074014768009,0.0211461885061188,0.0170871658881008,0.145350968062044,-0.0097906476240454,-0.107820998771195,0.227299702055059,0.530895499643614,0.297521060749797,0.178698030510779,0.125877866781354,NA,NA
"Montana",1958,30,0.6909091,0.6630435,0.463861812597387,0.23964441494924,0.0205502487291998,0.0167219141875007,0.0989350765888321,-0.0252633321920386,-0.132914574719633,0.0522696740536106,0.570849704606465,0.286860117464668,0.166230048713742,0.129968672065784,NA,NA
"Montana",1959,30,0.6909091,0.6630435,0.460281955344863,0.239771989498123,0.0201633456286683,0.0164808690308574,0.0843757336598861,0.0786456445448504,-0.201461460415605,0.144556828246141,0.548507112405209,0.292027357368988,0.144381082172574,0.133683178011033,NA,NA
"Montana",1960,30,0.6909091,0.4255319,0.454751308581518,0.242952413504753,0.0202396703328571,0.0163579405880117,0.0356624276454874,-0.127400023410441,-0.176280449765072,0.192139404954312,0.573310235205274,0.290313365262936,0.153010994969248,0.162437588615044,48.6,51.1
"Montana",1961,30,0.6909091,0.4255319,0.447363886857882,0.246297228368488,0.0188597650440118,0.0158183804135339,0.0771142002751543,-0.130683513394719,-0.273602855388803,0.25411282106869,0.531908997834909,0.277712320343779,0.15357500428758,0.149921042338725,48.6,51.1
"Montana",1962,30,0.625,0.393617,0.439853695906678,0.249553987242857,0.018286810717396,0.0150375328692906,-0.0061133626548528,-0.246311589277867,-0.276108835021771,0.0504080035236486,0.535744932319723,0.282806251487918,0.171973263690278,0.139044716216431,48.6,51.1
"Montana",1963,30,0.625,0.393617,0.433544880186625,0.25228269646228,0.0178646135573542,0.014412592023847,-0.0097061181409243,-0.315675085223761,-0.334511085750654,0.17289999839482,0.544680727719528,0.287538498029977,0.16156000441078,0.160527500865061,48.6,51.1
"Montana",1964,30,0.5714286,0.5957447,0.427257108422898,0.253855290161754,0.0180081927124719,0.0140215431451622,-0.125610189630528,-0.211422483686797,-0.190580531639484,0.0165608368982735,0.505671035969836,0.291868854388359,0.12978202590263,0.106546224151831,58.9,40.6
"Montana",1965,30,0.5714286,0.5957447,0.4225539525696,0.25463176674093,0.0178858271299262,0.0137443301125418,-0.261102746782553,-0.362840936687072,-0.498914193873072,0.110322367106117,0.508159483257435,0.303997168070777,0.150479890911294,0.137916026323404,58.9,40.6
"Montana",1966,30,0.5454546,0.3846154,0.416655372907788,0.253963941795142,0.0182903865123567,0.014129202348642,-0.281001701021423,-0.362638310186377,-0.428083736943465,0.018792176367379,0.512850236066801,0.312967165378406,0.148760354919696,0.135198761886255,58.9,40.6
"Montana",1967,30,0.5454546,0.3846154,0.411934197106968,0.252435315486901,0.0180264309999556,0.0142721805436509,-0.335032889909922,-0.208849036577164,-0.4289869114771,-0.0026022113749066,0.526064017161008,0.326690208421117,0.146913820316049,0.145650675771808,58.9,40.6
"Montana",1968,30,0.5454546,0.4423077,0.409228318778494,0.250417927673836,0.0181254321628807,0.0152167280966782,-0.401605681702528,-1.15381440405854,-0.497810258101853,0.0426897788574401,0.518788032819992,0.363300239916565,0.128658551566727,0.135964402290711,41.6,50.6
"Montana",1969,30,0.5454546,0.4423077,0.407551875434719,0.246805611952122,0.017446225257434,0.0150963862250703,-0.493685470099906,-0.476359223290712,-0.497401625939502,0.117985134651342,0.506786375108989,0.341931483509068,0.173382353449171,0.150190297275931,41.6,50.6
"Montana",1970,30,0.5454546,0.4711539,0.408694678602312,0.244282972812344,0.017660247920117,0.0151308118474933,-0.597875089069628,-0.370680244271738,-0.371691031197956,0.119723220605474,0.5056645408366,0.327865136579709,0.185747078493347,0.192660596421212,41.6,50.6
"Montana",1971,30,0.5454546,0.4711539,0.410350971526605,0.24077238682797,0.0183394815729685,0.0157105757207314,-0.203431951939304,-0.139813603327274,-0.419216316361497,0.118368446489859,0.457022471929327,0.324985652988661,0.182542973901627,0.160615714758383,41.6,50.6
"Montana",1972,30,0.54,0.54,0.411540987925373,0.238203500057351,0.0182009152822502,0.0152782357658463,-0.315706527899472,-0.216429850155289,-0.427501012081056,0.0613586188003545,0.447238870178872,0.314388719508504,0.182835999069546,0.17952364831364,37.8,57.9
"Montana",1973,30,0.54,0.54,0.412786037817497,0.235844378670669,0.0182633080580095,0.0155619967111148,-0.345060948425418,0.0213357715200294,-0.579045772558657,0.147792907196735,0.448852289828254,0.328184795161675,0.190588543905022,0.151245168906494,37.8,57.9
"Montana",1974,30,0.6,0.67,0.413592723896879,0.23457301709056,0.0173010133128392,0.0154255766234945,0.0045316976165142,0.455150856180014,-0.478905900104911,-0.100034572970359,0.433754583228919,0.335397681731269,0.16289216569771,0.151439150906664,37.8,57.9
"Montana",1975,30,0.6,0.67,0.410863857549001,0.236576656202078,0.0167308619101967,0.0144130155615328,0.0147719689390022,0.578858983587418,-0.59456765583495,-0.0973068215582541,0.431524165557376,0.340412410580069,0.164293937047159,0.174030383565484,37.8,57.9
"Montana",1976,30,0.5,0.57,0.406980516178195,0.239627521038783,0.0164062471358653,0.0142793341251157,-0.0802226089264006,0.608502774088582,-0.406903221582627,-0.351851944540255,0.418694112379993,0.350519432574749,0.154773457838754,0.165459999597312,45.4,52.8
"Montana",1977,30,0.5,0.57,0.403639759992384,0.245351620006978,0.0161858090142082,0.0143654292159809,-0.0886121771692141,0.50405796389232,-0.506488241593756,-0.304801122825059,0.421154653599461,0.338559379540947,0.169899088167048,0.213059730555109,45.4,52.8
"Montana",1978,30,0.4897959,0.55,0.40072037998761,0.250078399775813,0.0157146557792453,0.0141842883048785,-0.133476800582099,0.508770048776334,-0.530827278758524,-0.418437403467745,0.418896756538395,0.340879847024455,0.178561942736129,0.199321218631239,45.4,52.8
"Montana",1979,30,0.4897959,0.55,0.395772805001279,0.25504151829155,0.0153931435853848,0.0145516066184309,-0.158866334018727,0.562672572386488,-0.296059565229833,-0.347589957192382,0.42551910774654,0.340141465267318,0.170906605939849,0.240696831230506,45.4,52.8
"Montana",1980,30,0.42,0.43,0.38959703120353,0.259827241981621,0.015981770075385,0.0140238822992797,-0.146750602076944,0.515385239192988,-0.460199502013007,-0.495514872168538,0.385562106172865,0.328579993032194,0.169656736339007,0.202515084816915,32.4,56.8
"Montana",1981,30,0.42,0.43,0.383671264339376,0.263116690489232,0.0155232140584024,0.0134203318261878,-0.197715523299111,0.550935504360441,-0.265193881837464,-0.436099082326153,0.380851931545309,0.347122493019233,0.179394923259156,0.247278877157131,32.4,56.8
"Montana",1982,30,0.48,0.55,0.378433290403221,0.267498848378674,0.0149751471274359,0.0126045755485386,-0.274648353099092,0.305855464147516,-0.293235943455902,-0.535517878810963,0.405111314953615,0.327493723380962,0.164440431411848,0.239975393634618,32.4,56.8
"Montana",1983,30,0.48,0.55,0.375472643257041,0.270340557854379,0.0143092689920101,0.0126973349530749,-0.260732768551661,0.47612394146149,-0.147028257663089,-0.521667062537365,0.400293299845825,0.319816636483972,0.167195798852848,0.22371915356379,32.4,56.8
"Montana",1984,30,0.56,0.5,0.372227208860583,0.273051340115268,0.0140206663579038,0.0125099438169709,-0.287458186409981,0.555799001333583,-0.118169863337594,-0.348863494329238,0.402939159509779,0.342173638104087,0.151728121403528,0.244673897811731,38.2,60.5
"Montana",1985,30,0.56,0.5,0.366755544981416,0.275822301067901,0.0140880314759382,0.0128125985261296,-0.287084240305572,0.6831945292424,-0.0877313132794982,-0.400007303918895,0.367991362552447,0.335807904149679,0.176495150129054,0.206648743322963,38.2,60.5
"Montana",1986,30,0.5,0.49,0.362652771263933,0.277973073397129,0.0134038385599867,0.0130923975750032,-0.160437654769153,0.71023758663081,-0.0195635016662423,-0.2623014237024,0.385225844446275,0.347386269226501,0.177115538042799,0.227929497092561,38.2,60.5
"Montana",1987,30,0.5,0.49,0.358466518373762,0.281209443799575,0.0136288986223302,0.0127711973736157,-0.144385547369728,0.600908922216043,0.0219100427452425,-0.306002294105825,0.38481499203353,0.341830624838496,0.161650634849919,0.177754892804106,38.2,60.5
"Montana",1988,30,0.46,0.52,0.352386481374548,0.284853349500843,0.0131738167665836,0.012113232906198,-0.247891193500969,0.58725429791813,0.0269843514947776,-0.135773577551925,0.369561329882219,0.341768525864802,0.173458721897334,0.163342704440425,46.2,52.1
"Montana",1989,30,0.46,0.52,0.34612949520838,0.289378591917508,0.0132540096229962,0.0124232482152161,-0.288976107479684,0.612151966342533,0.0164905596480226,-0.0696433864173502,0.359936907677294,0.335917868226349,0.187472323982152,0.165398726727161,46.2,52.1
"Montana",1990,30,0.58,0.61,0.341076561297063,0.29369018940187,0.0127433687066099,0.0127235036986358,-0.28326166480573,0.520745741422857,0.128341600075798,-0.011438495092237,0.358965207167966,0.332207608185567,0.19026621869956,0.12367384043623,46.2,52.1
"Montana",1991,30,0.58,0.61,0.335243416236149,0.296906106566509,0.0125816230105909,0.0119062517964485,-0.0136279455100052,0.505668324867675,0.106395320070557,-0.073217631497499,0.29819207884639,0.354972072569228,0.203896664649698,0.136382165293251,46.2,52.1
"Montana",1992,30,0.6,0.47,0.332820215454381,0.298523821620141,0.0122242556002928,0.012351093953487,-0.0449652819388101,0.546602563095547,0.11689624364938,-0.0108608913799382,0.314222025497414,0.34308126815792,0.19254206355485,0.105701188242648,37.6,35.1
"Montana",1993,30,0.6,0.47,0.326837853260394,0.300903880141304,0.0125828722541808,0.0122967476337777,0.0359715228640334,0.514967680400197,0.185367890706317,-0.29651923221042,0.305280352465903,0.389004922525476,0.211416916453625,0.127132158426239,37.6,35.1
"Montana",1994,30,0.38,0.33,0.322855249247047,0.303669771959891,0.0127179284233715,0.0120597050744335,0.160236436660302,0.436599524946684,0.0340461794039216,-0.291385315007475,0.333797454133923,0.428612335294272,0.182655614992451,0.152366398337893,37.6,35.1
"Montana",1995,30,0.38,0.33,0.318121063320579,0.308123402047121,0.0128511562654033,0.0121872274815232,0.150656990936336,0.410759873857153,0.0851792874679492,-0.481654817121236,0.339912138169444,0.391287198463899,0.215136783019293,0.132689108608361,37.6,35.1
"Montana",1996,30,0.32,0.35,0.313583739704621,0.310857841343523,0.012884189273818,0.0120474782684917,0.278220218571022,0.321907962607706,0.191867131812719,-0.279485449883173,0.338062950339153,0.375844998116617,0.169652168858507,0.152072167158795,41.2,44.1
"Montana",1997,30,0.32,0.35,0.30856647560923,0.315591981380478,0.0130461319424519,0.0124329135256484,0.433667501679561,0.577281003579536,0.104781171475337,-0.359706021935149,0.328174297382943,0.355448595934553,0.209170029241251,0.173014758817577,41.2,44.1
"Montana",1998,30,0.36,0.41,0.304044878100705,0.320355648749826,0.0123773679259428,0.0122879301127135,0.421741331712745,0.251278021060168,0.0569382829411209,-0.31299982057786,0.320629626277302,0.318710657402922,0.199318143219566,0.148683451933418,41.2,44.1
"Montana",1999,30,0.36,0.41,0.29942447537177,0.324701837165685,0.0120480525678537,0.0118315581712574,0.376324222293211,0.164586981131929,-0.0107173633689863,-0.222482769562472,0.320368276653769,0.341219963859979,0.237962034587833,0.16013802211931,41.2,44.1
"Montana",2000,30,0.38,0.42,0.294719572879019,0.332908465917683,0.0117028549600322,0.012171266124389,0.374609543796858,0.0692035705638837,-0.0566065821571419,-0.300584488955337,0.303957674309095,0.344297980198284,0.218280716247948,0.135722603955139,33.4,58.4
"Montana",2001,30,0.38,0.42,0.2893995035258,0.33899569532417,0.0118812194329414,0.0123974672420117,0.327192741658584,0.0189999325882102,-0.0911935690043979,-0.24589551324023,0.318322976233939,0.331670592184695,0.261440682916666,0.146588753778611,33.4,58.4
"Montana",2002,30,0.42,0.47,0.28412657314875,0.343000356056804,0.012240279669201,0.012514923196838,0.293601215590084,0.0783423412002735,-0.103582359054427,-0.341620084247695,0.32892315740884,0.342036572877212,0.258710107776051,0.158068056255,33.4,58.4
"Montana",2003,30,0.42,0.47,0.279693766368717,0.345395148251562,0.0117792958862412,0.0124171183616671,0.263851704830878,0.0147095556316357,-0.136347631438642,-0.150124133835854,0.318172439570579,0.327004688489741,0.222030798602924,0.170626652779845,33.4,58.4
"Montana",2004,30,0.54,0.5,0.276623557362539,0.347157161554082,0.0113639941740635,0.0115555989075726,0.162834496037028,-0.013917135115951,-0.0064674138036782,-0.270713309505464,0.337463899250439,0.339470512664187,0.167802098764258,0.135432644011374,38.6,59.1
"Montana",2005,30,0.54,0.5,0.27669871624656,0.340782619764169,0.0109945037335292,0.0112015567198058,0.44269280731256,0.0197264852552811,0.169669672560189,-0.305623149253941,0.323058357530161,0.338786835062207,0.157888675006461,0.14736363646663,38.6,59.1
"Montana",2006,30,0.52,0.4949495,0.275056117966662,0.334863868934904,0.0106805884991453,0.0110177017279402,0.457024777047326,0.117639727562359,0.388385179422494,-0.310854299442701,0.313309676927018,0.339889336642294,0.167941431718192,0.137078124442977,38.6,59.1
"Montana",2007,30,0.52,0.4949495,0.277251095484834,0.327546554616886,0.0104210144362759,0.0111372698623979,0.326429102284962,0.22324454771278,0.567994659617424,-0.270554103128412,0.299864137508842,0.328759310696737,0.206760624745634,0.131044951743572,38.6,59.1
"Montana",2008,30,0.46,0.5,0.277232726439097,0.323639902071695,0.0104700063683141,0.0108795006929231,0.259112356721654,0.0555772104948156,0.660105658205327,-0.293739157932745,0.291021117822466,0.325183041649589,0.236581379496058,0.126337399887488,47.1,49.5
"Montana",2009,30,0.46,0.5,0.276011524906468,0.318065875280839,0.0101862551953877,0.0104113099070231,0.113631959537448,0.401432620463872,0.527898757488747,-0.50782398193997,0.318236006855744,0.313324869708466,0.232282073476518,0.11895806910559,47.1,49.5
"Montana",2010,30,0.44,0.32,0.275337690731745,0.313127368751265,0.0101067538618019,0.0101827051049907,0.0546521137347032,0.354344150550193,0.801380434864672,-0.572331316601068,0.319308725884516,0.304667925795421,0.238023669686765,0.12439652940796,47.1,49.5
"Montana",2011,30,0.44,0.32,0.272995521183828,0.308275235479621,0.0104985679438773,0.0104546117472398,0.0376059420325165,0.465643550223354,0.756896406475376,-0.547451003607183,0.299472559361294,0.329492936252425,0.224618178957374,0.128330423348284,47.1,49.5
"Montana",2012,30,0.44,0.32,0.272181778980238,0.303638051289235,0.0113890744124493,0.0108751812364555,-0.0023955040731947,0.408588396797182,0.891985145173936,-0.575267008978168,0.283113840006896,0.334307264357806,0.245806822848928,0.121291139270641,41.7,55.3
"Montana",2013,30,0.46,0.37,0.272603886512077,0.296689204635953,0.0122854323908157,0.0120871492975246,0.0502429963930124,0.542058590841928,0.984905982782817,-0.630664018636715,0.302477716840006,0.372153031090262,0.277834675541695,0.161285609717466,41.7,55.3
"Montana",2014,30,0.42,0.38,0.272744628727261,0.29453748863968,0.0139440182300245,0.0133589263242557,0.0048297494149368,0.534550413207739,1.10446479333064,-0.652072140856215,0.320683862207392,0.3956361795469,0.325628809026068,0.16985391353701,41.7,55.3
"Nebraska",1946,31,NA,NA,0.371977428550856,0.372809908934679,0.0270874627791802,0.0266003554102374,-0.45625283261991,-0.594819428073494,-0.315343069593687,-0.196277504969282,0.712213454177113,0.27878737390484,0.136370819254584,0.0917574765826347,NA,NA
"Nebraska",1947,31,NA,NA,0.371375347254486,0.37434211975718,0.024549265236913,0.0241410499006533,-0.456672190579895,-0.740428160868196,-0.273671150462096,-0.0750419617300637,0.757440640021827,0.290115871090568,0.139340520167392,0.0882353662174834,NA,NA
"Nebraska",1948,31,NA,NA,0.370945564012801,0.374982151544927,0.022887385106132,0.0226935920412338,-0.590965040770354,-0.671243938485545,-0.414013930376628,-0.0392580382904611,0.687886710702069,0.305921923006926,0.121891190017567,0.0755734252597817,NA,NA
"Nebraska",1949,31,NA,NA,0.372350046229713,0.37895260887141,0.0218387207188761,0.0217490589032676,-0.524548678829153,-0.650105740840949,-0.355720697586591,-0.137830046196256,0.730821579765158,0.300567248466703,0.144380395454106,0.074334671225456,NA,NA
"Nebraska",1950,31,NA,NA,0.372077109481099,0.384485326034037,0.0211148325256997,0.0204537243872105,-0.604232776819763,-0.635925185286799,-0.171261635151506,-0.285072461932509,0.702396626173367,0.301587278627234,0.157527298913916,0.108021958845959,NA,NA
"Nebraska",1951,31,NA,NA,0.372346207920729,0.389790298633048,0.0196038052000962,0.0195326000980463,-0.549616419943616,-0.726647237111139,-0.31303893606655,-0.24220944386378,0.747348633312961,0.312527665563808,0.192606269497743,0.126211724212278,NA,NA
"Nebraska",1952,31,NA,NA,0.373236049941731,0.394622946545972,0.0183151198030539,0.0186687428847881,-0.679467021866835,-0.93731294618037,-0.227887071972861,-0.239705132821301,0.732743644079638,0.341616879814387,0.141190450446993,0.0991295574211081,NA,NA
"Nebraska",1953,31,NA,NA,0.372475024672313,0.405176413304599,0.0167965894553587,0.0171111773242894,-0.657260374187651,-0.83822851346071,-0.233817510515751,-0.136895079261113,0.764013140091167,0.31910980953296,0.153000829872849,0.109803499124148,NA,NA
"Nebraska",1954,31,NA,NA,0.371816214244882,0.412086940756216,0.0158418311251887,0.0168532895101227,-0.649722284082273,-0.899059199599427,-0.269529724697556,-0.114444700267084,0.751599288958257,0.327701257214189,0.147256101570979,0.0933524474411571,NA,NA
"Nebraska",1955,31,NA,NA,0.37332924747544,0.416357247575203,0.0145024469872507,0.0155588392321235,-0.723514392824011,-0.985148451731807,-0.122532432808289,0.0119683193489321,0.775891617086224,0.314120820367641,0.162885316686308,0.0925139322126364,NA,NA
"Nebraska",1956,31,NA,NA,0.373368934743446,0.419352337408208,0.0135484172478813,0.013690951596265,-0.657654848266592,-0.84352027481958,-0.27523049692522,-0.0023586545294648,0.667504051801183,0.299852159007457,0.107876341400024,0.0990706212179133,34.5,65.5
"Nebraska",1957,31,NA,NA,0.381227277094112,0.412078592879324,0.0131610643343282,0.0133573026938167,-0.699801387896705,-0.840914081986972,-0.205589138893918,-0.0164085368519344,0.693380705079902,0.315045689627241,0.123702030698646,0.0918760438568072,NA,NA
"Nebraska",1958,31,NA,NA,0.387147841051398,0.411961753618278,0.0134943874538376,0.0132909931839163,-0.726221836554162,-0.838153128140099,-0.218964939639148,-0.102506216592767,0.703492767139663,0.312701619007154,0.116614113257919,0.113645073877363,NA,NA
"Nebraska",1959,31,NA,NA,0.391662428447705,0.411169972871824,0.0138451341971272,0.0133136392345666,-0.777026388218068,-0.76908314696151,-0.13026941781908,-0.127217906830721,0.731683009771816,0.319334640934501,0.123582403894349,0.0916822441133633,NA,NA
"Nebraska",1960,31,NA,NA,0.393499958013325,0.411470880651266,0.0147918621897327,0.0135102291995791,-0.784597971610124,-0.782015658750202,-0.124629440463806,-0.0445966209153204,0.709619402154481,0.318025065720331,0.133813301909398,0.118999462777418,37.9,62.1
"Nebraska",1961,31,NA,NA,0.395293460362177,0.412309026799859,0.0139185231016028,0.0132214106231359,-0.783086792059438,-0.682396890644797,-0.212404265136356,0.117168259955713,0.728164040771678,0.320106426097149,0.119338470345165,0.0968927309956508,37.9,62.1
"Nebraska",1962,31,NA,NA,0.399525504951051,0.409931351966337,0.0139008446448841,0.013134340161215,-0.762744816583636,-0.73393666724935,-0.182178201870075,-0.185731592196156,0.628727283397676,0.327537459412488,0.161209536766721,0.118008042291793,37.9,62.1
"Nebraska",1963,31,NA,NA,0.404368215775554,0.406372787428078,0.0134129050659243,0.0132230650469659,-0.786138482207248,-0.508635241097415,-0.235766527114649,-0.0136649731572727,0.696595314116618,0.28282201044954,0.136758159041969,0.121134087256943,37.9,62.1
"Nebraska",1964,31,NA,NA,0.412102992603013,0.402075625346163,0.0131749269219773,0.0128465874685679,-0.819352996125734,-0.57027152594358,-0.0533331300704287,0.0643315829978262,0.656844760592975,0.310333767986456,0.120506610600906,0.0930703186168012,52.6,47.4
"Nebraska",1965,31,NA,NA,0.414750957678144,0.40052145675504,0.0118474564143971,0.011703364688196,-0.010838992007106,-0.52005180425992,-0.384492822003753,-0.0587856964825789,0.438898101555487,0.265602182358514,0.120608653949504,0.119177399360704,52.6,47.4
"Nebraska",1966,31,NA,NA,0.415720823136897,0.399007155547792,0.0126092801797532,0.0123722281481434,-0.0714159179789084,-0.70998536440399,-0.293757587922634,-0.112566174141899,0.431242418449973,0.311472736579349,0.109197343464467,0.12219099604286,52.6,47.4
"Nebraska",1967,31,NA,NA,0.420022821895381,0.39529541000828,0.0128620165331841,0.0116529833958812,0.259949708897946,-0.345640806319192,-0.312790144970051,-0.158942916560864,0.418145436616607,0.312216316914596,0.134815886981476,0.117740476225056,52.6,47.4
"Nebraska",1968,31,NA,NA,0.423440925168155,0.390099526591921,0.0132492499705856,0.0121371002343343,0.195365104714479,-0.29439872287668,-0.300948448093432,-0.139253024175289,0.448890904823287,0.329409410377623,0.121527528205536,0.130461693376611,31.8,59.8
"Nebraska",1969,31,NA,NA,0.424546609361443,0.38485718699979,0.0138960123873574,0.0125977427664264,0.0732167990229964,-0.461525907773572,-0.321349689930056,0.058104055807096,0.430392789846724,0.318420632509202,0.12922900329433,0.146373750297973,31.8,59.8
"Nebraska",1970,31,NA,NA,0.424748661303672,0.383973959923271,0.0137794819063025,0.0133521991505566,-0.109165013360241,-0.151133161126965,-0.230625194138662,0.041894771263591,0.42903930184955,0.306327941729848,0.166274580021771,0.172516228730695,31.8,59.8
"Nebraska",1971,31,NA,NA,0.427069782133173,0.380831528952086,0.0138075633315959,0.0134517359794529,-0.340136319141662,-0.148081003350958,-0.240762410262084,0.0997374540686881,0.419933707561151,0.294867703540775,0.16040083258902,0.159083754031736,31.8,59.8
"Nebraska",1972,31,NA,NA,0.426358674972762,0.377778266659489,0.0143717988352978,0.0139470114869204,-0.162268859886738,-0.173445455414666,-0.321347350628422,0.0668376977586543,0.430828517085374,0.311551149777067,0.139998082573334,0.180584448085755,29.5,70.5
"Nebraska",1973,31,NA,NA,0.422793634188409,0.375159444664613,0.0143036929650669,0.0143543497487592,-0.737566188713608,-0.0660559165976545,-0.330311313343084,0.0359910069102315,0.469757651130946,0.324842644926011,0.167517980629908,0.129643580451179,29.5,70.5
"Nebraska",1974,31,NA,NA,0.419968264732225,0.371538243367473,0.0143589891436543,0.013791375876195,-0.688832298196269,-0.0569664520860697,-0.28850861576072,-0.145676397400843,0.521478759435376,0.332577031466367,0.142815465733039,0.142858909390524,29.5,70.5
"Nebraska",1975,31,NA,NA,0.414394912359012,0.369084015417575,0.0135705071193082,0.0132503309637176,-0.592467799044642,-0.0318887654606545,-0.333198725231961,-0.270504420424876,0.445997636318883,0.326096886978865,0.158501456283766,0.155745460065423,29.5,70.5
"Nebraska",1976,31,NA,NA,0.408678995770494,0.366935782284838,0.0125178063601909,0.0122384368178847,-0.528107156220255,-0.112736159976674,-0.230643849574879,-0.465350671956242,0.452973932111695,0.310323326282003,0.136559438666064,0.145682904347429,38.5,59.2
"Nebraska",1977,31,NA,NA,0.407763239653589,0.360872907378206,0.0118604012764253,0.0120769192140655,-0.552057127465298,0.163903507072223,-0.239627690369166,-0.538781730310145,0.4396509316509,0.309355984758697,0.152944054077948,0.206857872032778,38.5,59.2
"Nebraska",1978,31,NA,NA,0.40276592938733,0.357935403169227,0.0110761928229345,0.0107534181018275,-0.292635844033394,0.0250145975738086,-0.305115105047215,-0.602547939149547,0.427077194617054,0.293637982865082,0.14949371279222,0.192219041321018,38.5,59.2
"Nebraska",1979,31,NA,NA,0.393479078894929,0.362645978230657,0.0107674368824454,0.0112511372627255,-0.356012633183498,0.0147913479616786,-0.138915639931663,-0.550841049365317,0.448577600219841,0.318582517867113,0.143646719473432,0.218189014454474,38.5,59.2
"Nebraska",1980,31,NA,NA,0.38229878754317,0.367740682004685,0.0109614972252618,0.0109081711405391,-0.32751536367768,-0.0502573160754373,-0.344537605265502,-0.706015102647547,0.403972587948044,0.314706947014084,0.142143599469367,0.189394007452255,26,65.5
"Nebraska",1981,31,NA,NA,0.371421432574056,0.373675941120533,0.0110706512804008,0.0110406981747759,-0.404626196482351,-0.130879844671068,-0.0804641109950434,-0.65878953914739,0.434968813272441,0.309384357723332,0.146128661735388,0.219712945994615,26,65.5
"Nebraska",1982,31,NA,NA,0.363090787496871,0.381066445038259,0.0111725681024805,0.0113695098051928,-0.409543357432986,-0.145257983949353,-0.212386524726921,-0.799181532849804,0.425891635248607,0.319301871659869,0.153142882628976,0.214797788372987,26,65.5
"Nebraska",1983,31,NA,NA,0.35705133610777,0.385770753821941,0.0111103445209785,0.0116919866334384,-0.503288568558733,0.0358191408047246,-0.117484917928277,-0.705435921744198,0.407239896672121,0.308760956833525,0.146052817742361,0.203952950610801,26,65.5
"Nebraska",1984,31,NA,NA,0.347756546538694,0.392434562662549,0.0112558700518167,0.0118391597721156,-0.423810062861404,-0.084482646987133,-0.202620758797488,-0.55035030545666,0.382553729822529,0.303472074823966,0.130755689142124,0.238965723476788,28.8,70.6
"Nebraska",1985,31,NA,NA,0.339563219467844,0.395777606872679,0.0105098006595855,0.0115563925217143,-0.440022628283472,-0.198331293869976,-0.0628096922757502,-0.565517556049466,0.436718502510401,0.312974750771123,0.171604416573615,0.19956076105359,28.8,70.6
"Nebraska",1986,31,NA,NA,0.332574311157976,0.394044608591466,0.0109313944058151,0.0118503020410577,-0.471077397894671,-0.135465793448965,-0.056856891753811,-0.508437012739964,0.397897696100865,0.30910806783732,0.164050989607673,0.193453299542423,28.8,70.6
"Nebraska",1987,31,NA,NA,0.328341235722474,0.392584865866211,0.0102600973196714,0.0116974020516137,-0.473873642166254,0.030776720082345,0.142822266893601,-0.524326432303524,0.411052598277851,0.315195043308945,0.149366635162015,0.149714919622977,28.8,70.6
"Nebraska",1988,31,NA,NA,0.322492256582866,0.394544676339697,0.0109655446571511,0.0120760967479157,0.0231467093664116,0.0097769077467744,0.0080655223577916,-0.37545500900683,0.317880428929955,0.320171123069542,0.165478072065125,0.14721756513356,39.2,60.2
"Nebraska",1989,31,NA,NA,0.317656721912943,0.39457229024265,0.0114711076986783,0.0120225782763913,-0.0640625989608174,-0.0411438098932707,0.120034375119066,-0.23885402651496,0.315557001903475,0.308633687445744,0.196325304400295,0.15217116590654,39.2,60.2
"Nebraska",1990,31,NA,NA,0.315124389608418,0.395545418691704,0.0112032959499474,0.012532213262867,-0.100088862893463,-0.114131321022103,0.149738611542726,-0.171444344928336,0.312588555520404,0.318280511524243,0.188314599727877,0.146143424530969,39.2,60.2
"Nebraska",1991,31,NA,NA,0.314849035671364,0.396614644859908,0.0115567631197853,0.0123645598281282,0.275605887623606,-0.190583944165798,0.234369982110711,-0.146806090233133,0.293924655893621,0.339849423321875,0.200622569968928,0.136239796243602,39.2,60.2
"Nebraska",1992,31,NA,NA,0.31355642901868,0.398709676617151,0.0112188703579464,0.0122008664090922,0.299250860362909,-0.23387180219009,0.287317026156761,-0.0810888499969741,0.270028578446437,0.341283846134586,0.189190571262718,0.113313012554533,29.4,46.6
"Nebraska",1993,31,NA,NA,0.311883332310432,0.399201027642458,0.0115155927231602,0.0127034790503498,0.262651904243399,-0.222092793490876,0.432318657158908,-0.300380654447501,0.284507172545205,0.361281046916123,0.204575452944256,0.128898420232559,29.4,46.6
"Nebraska",1994,31,NA,NA,0.307576394536041,0.400424160901782,0.0114009899277395,0.0124946187711676,0.15222186021232,-0.193969198092117,0.319958001999007,-0.407350036815185,0.311803584678712,0.38318566655968,0.17644332255586,0.154379940786741,29.4,46.6
"Nebraska",1995,31,NA,NA,0.30390720256538,0.401578700401203,0.0115281614227066,0.0124275424185039,0.135367044361051,-0.294765717400827,0.327849476996297,-0.527015755741136,0.311145461485439,0.359546573936132,0.208823934050546,0.143060757658246,29.4,46.6
"Nebraska",1996,31,NA,NA,0.299508673843312,0.404062330150704,0.0112801400460385,0.0125744613430452,0.116644351034774,-0.38810183398849,0.373332430886726,-0.417521427937962,0.315073830629153,0.38259279600329,0.166376203693908,0.182485002986863,35,53.7
"Nebraska",1997,31,NA,NA,0.298707404057248,0.406434555759542,0.0112180433786277,0.0124165792946913,0.128862818324758,-0.463817381743211,0.306492411440154,-0.438996332257562,0.302463763718399,0.396666123171524,0.206007311368992,0.170757950616313,35,53.7
"Nebraska",1998,31,NA,NA,0.29729311874256,0.410736294608537,0.0107614748820984,0.0115867326710331,0.094026864874965,-0.393651811322779,0.293811062390794,-0.465217002830445,0.305220911851455,0.34994478117248,0.178705926261735,0.166582369939171,35,53.7
"Nebraska",1999,31,NA,NA,0.295298350452455,0.415763099943644,0.0102391112636317,0.0106010743110245,0.0871044239218544,-0.471295414293562,0.215168960244855,-0.26810367688125,0.309737587533204,0.38902608105422,0.198344199849569,0.157717864631385,35,53.7
"Nebraska",2000,31,NA,NA,0.294767499092019,0.422777349135427,0.0097028015843706,0.0102776311732572,0.103477478717971,-0.553435784815489,0.206628221044307,-0.516568021458979,0.318601596398857,0.372039070787864,0.178768767607055,0.132605584924193,33.3,62.2
"Nebraska",2001,31,NA,NA,0.294659017360435,0.422500080502631,0.0098949031382936,0.0102641564985952,0.0306167632297545,-0.534708437962389,0.202461737504521,-0.318392421125369,0.318767578736334,0.366040589952177,0.206094325671861,0.166089020471243,33.3,62.2
"Nebraska",2002,31,NA,NA,0.294165587115865,0.422142909221139,0.0101871877410673,0.010395495243507,0.125759478759166,-0.520868672470489,0.23282759540397,-0.468796706047731,0.311370025208182,0.364199011355193,0.197743533027292,0.152180340805884,33.3,62.2
"Nebraska",2003,31,NA,NA,0.293293163815896,0.421494243676422,0.0099222033518093,0.0105297059080786,0.158739901911263,-0.302753275095063,0.159841668029617,-0.162558308275149,0.315364408563242,0.361416784432258,0.189550802705786,0.168129840934606,33.3,62.2
"Nebraska",2004,31,NA,NA,0.29312777663119,0.420424543582112,0.0100058425553512,0.0103557963414734,0.109362630410622,-0.381757462294093,0.213546477352404,-0.306321734977662,0.321784687823708,0.341945644909937,0.150699575559985,0.139136430648087,32.7,65.9
"Nebraska",2005,31,NA,NA,0.293472870341972,0.417179168858576,0.0097466464497682,0.0100922674186184,0.0710466293050157,-0.40851415710348,0.207456625545648,-0.285882085709548,0.312035048474225,0.373181607464747,0.149807871366866,0.141611658688647,32.7,65.9
"Nebraska",2006,31,NA,NA,0.292797188143669,0.413238848033824,0.0095357397244499,0.0098862289142418,0.0321320780980637,-0.448821826095607,0.348427826058931,-0.262558485719446,0.294125599771784,0.345086996513084,0.155596739273032,0.114831645340282,32.7,65.9
"Nebraska",2007,31,NA,NA,0.29264460740593,0.408740649806795,0.0100007732129006,0.0104115788404545,-0.0164681892241284,-0.451164126061297,0.400097666560725,-0.263286871967331,0.308723537092047,0.342759660445917,0.177197021921437,0.119428706567584,32.7,65.9
"Nebraska",2008,31,NA,NA,0.295484656332732,0.408254620813599,0.0096211315399128,0.0107287379465367,-0.0525984844114753,-0.575557855977794,0.447917772981915,-0.288893526778153,0.279241491491409,0.354750719932704,0.18291864169027,0.109720813754784,41.6,56.5
"Nebraska",2009,31,NA,NA,0.292819132905205,0.404288428929607,0.0094594693957015,0.0097947016309277,0.0593978206870358,-0.410329313301949,0.247158241544472,-0.380738852986721,0.297919047679171,0.335872445717868,0.208640200562554,0.100527152289953,41.6,56.5
"Nebraska",2010,31,NA,NA,0.292790382421581,0.400911608234386,0.0094052316727194,0.0101067794477874,0.037060640479939,-0.422913039836673,0.559709510804802,-0.478346073371128,0.283080997305181,0.357146729152645,0.195049474290122,0.116293493008318,41.6,56.5
"Nebraska",2011,31,NA,NA,0.293427574194547,0.396520996596457,0.009250564642428,0.0100032250256828,0.0072430368759033,-0.449265397078057,0.500546199021836,-0.477779865377524,0.298697282252347,0.364081394694826,0.217700481862699,0.126552199422864,41.6,56.5
"Nebraska",2012,31,NA,NA,0.291780907972617,0.395260749540223,0.0092969512545268,0.0100519919914179,-0.0112755694294272,-0.45928737615759,0.632122595974342,-0.508980926129348,0.301112574147303,0.350019627474872,0.225131251572666,0.122895672502523,38,59.8
"Nebraska",2013,31,NA,NA,0.293048569346708,0.390889436453999,0.0105438070215197,0.0110598126776223,0.0266087119815097,-0.277244951436628,0.711336198089847,-0.531069971815572,0.302001806427821,0.397054507634467,0.285162574119981,0.142095507772103,38,59.8
"Nebraska",2014,31,NA,NA,0.293704332106595,0.388810700847429,0.0111019646705312,0.012405186188968,-0.0207345904846428,-0.289461947629259,0.835873297028955,-0.526858642308732,0.302978903122319,0.419734469536371,0.329978255802507,0.139329326262526,38,59.8
"Nevada",1946,32,0.4117647,0.55,0.493597024529177,0.204002350984147,0.0401458541321919,0.0301886289768901,-0.494421801197576,-0.664340510817826,0.324196392208312,0.0214292844425091,0.736683999314307,0.306370971168158,0.167565273466482,0.0949481288206595,NA,NA
"Nevada",1947,32,0.4117647,0.55,0.49420655176722,0.204100922087812,0.0395228805837471,0.0290228165401493,-0.472321904885331,-0.615002380697065,0.423947086204746,0.113801113895134,0.738633798481353,0.29633125057743,0.183755402630673,0.0855800398402646,NA,NA
"Nevada",1948,32,0.3529412,0.5813953,0.494480616532012,0.204417624186332,0.0387647215367045,0.0286217685376694,-0.525243890905366,-0.699483651243494,0.271688778929352,0.190270411176817,0.734517748950894,0.302709966531691,0.154581519006959,0.100817168403117,NA,NA
"Nevada",1949,32,0.3529412,0.5813953,0.496722498591751,0.203754266052292,0.0378673740260662,0.0284372273880483,-0.542035658634275,-0.567829411413457,0.186836168618529,0.149272104373807,0.709484405040721,0.305006385427971,0.195465697215872,0.101549131116242,NA,NA
"Nevada",1950,32,0.3529412,0.5348837,0.498332632546096,0.203260046061543,0.0366210881012792,0.0285793304574786,-0.54593104948487,-0.531485935231937,0.240195396455512,0.0926353969570838,0.692099653709209,0.298075171771437,0.208369252613241,0.132076934759319,NA,NA
"Nevada",1951,32,0.3529412,0.5348837,0.500849893479965,0.20189138281937,0.0358070870180504,0.0284603429349219,-0.622743399939164,-0.910691789292865,-0.0550720166550538,0.16052731976631,0.74186076357694,0.300264744074163,0.233062276033271,0.13600252186289,NA,NA
"Nevada",1952,32,0.2941177,0.6170213,0.503968378574329,0.200579059897506,0.0352213513671026,0.0281224421857292,-0.561525635446605,-1.08593064137823,-0.179146671811418,0.14416870632432,0.71681227463626,0.299208715101982,0.212427581662263,0.138868189621116,NA,NA
"Nevada",1953,32,0.2941177,0.6170213,0.503629775063702,0.205590331094455,0.0342508466734002,0.0271545740895777,-0.675494470861673,-1.00542010970695,-0.255059493875979,0.0640458678066728,0.694055745366807,0.294889650262957,0.213996505317207,0.134526596252766,NA,NA
"Nevada",1954,32,0.2352941,0.6382979,0.506470688347751,0.205019819081723,0.0329464907273684,0.0262612684351716,-0.614945692395442,-1.11038751066826,-0.284944852619492,0.0280055785258713,0.717193584827658,0.304799867575098,0.221432955726565,0.128734775355152,NA,NA
"Nevada",1955,32,0.2352941,0.6382979,0.508915312447573,0.204476152330791,0.0311599470984907,0.0251516322845879,-0.661240544057942,-0.960104232059286,-0.148920501366144,0.105785083443348,0.727512767712852,0.311261168473587,0.220273553472485,0.127427764553282,NA,NA
"Nevada",1956,32,0.2941177,0.6595744,0.511465329666974,0.204131401322555,0.0304493007645337,0.0242100534813238,-0.710132698499676,-0.980358509252841,-0.37235349670846,0.055160907328894,0.69671300678536,0.304952365988161,0.2311679967866,0.133185355681784,42,58
"Nevada",1957,32,0.2941177,0.6595744,0.51337776653632,0.204305985763181,0.0296218123312617,0.0235395954928058,-0.719713380568769,-0.937894295289857,-0.268262535916675,0.184084669703051,0.692980216772475,0.318696701754821,0.221470384368969,0.138334445111026,NA,NA
"Nevada",1958,32,0.4117647,0.7021276,0.515467510514198,0.20438475752217,0.0281395559934288,0.0227980990262771,-0.83243923214691,-1.092686523638,-0.307880191010826,-0.0151726497146824,0.698204922958273,0.296094940188137,0.228471555290463,0.141407015890488,NA,NA
"Nevada",1959,32,0.4117647,0.7021276,0.51717791089588,0.204249524584381,0.0268703591786641,0.0220018687477099,-0.749889307666744,-1.08747928691184,-0.32564759205712,0.0128810357751194,0.730555723991469,0.329016274798399,0.243239830817667,0.156210474552791,NA,NA
"Nevada",1960,32,0.4117647,0.680851,0.518690824310491,0.204180690457577,0.0254836515647938,0.0210684714091835,-0.801410548389471,-1.09210632835981,-0.35220508446218,0.137527295734749,0.720357254939394,0.292426915044171,0.239595011918217,0.172403279234121,51.2,48.8
"Nevada",1961,32,0.4117647,0.680851,0.518672203790809,0.204950502902996,0.0241412475563303,0.0205601678441935,-0.748893024208337,-1.06964075919259,-0.433429921367999,0.252395922016313,0.672494528349314,0.32316872195183,0.24227290838273,0.162515003181503,51.2,48.8
"Nevada",1962,32,0.4705882,0.6756757,0.517080111675039,0.206963831019404,0.0228182500963559,0.0194747213390432,-0.746150766037025,-1.06211445068877,-0.473316801779456,0.0903377137091736,0.652733388655184,0.322509251986173,0.240574512944069,0.149303396335982,51.2,48.8
"Nevada",1963,32,0.4705882,0.6756757,0.515770659383056,0.209844661037777,0.0218220545971412,0.018856345567355,-0.852559317885384,-0.979944269333914,-0.292410555315474,0.288739239800076,0.706504540222335,0.301785417643676,0.188977752989477,0.1474106262682,51.2,48.8
"Nevada",1964,32,0.5,0.6756757,0.512768981496662,0.21280206041287,0.0210472546639473,0.0179771532547103,-0.83660541357043,-0.862716532537412,-0.392569349245769,0.126810690235228,0.689109859052607,0.323117485016817,0.204438594886014,0.127779313650017,58.6,41.4
"Nevada",1965,32,0.5,0.6756757,0.507224862649356,0.217396963967669,0.0200911278851152,0.017412497971091,-0.912735102397611,-1.07054294386562,-0.430748610421181,0.0676227874709414,0.621344840839011,0.337724029435701,0.172860465484561,0.155845492715261,58.6,41.4
"Nevada",1966,32,0.55,0.525,0.501613328970189,0.220564833016059,0.0196480822221815,0.0173224404770397,-0.966708962497111,-1.14449051527656,-0.423164384202052,0.0517513969887228,0.665816040548691,0.32873899021382,0.172091733563456,0.139932257153415,58.6,41.4
"Nevada",1967,32,0.55,0.525,0.49416870241036,0.222615621784089,0.0197112835818874,0.0173921145514476,-0.316737062059847,-1.14454509733459,-0.440459252375512,-0.0265778386532479,0.525105376912626,0.369042140140072,0.154559312711074,0.149155186367348,58.6,41.4
"Nevada",1968,32,0.55,0.45,0.487462752623594,0.225560944001644,0.0200153820051403,0.0174792093086395,-0.377570285999005,-1.3828022243014,-0.272719370616733,0.077423215669756,0.502453935579653,0.351634645079079,0.133907642104269,0.146711218726502,39.3,47.5
"Nevada",1969,32,0.55,0.45,0.481359456418753,0.228928356108865,0.0203957589600304,0.0174965100516543,-0.445605730703061,-1.45100890809753,-0.208676969050687,0.222707448703652,0.545928441074573,0.384406458660545,0.170607159019736,0.154059045844969,39.3,47.5
"Nevada",1970,32,0.65,0.45,0.475704719367256,0.231900307756239,0.0206854345245902,0.0178529403780261,-0.528438531439262,-1.13002323272618,-0.100792016916304,0.202229458358753,0.514223334044582,0.347740362178517,0.185103677152567,0.188483752298578,39.3,47.5
"Nevada",1971,32,0.65,0.45,0.468405835873956,0.237463849544502,0.0208518668398767,0.0178210740695171,-0.113694169767607,-0.970032846554334,-0.0172950699866481,0.18061444626484,0.439064999027442,0.328112671290816,0.213179502331081,0.175381224642209,39.3,47.5
"Nevada",1972,32,0.7,0.625,0.46158451265024,0.241900486278364,0.0211235713675909,0.01718627223527,-0.412896255901243,-0.95921257581833,-0.0456899864074118,0.145915156557235,0.417276204009377,0.344640169365463,0.207426385160617,0.203459049136312,36.3,63.7
"Nevada",1973,32,0.7,0.625,0.454774064442541,0.246661499504403,0.0206731947516374,0.0171637470144737,-0.552111500165659,-0.284812697324151,-0.10058795297595,0.26667449235419,0.466048062583974,0.307043694176257,0.240079232700034,0.164471934131649,36.3,63.7
"Nevada",1974,32,0.85,0.775,0.44819200281053,0.250842117028002,0.0202459302677747,0.0169022251897516,-0.571182559672385,-0.451415808650289,-0.0635919822726082,-0.0199550144108955,0.467922099522568,0.328252225258173,0.21494636335704,0.185407630186707,36.3,63.7
"Nevada",1975,32,0.85,0.775,0.441141715892205,0.255272511602034,0.0199420115818249,0.0166474007054546,-0.647709381925158,-0.502646730775885,-0.0832007837479622,-0.0395404842098492,0.469543448851816,0.341918476847048,0.23031739804416,0.215304762330764,36.3,63.7
"Nevada",1976,32,0.85,0.875,0.434534621381854,0.259013376798732,0.0195755936364628,0.0165944583197046,-0.605545010524847,-0.528555418334059,-0.0127107959795924,-0.259986907976811,0.440045144881402,0.324762601975166,0.207794143446944,0.197520132944617,45.8,50.2
"Nevada",1977,32,0.85,0.875,0.428350190080664,0.263013633519819,0.0189794101424054,0.0164881349749689,-0.583626655929499,-0.707424370004225,-0.060671383675821,-0.222721797608027,0.473469684185785,0.320932010894255,0.22250998107932,0.242987660803335,45.8,50.2
"Nevada",1978,32,0.75,0.65,0.421998529288141,0.267037844258287,0.018547545719136,0.0166452754962045,-0.650071124998533,-0.782592553412939,-0.076721350670349,-0.229934483497296,0.439793215421315,0.312448453396597,0.232282346631761,0.207384572875634,45.8,50.2
"Nevada",1979,32,0.75,0.65,0.415897490484182,0.271116485460387,0.0184043634239114,0.0168118313703628,-0.704060422191675,-0.705927094117964,0.0631654345264064,-0.196357732536466,0.480612449159243,0.31790934915322,0.212867331513222,0.239232886978369,45.8,50.2
"Nevada",1980,32,0.75,0.65,0.410981833891011,0.274811277470212,0.0179665022158868,0.0158655029326215,-0.706205632884016,-0.755278639789326,-0.0945574923160221,-0.28676208383476,0.451323321803748,0.328332548150857,0.206636302417104,0.210797325717729,26.9,62.5
"Nevada",1981,32,0.75,0.65,0.404035438213989,0.279800898805443,0.0178983862912864,0.0156292954521878,-0.734256601348221,-0.88705703534135,0.0538484611340609,-0.240085788213492,0.443297000695055,0.338615289177467,0.207924696728775,0.253614153892692,26.9,62.5
"Nevada",1982,32,0.8095238,0.547619,0.398637085801806,0.28454070558124,0.0170915161335183,0.0154369183903234,-0.773326696598764,-0.858759354380286,-0.0126424281577457,-0.340366854606246,0.43701562584652,0.346850152214468,0.195047471163293,0.233868284705825,26.9,62.5
"Nevada",1983,32,0.8095238,0.547619,0.390214653601893,0.289633916138789,0.0162531580311459,0.0153790875248799,-0.730617021499794,-0.754811243323685,0.0490970137778225,-0.32620661992364,0.43413761908279,0.332913381500095,0.17295367583614,0.231507641758513,26.9,62.5
"Nevada",1984,32,0.6190476,0.4047619,0.381536492600154,0.293901490368565,0.0153372811670029,0.0145534097541631,-0.753404091107182,-0.725943398794719,0.103606164353461,-0.184420722702165,0.420446403445075,0.33485741194376,0.166435427451105,0.200246739395893,32,65.8
"Nevada",1985,32,0.6190476,0.4047619,0.373336699390168,0.297123394643399,0.015052416296887,0.0143819435598198,-0.773104739410311,-0.747807289096328,0.167582448935816,-0.244028586005579,0.457295654819608,0.338428842735389,0.190756691400804,0.205662826049714,32,65.8
"Nevada",1986,32,0.4285714,0.6904762,0.366370678773939,0.300664700463055,0.0147183540154999,0.0138628130979159,-0.807716696708121,-0.792493228795736,0.27427123765252,-0.186693052175777,0.422133588347803,0.345688007881741,0.193721606412444,0.193912144475803,32,65.8
"Nevada",1987,32,0.4285714,0.6904762,0.359595549004721,0.305491421306319,0.0139407572796896,0.0134407197369449,-0.826698121978026,-0.778229379004491,0.369863225438421,-0.206065127046122,0.426303868591976,0.347241405970543,0.18339785663954,0.173703459666585,32,65.8
"Nevada",1988,32,0.3809524,0.7142857,0.352742450838602,0.312145875177543,0.0140487472737332,0.0137426139222936,-0.850534435262554,-0.84658276242743,0.389134381583075,-0.0309864595124908,0.467612365893691,0.346149259354045,0.185557826608106,0.143435099405036,37.9,58.9
"Nevada",1989,32,0.3809524,0.7142857,0.348933825820802,0.318106952948134,0.0138829808918249,0.0134594468778688,-0.846316299196305,-0.715445899605321,0.453216288366597,0.0264021632553926,0.432342111173181,0.328039635573647,0.207945521227147,0.147289530158436,37.9,58.9
"Nevada",1990,32,0.5238096,0.5238096,0.344722499462892,0.324442090815547,0.0138558982484437,0.0132360814531555,-0.85670062989175,-0.740050589413359,0.553595802769128,0.0046851068195751,0.391779848165151,0.304526795304156,0.207383951357923,0.132950869522085,37.9,58.9
"Nevada",1991,32,0.5238096,0.5238096,0.342293675738253,0.325260372925843,0.0132744263857175,0.0129824567410587,-0.857728823935896,-0.716788860897842,0.59301620209513,0.0251192651792018,0.432789585277731,0.345169630763781,0.237432769653503,0.134811015550824,37.9,58.9
"Nevada",1992,32,0.4761905,0.6904762,0.340090716224898,0.327640873286929,0.0129356369981821,0.0133718915884572,-0.813753184995443,-0.7448400175337,0.664153838102695,-0.0865582787553777,0.378088464328502,0.347257043705194,0.219802332704072,0.130337081290245,37.4,34.7
"Nevada",1993,32,0.4761905,0.6904762,0.339402038320645,0.326407385071386,0.0127352233019692,0.0132284024231132,-0.203930547173171,-0.791524745581792,0.784238136155599,-0.202411138568559,0.313790682483937,0.364909283913947,0.235911127089931,0.134593632680717,37.4,34.7
"Nevada",1994,32,0.3809524,0.5,0.338551254826268,0.326567963221086,0.0123962526739191,0.0131443567688051,-0.139098585421945,-0.795142249903967,0.663474290342035,-0.323005660175713,0.327000546659905,0.38312465203786,0.216382735494422,0.168933297149487,37.4,34.7
"Nevada",1995,32,0.3809524,0.5,0.337946578549612,0.328194878587527,0.012278489518488,0.0130644756623414,-0.25454156275699,-0.862732494554027,0.725841917774145,-0.383941645520139,0.339087493111176,0.377879036750185,0.234201681321769,0.147492593076338,37.4,34.7
"Nevada",1996,32,0.4285714,0.5952381,0.339210542598228,0.329446589072065,0.0122192481747784,0.0128733052790704,-0.228968344788257,-0.902041935681454,0.704663849892155,-0.235702266568064,0.325309637210239,0.381964011149785,0.18859398231364,0.180291072279207,43.9,42.9
"Nevada",1997,32,0.4285714,0.5952381,0.341672206410352,0.329050728893153,0.0119308579635948,0.0122779850764063,-0.214088335013013,-1.12787878491635,0.679744615911922,-0.28000761207895,0.324953360429356,0.439916818688626,0.222342300242484,0.16612068809847,43.9,42.9
"Nevada",1998,32,0.4285714,0.6666667,0.342323617973267,0.330809936163327,0.0116193335512746,0.0116319142998001,-0.223226127174071,-0.952076798478562,0.668731466203959,-0.29696719488135,0.297887896849511,0.374285393348597,0.199042803382655,0.164915345405063,43.9,42.9
"Nevada",1999,32,0.4285714,0.6666667,0.340404115942818,0.334253631421084,0.011026980908999,0.0112770406830402,0.059355866588568,-0.809613590497138,0.621299110874242,-0.0927080180980963,0.307745730709309,0.36394246548534,0.210781224554273,0.164037840568397,43.9,42.9
"Nevada",2000,32,0.4285714,0.6428571,0.338709357473444,0.336552484277426,0.0106487117570439,0.0106328295389623,0.0546153950002886,-0.897128669602754,0.590928830078557,-0.322038703515347,0.289315497075638,0.393137546616791,0.186205297575001,0.137005197518849,46,49.5
"Nevada",2001,32,0.4285714,0.6428571,0.340639650717786,0.336045859609336,0.0106088034268255,0.0104343484258864,0.175335500561129,-0.853665141791982,0.705461987492673,-0.170386366075501,0.30114123612611,0.389428640172227,0.224964979541556,0.176190038478894,46,49.5
"Nevada",2002,32,0.3809524,0.547619,0.340872092741447,0.33584438733678,0.0107206164105251,0.0107869730492354,0.191128828547972,-1.08972969439894,0.751910778785008,-0.309798929326834,0.317406392850773,0.401585072267943,0.218015296844549,0.154303492256811,46,49.5
"Nevada",2003,32,0.3809524,0.547619,0.34351721081657,0.33212471198459,0.0099907430959341,0.010481683162082,0.138029015425232,-1.17630416482607,0.678333562520598,-0.057493617835361,0.295815570176809,0.397725014547701,0.188869174626245,0.165939227930194,46,49.5
"Nevada",2004,32,0.4285714,0.6190476,0.347685631647837,0.327182580998546,0.0091529079535472,0.0101831193909425,0.0898123195425679,-1.25244985509835,0.70463182927503,-0.170479957643252,0.31807383285501,0.411892519853644,0.152780707703464,0.121676578591462,47.9,50.5
"Nevada",2005,32,0.4285714,0.6190476,0.345488094339283,0.327673127750284,0.008870918066749,0.0103605676030306,0.0566498059134973,-1.29386715306907,0.732219751537442,-0.201808279476093,0.296469395223146,0.393223321580842,0.162823374494504,0.144374026325904,47.9,50.5
"Nevada",2006,32,0.4761905,0.6428571,0.348079963208016,0.326744338214429,0.0086620295240673,0.0095465971076355,0.0341996612049301,-1.07691714592109,0.863999854839993,-0.135714571642474,0.295482750556364,0.419763358683219,0.167676856296829,0.124812383147548,47.9,50.5
"Nevada",2007,32,0.4761905,0.6428571,0.349172871479286,0.327244520230694,0.0091527449760921,0.0092403068991557,0.119084562208788,-1.2138735817093,1.03827391480905,-0.169541357378632,0.321485259447216,0.364808347959076,0.18498685900744,0.120877193665929,47.9,50.5
"Nevada",2008,32,0.5714286,0.6666667,0.350859520502799,0.327012407457115,0.0089351270553478,0.0088805864340262,0.0878187204918835,-1.12974123952312,1.15584474522777,-0.163838018601403,0.315847273341819,0.396869490046445,0.19635991574673,0.107070716543894,55.1,42.7
"Nevada",2009,32,0.5714286,0.6666667,0.352300528534035,0.317983665712461,0.0085292180236008,0.0087637720345537,0.279459627970334,-1.11397687802765,0.978971979338334,-0.283595707465346,0.285125671826936,0.38879369747967,0.202851301735814,0.0966161332167116,55.1,42.7
"Nevada",2010,32,0.5238096,0.6190476,0.354620435430559,0.312504498222114,0.0083311880213939,0.008036417753391,0.237149642385159,-0.899829847856715,1.23576535004198,-0.433194509755578,0.293072152417899,0.361844375533824,0.22273671585966,0.115354950162945,55.1,42.7
"Nevada",2011,32,0.52380952,0.61904762,0.360517226980214,0.302268833856404,0.0086316630409903,0.0082896750596924,0.357024264348977,-0.923617465325194,1.25416321412379,-0.365857213069864,0.280751274154793,0.412065069605829,0.221459606802777,0.109744591877906,55.1,42.7
"Nevada",2012,32,0.52380952,0.61904762,0.361533956958051,0.295063464595095,0.0086910863896009,0.0084455027719961,0.317600375652779,-0.98372023148902,1.55306551128297,-0.392041558467093,0.298669102010888,0.389986132992213,0.246662846615975,0.119370422789522,52.4,45.7
"Nevada",2013,32,0.52380952,0.64285714,0.362555276566576,0.287644993793823,0.0098234122043105,0.00951887867894,0.219414961616269,-1.01168164644446,1.71224362616037,-0.516112330547475,0.308208320446823,0.477571215796382,0.297077718871579,0.132849897714522,52.4,45.7
"Nevada",2014,32,0.52380952,0.64285714,0.367306887772317,0.283760042418441,0.0106551823308746,0.0103162609764256,0.232105035914488,-1.14506368288799,2.06369509304437,-0.528173172260345,0.314140386996244,0.499090587735462,0.361074333507378,0.140623151164815,52.4,45.7
"New Hampshire",1946,33,0.2083333,0.3157895,0.354644477098404,0.354576321503448,0.0327200287532619,0.0321742063189544,0.295577362680366,-0.346987247367234,0.233942289672449,-0.0337356042523062,0.567464084197643,0.3001374174367,0.154435562854494,0.0853665591346462,NA,NA
"New Hampshire",1947,33,0.2083333,0.3157895,0.353168881119747,0.356083273442297,0.0318613080807867,0.0305070363609996,1.04892061729086,-0.371364608568199,0.222646012436476,0.0526693335790739,0.451248506727559,0.270099538080295,0.165816829498464,0.0936984032727899,NA,NA
"New Hampshire",1948,33,0.25,0.3634085,0.35184450571975,0.357343109384449,0.0298751413080579,0.0289447007048459,1.0452343241811,-0.38794698294983,0.153506476951988,0.0837871222274964,0.4609958154061,0.283837679041672,0.138381930869426,0.0820730652357815,NA,NA
"New Hampshire",1949,33,0.25,0.3634085,0.350340870938321,0.357710058933735,0.0282460157947432,0.0273696022828262,0.954551481576458,-0.0978491096829275,0.0378904164408108,0.0169555167626789,0.468120669968823,0.273169151303032,0.176426759301522,0.086104677972702,NA,NA
"New Hampshire",1950,33,0.25,0.3358586,0.347755999412702,0.357485838285484,0.0272317982834858,0.0265852258163496,0.956109433387035,0.0288349274174939,0.132696206713707,0.0267843522336897,0.468120482099654,0.298359381138829,0.20433720837012,0.106206113318575,NA,NA
"New Hampshire",1951,33,0.25,0.3358586,0.347975607069738,0.355296229449671,0.0265423675055328,0.0259000018075457,0.9632971709465,-0.117764608807181,-0.108702271043422,0.116247874843216,0.48224815014919,0.280854489430937,0.231288995390879,0.121847608826574,NA,NA
"New Hampshire",1952,33,0.25,0.3065327,0.347162688490829,0.354607511526553,0.0252433959904651,0.0246395484661731,0.964156004417174,-0.201363875325049,-0.135847921738745,0.176815090247783,0.464890743429968,0.298541270796938,0.192314803905915,0.129998383563055,NA,NA
"New Hampshire",1953,33,0.25,0.3065327,0.346854982028567,0.354322479542727,0.0244300580684581,0.0226926566829874,0.907756501981126,0.0173968052189203,-0.109087307823225,0.0730890049632901,0.480633881658714,0.314718575424648,0.160547938753685,0.13955273276325,NA,NA
"New Hampshire",1954,33,0.25,0.3383459,0.346079644721205,0.351723753027302,0.0234687181908411,0.0215894103135139,0.915316913936614,-0.0944038405098242,-0.24728439329793,0.0734135633272442,0.474539994924923,0.301835138107624,0.160964302992012,0.113480993102259,NA,NA
"New Hampshire",1955,33,0.25,0.3383459,0.348154421549982,0.3452970453513,0.0227439749536967,0.0209321437249218,0.838360171019093,-0.0855146114135979,-0.0502466273060266,0.218978128997426,0.495089650286103,0.315984769833947,0.153043970758563,0.0979290275937191,NA,NA
"New Hampshire",1956,33,0.25,0.2994924,0.346708516184277,0.340508921903192,0.0221261378228926,0.0201103179989377,0.863868271929743,-0.0710735559226044,-0.243725039017441,0.0761774704391784,0.462072386077394,0.300943504706711,0.153728706133126,0.135458817445212,33.8,66.1
"New Hampshire",1957,33,0.25,0.2994924,0.346960458915443,0.339237561071983,0.0222400219100249,0.0201465813639553,0.807258386768464,-0.145955724973744,-0.112227153484715,0.140610640484892,0.463188312043861,0.305653036993698,0.157580002680626,0.131249423112004,NA,NA
"New Hampshire",1958,33,0.25,0.34,0.350477353619043,0.337290658761026,0.0229330895552088,0.020614402563255,0.7184544451703,-0.132980447123199,-0.115985354609896,-0.048013402385444,0.486317585545134,0.299004061827097,0.167949611337268,0.133190544829439,NA,NA
"New Hampshire",1959,33,0.25,0.34,0.35312586117378,0.334339518694403,0.0229632245446142,0.0206599844666099,0.733451350138294,-0.164843997042462,-0.123489310147636,-0.121461672216849,0.455436533551943,0.311699732295676,0.138273102013467,0.119704326039363,NA,NA
"New Hampshire",1960,33,0.25,0.3483709,0.354271142529056,0.332394112755557,0.0235045771617346,0.0207629597816889,0.692546645635114,-0.214420168943278,-0.163327780337275,0.212423796213357,0.445862923756327,0.284825366997289,0.148459372082179,0.128393830136381,46.6,53.4
"New Hampshire",1961,33,0.25,0.3483709,0.350441550742978,0.333905668951823,0.023837954107402,0.0211765062040865,0.51318136980573,-0.114473311643278,-0.195887498864119,0.196898081814959,0.497997353286754,0.298576362818094,0.169995116439335,0.130944700089883,46.6,53.4
"New Hampshire",1962,33,0.2083333,0.365,0.34579770441231,0.335964847059521,0.0239006657243462,0.0214781030268984,0.477965140982508,-0.0186475008080383,-0.344937493252054,0.0978505756579066,0.472556747138458,0.282399785490168,0.175289257370871,0.156309771576715,46.6,53.4
"New Hampshire",1963,33,0.2083333,0.365,0.341786165043312,0.337360522802949,0.023054338296925,0.0208809412743474,0.402229791733898,-0.0546445886329525,-0.136028266370186,0.191654252856209,0.481862371980127,0.290953885021775,0.180856946891034,0.142623217820419,46.6,53.4
"New Hampshire",1964,33,0.3333333,0.459799,0.337556471799303,0.339398102561254,0.0229734996175018,0.0216268329521396,0.715977281813938,-0.0671649714722509,-0.364935665715067,0.227841241459422,0.461554969658636,0.309780977104771,0.142239523388888,0.121783695580734,63.9,36.1
"New Hampshire",1965,33,0.3333333,0.459799,0.329798073354459,0.342084488550411,0.0223486117814485,0.0216368562397912,0.482681888697256,0.0352893033754065,-0.24344434866115,0.187166863938866,0.396318704728624,0.307573710820776,0.182078107388803,0.165718349027329,63.9,36.1
"New Hampshire",1966,33,0.4166667,0.3875,0.321451310121582,0.343975906923618,0.0219556744672372,0.0217268590007635,0.401601117690351,-0.305773765803314,-0.367937154574391,0.075983150699197,0.411248869341711,0.335704716105035,0.163866493728898,0.1483208869217,63.9,36.1
"New Hampshire",1967,33,0.4166667,0.3875,0.314092600456385,0.34531210422564,0.0214848253116587,0.0209024947003512,0.340537848816626,0.0866792352605294,-0.280371557515184,0.0625500649321106,0.410778688737628,0.336741609432044,0.168039301482309,0.165393807665125,63.9,36.1
"New Hampshire",1968,33,0.375,0.3625,0.305586571537933,0.347794736815826,0.0213484829313284,0.0202935726098208,0.304472271948812,0.0104462112550217,-0.361512811943284,0.153765490787702,0.436522430909907,0.324118272967521,0.124201857300243,0.160386162586642,43.9,52.1
"New Hampshire",1969,33,0.375,0.3625,0.297352421963293,0.349428976782631,0.020610023306322,0.020084378432356,0.192566309826774,-0.18542905848334,-0.215059418938293,0.231929927493624,0.415458835961945,0.331020673476043,0.161371570066074,0.176881765524912,43.9,52.1
"New Hampshire",1970,33,0.375,0.3675,0.290672124449351,0.350766502140149,0.0193061070961128,0.0190232575044479,0.113772745870444,0.549828152641795,-0.0751189157139011,0.188064611973358,0.38970560608132,0.32724973463929,0.173101026147827,0.206039390294926,43.9,52.1
"New Hampshire",1971,33,0.375,0.3675,0.284310369359659,0.350568121213533,0.0180684974391373,0.0178760046650582,0.437893608725703,0.606677755540853,-0.008625641045697,0.158667241858773,0.381066007930901,0.349330971735589,0.179151794403451,0.152662341288894,43.9,52.1
"New Hampshire",1972,33,0.4166667,0.3458647,0.279870001777676,0.350292104923576,0.0175923846915512,0.0173684987322761,0.474494988064555,0.508694568244686,0.0435409931826954,0.04521084360426,0.379484648010725,0.294650764349262,0.16754670834331,0.178767589432336,34.9,64
"New Hampshire",1973,33,0.4166667,0.3458647,0.277081620945835,0.350600507603267,0.0168436154149033,0.0170141300631895,0.398069398525642,0.145418990083842,-0.0222009707616159,0.132994500428421,0.392111137448766,0.32932118051623,0.196032168222563,0.163081807766685,34.9,64
"New Hampshire",1974,33,0.5,0.4175,0.273780826182202,0.349690349265019,0.0160140921211694,0.0162676274730272,0.415120477575192,0.0174220655677612,-0.0110215081857342,-0.216887847904137,0.379202428764543,0.335898242101459,0.16426997656022,0.174672938221954,34.9,64
"New Hampshire",1975,33,0.5,0.4175,0.270306547115851,0.349671459807471,0.015397400303511,0.0157443873692022,0.596225978727182,0.0430374170249405,0.0041942075500458,-0.206021922894759,0.370160536423817,0.341695434604315,0.174510038861642,0.229753185314216,34.9,64
"New Hampshire",1976,33,0.5,0.4486215,0.265623705938782,0.348618310776536,0.0143317218716228,0.0155076339813118,0.552684776891522,0.186881432108548,0.0623087909456808,-0.44961477348796,0.363552721942007,0.341844846029612,0.165524942632253,0.208226102176807,43.5,54.7
"New Hampshire",1977,33,0.5,0.4486215,0.262217071924999,0.347597672906664,0.013752667530177,0.0148402290023647,0.546198712057986,0.0271569594034528,0.036890528835394,-0.386048875655633,0.362990798220935,0.311470578882587,0.174902685128437,0.25238095330265,43.5,54.7
"New Hampshire",1978,33,0.5,0.4371859,0.257508832323456,0.346475055250709,0.013562178454522,0.0148477678652685,0.494614633901133,-0.0264011403776793,0.0170136462623879,-0.352577397463842,0.357562915336152,0.314070606264207,0.171592133544189,0.21874266230867,43.5,54.7
"New Hampshire",1979,33,0.5,0.4371859,0.252902684523481,0.345339846649524,0.0134335150969854,0.0144702198929391,0.430828050353335,-0.0814129056242266,0.16521100195004,-0.248579453092562,0.386111752256295,0.302693298464495,0.173455682921835,0.214630593637212,43.5,54.7
"New Hampshire",1980,33,0.4347826,0.3984962,0.247182916837554,0.343916092007763,0.013143914079521,0.0140628189365598,0.412642334892613,-0.109406191016082,-0.0009687741455885,-0.321635561962564,0.363436807550629,0.32812153013504,0.155270576589596,0.181912288901199,28.4,57.7
"New Hampshire",1981,33,0.4347826,0.3984962,0.240630322524834,0.341024335656553,0.0124820647993928,0.0136801760396496,0.325351913685528,-0.318882440006456,0.139252721574169,-0.248270551265594,0.331428420166216,0.346804829648689,0.177274822067099,0.226829902694625,28.4,57.7
"New Hampshire",1982,33,0.375,0.4020101,0.236841317631017,0.338040369258941,0.0121558629340156,0.0133390346991467,0.262718394504266,-0.230043700924861,0.032875594857984,-0.327371426398857,0.347302475520959,0.31948430757481,0.169388457316819,0.212910445189318,28.4,57.7
"New Hampshire",1983,33,0.375,0.4020101,0.23202056768289,0.333860602451658,0.0125327532988274,0.0126660363621022,0.671289831038569,-0.177121686143274,0.134981811954619,-0.245496778409354,0.282087847950985,0.297990351592888,0.151841396958381,0.180757800815089,28.4,57.7
"New Hampshire",1984,33,0.25,0.2556391,0.226465709226033,0.330138638607296,0.0122815530723557,0.0128674944690879,0.633830141091929,-0.213779942622675,0.0870345667343666,-0.197773537450368,0.313449058964527,0.325065230815737,0.146183749081096,0.18624731821933,31,68.7
"New Hampshire",1985,33,0.25,0.2556391,0.222956733722233,0.326360124541045,0.0122174274031758,0.0132757589928746,0.573081267912577,-0.44607397112577,0.144685182488136,-0.167510310021009,0.296741613837894,0.307973267669405,0.162382343946809,0.164393128934561,31,68.7
"New Hampshire",1986,33,0.3333333,0.33,0.22040324258492,0.321622161465864,0.0116259900834658,0.0128437693163023,0.549997463888147,-0.492489495171936,0.270557591592199,-0.138185976264001,0.298536912310752,0.306525413343695,0.16795219451453,0.18422720603646,31,68.7
"New Hampshire",1987,33,0.3333333,0.33,0.220163830008781,0.314982959456754,0.0113348136025439,0.0126546503388281,0.513894222445427,-0.273585574938447,0.310115637287025,-0.100666677200912,0.299875610802911,0.329796817014625,0.160320335341561,0.152971828074039,31,68.7
"New Hampshire",1988,33,0.3333333,0.2975,0.220043838842808,0.309360072088253,0.0109166102778074,0.0125924416936998,0.487512316370844,-0.31470858859843,0.380729363113785,0.0579002690927457,0.297719761981854,0.330723000549583,0.162240453161592,0.122616135044694,36.3,62.5
"New Hampshire",1989,33,0.3333333,0.2975,0.218833304825467,0.304041437979391,0.0106581523616494,0.0125712168334287,0.434524634650904,-0.33029890157344,0.422518299436275,0.0920795843924742,0.31297955083915,0.327897637969402,0.18104339828725,0.135800720388559,36.3,62.5
"New Hampshire",1990,33,0.4583333,0.321608,0.21604481579325,0.300341747173022,0.0105806854723905,0.0120669821179503,0.392575990224741,-0.279980306749367,0.547468933903194,0.136482912621866,0.296509895748211,0.304500021017575,0.168605408667207,0.131951830753402,36.3,62.5
"New Hampshire",1991,33,0.4583333,0.321608,0.219076693434637,0.295501995774234,0.0106293590887444,0.0117508016622282,0.360489194547585,-0.125448153112746,0.60999509949275,0.104524896804434,0.308650233187355,0.34752122888435,0.195411977122788,0.124389502792205,36.3,62.5
"New Hampshire",1992,33,0.4583333,0.35,0.222278737100787,0.291282442428428,0.0106308803490778,0.0120415171134143,0.33736633644262,-0.0936916798766343,0.713273518258713,0.157189282351,0.289566523381511,0.325475741546806,0.191210409625184,0.116863610411018,38.9,37.6
"New Hampshire",1993,33,0.4583333,0.35,0.222986586206787,0.290064004383016,0.0107177971289442,0.0120801791801544,0.359321811964208,-0.123278576290942,0.84339389058003,-0.118637473251851,0.311155222492928,0.362232693711136,0.223790320670084,0.144535154206793,38.9,37.6
"New Hampshire",1994,33,0.25,0.2864321,0.222795054512115,0.288255984165664,0.0108566574839731,0.0120848867468421,0.583998882455882,-0.282177615248905,0.720279721177559,-0.13444652770747,0.339855793016393,0.369368415234638,0.198576358678004,0.146552673115649,38.9,37.6
"New Hampshire",1995,33,0.25,0.2864321,0.224246455334055,0.287029608878425,0.0109601255527187,0.0124758989517804,0.326231591372026,-0.318057158424597,0.863609926466972,-0.321118855373872,0.357527569282386,0.362182649391813,0.223910142168911,0.146341560179734,38.9,37.6
"New Hampshire",1996,33,0.375,0.3643216,0.225993096944665,0.283731504299649,0.0110975986377021,0.0119418499378121,0.284085278390315,-0.26154994437869,0.820593868622669,-0.157212896381926,0.322544211116359,0.355008456693763,0.179887945645838,0.16757476701103,49.3,39.4
"New Hampshire",1997,33,0.375,0.3643216,0.227927851002179,0.281591183624337,0.0111940325332916,0.0122985837897695,0.281181378162238,-0.550977969485283,0.816985857454332,-0.14252871525475,0.339732374415161,0.401533621596314,0.212824972295625,0.168417363627272,49.3,39.4
"New Hampshire",1998,33,0.5416667,0.3834586,0.231752796529886,0.280027921805219,0.0104002942621736,0.0122367321459465,0.702463923213767,-0.0866113146549697,0.804285257221794,-0.136408487904445,0.313678494465606,0.385555699175792,0.186083055383047,0.164806406335472,49.3,39.4
"New Hampshire",1999,33,0.5416667,0.3834586,0.2349004678293,0.279286640381606,0.009817266834523,0.0115212795630683,0.680482225165741,0.0228460620558147,0.770481945300638,0.0673689839415808,0.292712033606859,0.35816709172928,0.205944274930887,0.157900280624792,49.3,39.4
"New Hampshire",2000,33,0.4583333,0.358396,0.238994040530302,0.278222152584215,0.0093559242386947,0.0107471339484055,0.640290041923172,0.251823871859794,0.782105041663819,-0.149557135391643,0.302162296189031,0.33932751093476,0.18414358404498,0.137526503505575,46.8,48.1
"New Hampshire",2001,33,0.4583333,0.358396,0.240256624096589,0.273786821095918,0.0096074121455542,0.0107280545929455,0.606334255374718,0.225628741192465,0.94211762375,-0.018054605882903,0.289993721389859,0.34581597368748,0.218496968126766,0.173157251638499,46.8,48.1
"New Hampshire",2002,33,0.25,0.2932331,0.243031469982216,0.269227741782924,0.0097491712388181,0.0109596389156428,0.671082875950202,0.27914759888885,1.06399122990217,-0.0886477314704616,0.283545967814906,0.324797005190093,0.24086623154298,0.156487355612828,46.8,48.1
"New Hampshire",2003,33,0.25,0.2932331,0.245537159701953,0.266196969472567,0.0099070163784821,0.0107320379734257,0.606547297559282,0.265091127262734,1.03794517527444,0.124136558918915,0.290204661175886,0.331348847261194,0.216826297617931,0.191411446539064,46.8,48.1
"New Hampshire",2004,33,0.3333333,0.37,0.247270987803143,0.260753003424391,0.0098708595631641,0.0100505856319334,0.575266006534097,0.291570543365864,0.999967409231514,0.0446982408129312,0.314877838998352,0.332590015477836,0.180610458326691,0.135220916082937,50.2,48.9
"New Hampshire",2005,33,0.3333333,0.37,0.24772846436609,0.25817601203749,0.0100976517396016,0.0104556342378038,0.639825106308477,0.177881660757548,1.00795514316934,0.0021211886143096,0.298313943239774,0.332940012769284,0.189976898281104,0.143407354611678,50.2,48.9
"New Hampshire",2006,33,0.5833333,0.5975,0.247645002884672,0.255028486420353,0.0094355988286912,0.0095751578095246,0.589867108694465,0.657824645902204,1.13444962336525,0.008918395437286,0.298160692877498,0.30671904170018,0.191471589279533,0.124552649847503,50.2,48.9
"New Hampshire",2007,33,0.5833333,0.5975,0.249251511987113,0.2482588799595,0.0095785422801855,0.0096381902675626,0.746618557906672,0.674127966768287,1.37518084331119,0.0344430486596125,0.28557990858874,0.300836327268969,0.211438348552102,0.126513608845896,50.2,48.9
"New Hampshire",2008,33,0.5833333,0.5625,0.250830592650735,0.246820175198235,0.0095117816752516,0.009129965422411,0.714209931547096,0.51036634334257,1.58575434532849,-0.0258527274157541,0.27546645519334,0.282775540250076,0.243561625384453,0.112012326134484,54.1,44.5
"New Hampshire",2009,33,0.5833333,0.5625,0.253788151479573,0.239159547129848,0.0093750173556054,0.0090108262162116,0.758877522539721,0.510420193903478,1.4705865356257,-0.136361313619627,0.294602083382633,0.299969082477319,0.233152601260843,0.0957783405637468,54.1,44.5
"New Hampshire",2010,33,0.25,0.255,0.253222180855514,0.238093977967612,0.009243684758935,0.009181653335362,0.734596602433248,0.522572004035584,1.68703835489824,-0.297698753229979,0.306524961792127,0.28846254349808,0.245806261778502,0.110239804718425,54.1,44.5
"New Hampshire",2011,33,0.20833333,0.255,0.253119635959944,0.234157655484151,0.0094864740379584,0.0094090567813905,0.55210118111832,0.559127925712703,1.66118054163193,-0.30325291688101,0.301722750207377,0.313731664014392,0.24363489942713,0.121729854743111,54.1,44.5
"New Hampshire",2012,33,0.20833333,0.26,0.254958669874972,0.229662922181558,0.0092269838774125,0.0093371481858497,0.454864096587861,0.527248510203802,1.98928930924404,-0.32862175657291,0.295530841561377,0.314784439195818,0.29801119170408,0.120989980336931,52,46.4
"New Hampshire",2013,33,0.45833333,0.555,0.259371341305788,0.225446436571211,0.0103453821051775,0.0105888458882828,0.405632886851968,0.591994507695434,2.20105773452746,-0.309828586246437,0.302311499822285,0.333149956002744,0.340785759065398,0.14411895245587,52,46.4
"New Hampshire",2014,33,0.45833333,0.55,0.263003678680025,0.22518912018409,0.0112283140156829,0.0119685244017912,0.422948943125203,0.572194859091939,2.57199926279092,-0.319824540253858,0.288917373904379,0.359987943522012,0.445908075899552,0.156465437605349,52,46.4
"New Jersey",1946,34,0.2380952,0.2,0.422079143380749,0.326099514011902,0.0241798382518926,0.0225227310015004,1.64747427579828,0.566820593821862,0.474529030524318,0.121626663644309,0.35428962099215,0.307672650247589,0.14657853383496,0.0583931185435506,NA,NA
"New Jersey",1947,34,0.1904762,0.25,0.421697181492615,0.326984577952173,0.0215161824043455,0.0202859154517204,1.60349301013534,0.469612063000713,0.310507722797907,0.179684162712961,0.351931920376009,0.288639941040444,0.139477037122342,0.061402804154668,NA,NA
"New Jersey",1948,34,0.2857143,0.2666667,0.421024918271275,0.327447332983806,0.0187322532085077,0.0174618485283436,1.58530057672836,0.653271143754054,0.155226705748154,0.180465939975925,0.381959637239883,0.282699340161579,0.123165937198009,0.0555410131773329,NA,NA
"New Jersey",1949,34,0.3333333,0.3666667,0.419981865538485,0.333346336927042,0.0179249597679857,0.0161089641616758,1.58302755526855,0.75149481234767,0.0315677764772674,0.222729256955636,0.358952795878502,0.279901066207012,0.133936951863511,0.0529204309986298,NA,NA
"New Jersey",1950,34,0.3333333,0.3666667,0.417146430252664,0.33672156997494,0.0168568570725957,0.0155216954936134,1.5573218378735,0.747445833031995,0.253026310786943,0.226309271905699,0.366104744188056,0.289013319365569,0.144585317397069,0.075778484290242,NA,NA
"New Jersey",1951,34,0.2380952,0.2833333,0.414765567322457,0.341131778819967,0.015452570277129,0.0141203390847899,1.54479086650071,0.7070149423805,0.195606745024427,0.305990278339086,0.384911114533234,0.288317178337274,0.198187017514818,0.100031476443865,NA,NA
"New Jersey",1952,34,0.2380952,0.2833333,0.411973961900552,0.345744285388676,0.0138776518751591,0.0133195733023893,1.84222933212939,0.665642245081263,0.104983604913039,0.220787350627583,0.379228940723481,0.278168347977709,0.137314298610687,0.0749165224510075,NA,NA
"New Jersey",1953,34,0.1904762,0.3333333,0.401112695392577,0.362209749442836,0.0120724002310976,0.0116767503435136,1.77213359535727,0.677427465522092,-0.195088951694265,0.136755683121877,0.364398784947172,0.279767981862933,0.13705525174836,0.0852550051124546,NA,NA
"New Jersey",1954,34,0.1904762,0.3333333,0.402924466041024,0.362660543593106,0.0111295115795056,0.0107406298976557,1.77646172818358,0.849340130394443,0.102504919204132,0.122443100188871,0.374251159127887,0.303988240080291,0.118802668569648,0.0719739876638367,NA,NA
"New Jersey",1955,34,0.3333333,0.3333333,0.392031841868242,0.366004502013195,0.0106009718175071,0.0101513814454757,1.77879021389995,0.868043151204981,0.0944388833676236,0.262777076657259,0.383513589719192,0.296967340491905,0.130488655696545,0.0674147018686277,NA,NA
"New Jersey",1956,34,0.3333333,0.3333333,0.386823103604381,0.363844614292197,0.0095691466570805,0.0092611082851697,1.7398260904102,0.869656969185274,-0.0665162862442503,0.106143815076855,0.386546769068512,0.29608073198826,0.114034237793444,0.0970582870629121,34.2,64.7
"New Jersey",1957,34,0.3809524,0.7,0.386402462080628,0.360577906226425,0.0098624967986392,0.0092904826352166,1.73109306564246,0.970079787428621,-0.0747654612046011,0.280571028714445,0.369769923687468,0.292608140096434,0.126661754194537,0.0798573593390846,NA,NA
"New Jersey",1958,34,0.3809524,0.7,0.390067357110646,0.352782283924004,0.0107845699883645,0.0099339364190431,1.69662715507651,0.974823696513879,-0.0163322423256628,0.0129874381403909,0.38377211071596,0.277153166670009,0.109483217867201,0.105323718342123,NA,NA
"New Jersey",1959,34,0.4761905,0.5666667,0.393839283180612,0.338423742261175,0.0110668003476804,0.0103716975534969,1.65291294837741,1.01331512827202,0.0780805855692547,0.136536429478855,0.383234800078596,0.281504887228876,0.120692444774363,0.0916800052143595,NA,NA
"New Jersey",1960,34,0.4761905,0.5666667,0.401199192979772,0.322036803782868,0.0113167411170108,0.010808533775842,1.60186712111202,0.971081409492074,0.0288227830829527,0.173844748978119,0.373687411947133,0.277431758261081,0.131473757367115,0.116741485688478,50,49.2
"New Jersey",1961,34,0.4761905,0.6333333,0.407014576383832,0.306993065160477,0.0104494485608211,0.0098953697818493,1.57384465099563,0.876911010267994,0.0355328863638851,0.312613557217914,0.422346752664289,0.278888904258029,0.134962797897439,0.0930812145889993,50,49.2
"New Jersey",1962,34,0.4761905,0.6333333,0.413688283600562,0.293913710096322,0.0103456530408281,0.0095264213112064,1.49494249267849,1.02122709939597,-0.183147307044631,0.230780060570898,0.361044475793592,0.28119020271076,0.167421585164736,0.0936127596870413,50,49.2
"New Jersey",1963,34,0.2857143,0.45,0.418863403205374,0.284196800162109,0.0105424512737578,0.0092871876448236,1.47802602964713,0.882425405777773,0.0491842386570428,0.326859718820965,0.356782829566842,0.279409561364348,0.148452352561518,0.105997044043609,50,49.2
"New Jersey",1964,34,0.2857143,0.45,0.419513453250076,0.278467060913547,0.0101149705055636,0.009405157744174,1.41287452357383,0.646358128475026,-0.198908416979841,0.344572113303021,0.401113253196157,0.272027360989135,0.110034742542133,0.0769600259630579,65.6,33.9
"New Jersey",1965,34,0.6551724,0.6833333,0.413417922322267,0.275950802777211,0.0102240626471634,0.0090237193870608,1.11731661164445,0.657280841777739,-0.0411402331414285,0.301609227817026,0.348941574769725,0.285214206498329,0.122723013352387,0.109377011340907,65.6,33.9
"New Jersey",1966,34,0.6551724,0.6833333,0.405453029694372,0.271924938331376,0.0107169135665259,0.0093779188617218,1.67196841348516,0.767728831389523,-0.285165098836398,0.300695129916882,0.338864127772482,0.288142506426783,0.0881097129707083,0.109057491249038,65.6,33.9
"New Jersey",1967,34,0.225,0.275,0.404700994598948,0.268465541924163,0.0105110352749544,0.0096774917165227,1.6210725770563,0.876944107753617,-0.0732526774241384,0.261896925929754,0.352740293310436,0.31974014739948,0.135629740077913,0.126956914686276,65.6,33.9
"New Jersey",1968,34,0.225,0.275,0.400410922356361,0.265061635903581,0.0101575193920408,0.0093588321134147,1.56417751417917,0.810910021736186,-0.395229706896426,0.299581235399215,0.360952862707255,0.302515452626897,0.0968653856008358,0.100542230949734,44,46.1
"New Jersey",1969,34,0.225,0.2625,0.396295583871387,0.25994048509414,0.0101191375424252,0.0091084878428536,1.50406115605756,1.60887699460525,-0.0948668008954575,0.521994719481089,0.326719686400473,0.362188204234292,0.131322076566838,0.118721306752326,44,46.1
"New Jersey",1970,34,0.225,0.2625,0.392799344340995,0.258763936564553,0.010226533510493,0.0093927528767338,2.15576759073256,1.4677495612653,0.0709341526014275,0.541355747388649,0.343689402168199,0.342010807550809,0.134177602152631,0.152750048058712,44,46.1
"New Jersey",1971,34,0.4,0.5063291,0.3894714658507,0.255522989890347,0.0102621691423061,0.0094445843021113,2.30433335623684,1.30080358208104,0.254996824845962,0.349697346791105,0.384612693922374,0.323662919083646,0.140600308980959,0.139913214772031,44,46.1
"New Jersey",1972,34,0.4,0.5063291,0.388274789594091,0.249760651623495,0.0101948985546375,0.0092384837617064,2.26878189131201,1.20299492079378,0.115164202043873,0.499664618647101,0.367371789978108,0.317683427791058,0.115110775940663,0.125315508170964,36.8,61.6
"New Jersey",1973,34,0.7435898,0.825,0.392669953801688,0.243398861021222,0.0102934163223801,0.0091292250277689,2.21783965182419,1.4755494001805,0.0680300444362341,0.453145039498038,0.385338613820102,0.341561487445387,0.157487116491025,0.145085618969496,36.8,61.6
"New Jersey",1974,34,0.7435898,0.825,0.398292771534866,0.232728529416766,0.0098362934005098,0.008968948373281,2.05853725941851,1.14526790182256,0.137319661201801,0.4015122584622,0.364933345272748,0.327071547957527,0.133477876786965,0.146412414685527,36.8,61.6
"New Jersey",1975,34,0.7435898,0.6125,0.400064755450264,0.223822457556089,0.0095684443651443,0.008684990409652,2.0090059112001,1.36709014967863,0.175718215692772,0.478818567026681,0.364632849141169,0.338918159022702,0.137695791396882,0.174911198909023,36.8,61.6
"New Jersey",1976,34,0.7435898,0.6125,0.394606191837142,0.220799369824204,0.0092271105757351,0.0080779788579193,2.00527387208278,1.38882709238313,0.146645696365157,0.414009173640235,0.343871318339536,0.329362380149388,0.12606345216143,0.16441929078603,47.9,50.1
"New Jersey",1977,34,0.675,0.675,0.392328634643384,0.222154984044263,0.0093498325811166,0.0081179524738148,1.94743205096647,1.68667660664314,0.187030643382708,0.463143568572945,0.356202419058695,0.324666535429517,0.131625960633696,0.208872903715732,47.9,50.1
"New Jersey",1978,34,0.675,0.675,0.391779632431042,0.220677909153118,0.008943434300303,0.0071589165859848,1.88621573650717,1.49763928290149,0.132942087989721,0.274622028386595,0.363397520657005,0.334930327530777,0.132332536465584,0.159509580407615,47.9,50.1
"New Jersey",1979,34,0.675,0.55,0.389725335067246,0.224197089477351,0.0085748373737439,0.0069135546389379,2.08996530266998,1.39477695761276,0.377450017378909,0.450534839459152,0.368220010254372,0.348141106018798,0.128279262810832,0.216235519245684,47.9,50.1
"New Jersey",1980,34,0.675,0.55,0.384890555624257,0.229635981579873,0.008358000101901,0.0069063208702746,2.08582505751871,1.33292537373064,0.172210039517488,0.169970942858097,0.395887463005388,0.342200286329045,0.115718765596812,0.156529877077453,38.6,52
"New Jersey",1981,34,0.55,0.5375,0.377729233083592,0.235029647942798,0.0083161626775211,0.0070602783323493,1.72599410023808,1.18935187624218,0.244623965021417,0.280456681580041,0.321435829757536,0.349291951140985,0.133904009166379,0.190423306231689,38.6,52
"New Jersey",1982,34,0.55,0.5375,0.375897345139366,0.235565146663231,0.0083087219852832,0.0071492539559411,1.93894740099036,1.23796743229406,0.250835466161628,0.312929172028033,0.351150233372379,0.349200516137454,0.13150645785879,0.202116768372802,38.6,52
"New Jersey",1983,34,0.575,0.55,0.367425111168774,0.241794410530199,0.0081431576759615,0.007598718130096,1.89748917318871,1.32198971560819,0.17378402628265,0.24308541037183,0.364609377476857,0.338508046656222,0.127085147658892,0.151777877216569,38.6,52
"New Jersey",1984,34,0.575,0.55,0.353609041189416,0.252695495290558,0.0078099437046147,0.0074403695740037,1.86612516469031,1.29008922259087,0.24588558895832,0.203923717533978,0.344899493985768,0.348700042776786,0.116700916671924,0.167345722602677,39.2,60.1
"New Jersey",1985,34,0.575,0.375,0.342696380693295,0.263238436348096,0.0078553828922432,0.0075981972959034,1.87408391384927,1.2599409050576,0.277244149970981,0.241193710135766,0.346656815212316,0.349254432624133,0.147941461723411,0.151667247999518,39.2,60.1
"New Jersey",1986,34,0.575,0.375,0.332864528988285,0.268621463761482,0.0074898153769268,0.0079417680241463,1.8578027193235,1.31309812554231,0.381460431083041,0.27738786134782,0.356663088687199,0.339721099390297,0.15343490357679,0.164827130253218,39.2,60.1
"New Jersey",1987,34,0.6,0.475,0.328803559751999,0.27289599008139,0.0072308870496604,0.0070959601981097,1.79566563222078,1.2626724604305,0.378264468512645,0.375969611553457,0.352260941753392,0.334597638079403,0.135177954944205,0.137375695567157,39.2,60.1
"New Jersey",1988,34,0.6,0.475,0.325253774099125,0.28178955858459,0.0074030716432162,0.0076915850479146,1.78291758295658,1.19687211658993,0.510736856934289,0.448599333884073,0.356265194323779,0.31972834149364,0.148787651689201,0.113029990160662,42.6,56.2
"New Jersey",1989,34,0.6,0.55,0.321702357765682,0.287407770996115,0.0075267959638371,0.0077073233683343,1.44823287598345,1.11033857446485,0.489653392669189,0.470870044049464,0.209851316375247,0.323928388548728,0.160729063601605,0.115812319984966,42.6,56.2
"New Jersey",1990,34,0.6,0.55,0.317452475049857,0.293238508479966,0.0078014671329698,0.0075177011258853,1.93411270416539,1.17458179531609,0.629469296649517,0.357758021845066,0.250227647717221,0.346397755664596,0.169126629801777,0.108166523674921,42.6,56.2
"New Jersey",1991,34,0.325,0.275,0.316188932120359,0.292510455491014,0.0077613213769354,0.0073908135230461,1.88559759667222,1.40616326550681,0.668143443163461,0.418783024636626,0.235798447634718,0.330779024237541,0.184605271382671,0.111166525720079,42.6,56.2
"New Jersey",1992,34,0.325,0.275,0.318880894992701,0.286832125551471,0.0077511578513457,0.0077439404706639,2.01835850597049,1.79747142823588,0.750793489470096,0.345546208642053,0.275413030376549,0.371718078674769,0.173425874520578,0.0953723304339531,43,40.6
"New Jersey",1993,34,0.4,0.3375,0.320201877682744,0.279612816955349,0.007710366505706,0.0077050432062171,1.97806468157125,2.13895081248334,0.945483555190815,0.19613256917896,0.310761963772161,0.376210903774327,0.189421032730431,0.106107374241583,43,40.6
"New Jersey",1994,34,0.4,0.3375,0.324490712317312,0.280111524675476,0.0082935779218559,0.0079406633462365,1.89441935692749,2.01994324187475,0.798444738354813,0.136273198167974,0.289338168734371,0.407390064305614,0.155308638787253,0.140446510323324,43,40.6
"New Jersey",1995,34,0.4,0.375,0.331158779877308,0.278632882526924,0.0084129109168441,0.0076747182756375,1.86350158686979,2.13761264895363,0.954895231690549,0.0131891121495779,0.280100342696461,0.414978891876979,0.190056687631845,0.0999503453303896,43,40.6
"New Jersey",1996,34,0.4,0.375,0.337787103308955,0.27402027996874,0.0078287260633479,0.0075070317265477,1.81996341883543,1.71691507437564,0.869262219525216,0.115369664155467,0.283731237403892,0.35612384849022,0.162684762416965,0.130715613651167,53.7,35.9
"New Jersey",1997,34,0.4,0.4,0.343371752740308,0.272488753130162,0.0074316730736283,0.0076062616048269,1.77470954527522,1.4776600200529,0.927985317327714,0.0812129267541559,0.282390980591395,0.340832516733664,0.197137640388644,0.142977765621169,53.7,35.9
"New Jersey",1998,34,0.4,0.4,0.352752985977769,0.271627665174346,0.0078488424938531,0.0077235295609704,1.74393255857482,1.26423663986323,1.00809748472856,0.147479571654391,0.276472784318523,0.304954605166794,0.179488576662099,0.120442236565582,53.7,35.9
"New Jersey",1999,34,0.4,0.4375,0.359910228539815,0.269941652766151,0.0072979216566992,0.0072448000076512,1.70807674280322,1.76569234941947,0.981935279489388,0.294914802541348,0.269280187684163,0.346301404306448,0.201674196831825,0.150063169978434,53.7,35.9
"New Jersey",2000,34,0.4,0.4375,0.364622512503827,0.271242599463035,0.0065520557341636,0.0061148277665281,1.65859615132849,2.11282350552114,1.13072595697755,0.0781719715160848,0.270569493706594,0.383977682154274,0.16857269950641,0.10299901379116,56.1,40.3
"New Jersey",2001,34,0.5,0.55,0.361000900157715,0.275291857816975,0.0071401950490928,0.0069156257673513,1.66291585644681,2.11305387743914,1.23148872543921,0.257717694937425,0.245574973221275,0.368916751173024,0.220973711085122,0.158780753253277,56.1,40.3
"New Jersey",2002,34,0.5,0.55,0.360818157649779,0.279265390757119,0.0074408581756791,0.007208697729392,1.74246248422956,2.06015273916528,1.38695655532013,0.0820218842884579,0.28592157712964,0.374788323670348,0.213711961850001,0.153694569229614,56.1,40.3
"New Jersey",2003,34,0.55,0.5875,0.36335891529791,0.279984032988385,0.0070187767336609,0.0071675404434607,1.68483660019671,2.00103494447261,1.22301502379092,0.290898229622136,0.261749480133282,0.355625950090289,0.19373426490917,0.168018835088419,56.1,40.3
"New Jersey",2004,34,0.55,0.5875,0.370581355820799,0.27823764197805,0.006619094717053,0.0065189831869854,1.67779022827098,2.24618692766054,1.11762715848836,0.211144097646556,0.260013817943468,0.357267335269579,0.146048953513327,0.119129702926656,52.9,46.2
"New Jersey",2005,34,0.55,0.6125,0.371998528656341,0.274393135786602,0.0067438531379318,0.0063367249111686,1.64661263105904,2.48053928998729,1.03609657821318,0.209725271580758,0.257529421029878,0.362021498431113,0.165892162984981,0.111986685609104,52.9,46.2
"New Jersey",2006,34,0.55,0.6125,0.372917044293541,0.270721816135532,0.0061285871638981,0.00591142862468,1.89871823291316,2.29690829645015,1.06837516687482,0.175474363861465,0.293913843007448,0.366822673116305,0.162732817435201,0.102247415550721,52.9,46.2
"New Jersey",2007,34,0.575,0.6,0.380699848826214,0.265633378092917,0.0062889912714667,0.0063465940242748,2.26064321589505,2.22821097054675,1.30262710157438,0.239349877563908,0.35543804215559,0.357350241806803,0.182159763812294,0.111850354129095,52.9,46.2
"New Jersey",2008,34,0.575,0.6,0.384904114135846,0.264274893743312,0.0061141079942045,0.0059681119213705,2.26535771534339,2.2879146579689,1.50429125952638,0.189464404146487,0.373418127679034,0.350697403864037,0.198656694249905,0.0862189037703229,57.1,41.6
"New Jersey",2009,34,0.575,0.5875,0.38729332026421,0.255426811411615,0.0061762663253719,0.0057641598957399,2.17083152244382,2.13799792509073,1.43238115373684,0.0569905057728257,0.366458266265618,0.34612179134387,0.196875049473532,0.0759404067215924,57.1,41.6
"New Jersey",2010,34,0.575,0.5875,0.392125999888615,0.258494569017264,0.0056774558634158,0.0057760921297371,2.33262675916028,2.07498354299568,1.67497859107672,-0.0730712197207264,0.396195887967186,0.352940600631178,0.201134941061278,0.0836301278685259,57.1,41.6
"New Jersey",2011,34,0.6,0.5875,0.395402672474687,0.252241011624791,0.0065658849468188,0.0059551963287942,2.29849142718862,1.62549646104,1.6902674516696,-0.0183157963250222,0.358052222833554,0.334168079403993,0.205993335128144,0.0907579553151019,57.1,41.6
"New Jersey",2012,34,0.6,0.6,0.401631851431324,0.247802088428478,0.0063981244878063,0.0057718379291627,2.27367760536389,1.60629040350536,1.98320344608708,-0.0418985795218622,0.385595814572077,0.340051952155244,0.235500656689254,0.079759527367932,58.2,40.5
"New Jersey",2013,34,0.6,0.6,0.399719198647893,0.242234146800464,0.007014358729706,0.0066909851572109,2.4464140847947,1.37519879367774,2.22488106414908,-0.0220404395643467,0.424266925880704,0.376497055382879,0.285364944921697,0.0938345107468453,58.2,40.5
"New Jersey",2014,34,0.6,0.6,0.403835754335596,0.240608416770145,0.007693196760752,0.0069841657100862,2.61596719513454,1.50273537065482,2.48768526312093,0.0234071184405245,0.470590530969361,0.387562704546958,0.381927402539444,0.102169561542935,58.2,40.5
"New Mexico",1946,35,0.75,0.6122449,0.528192421074465,0.26879262159907,0.0332208057541845,0.0298348758542469,-0.868509507581529,-0.0852778968168135,-0.267575158741893,0.0139423562905281,0.795423860849125,0.300653713856496,0.14608309380706,0.093939814376358,NA,NA
"New Mexico",1947,35,0.75,0.6122449,0.527672394674661,0.26804742235478,0.0317055322846209,0.0277470806739948,-0.815111551938618,-0.142612266868907,-0.300897605995069,0.250098518616408,0.749296620418763,0.313129125632978,0.151984023810503,0.0932460173795985,NA,NA
"New Mexico",1948,35,0.7916667,0.7346939,0.528024818889913,0.266591573901908,0.0302354088623246,0.0264093685258796,-0.866289823245474,-0.408115914413368,-0.377926268613149,0.0618616700992426,0.743707335661328,0.305574644377543,0.125079740096439,0.0837802490665996,NA,NA
"New Mexico",1949,35,0.7916667,0.7346939,0.528995553190967,0.266486036925071,0.0292250202705265,0.0245795498004149,-1.00402666154863,-0.136206913801015,-0.404828372981634,0.0549368037819604,0.816881866977638,0.321906726433658,0.156152823544335,0.0952343261802893,NA,NA
"New Mexico",1950,35,0.7916667,0.8363636,0.528414062250767,0.267089204133105,0.0277923039605795,0.0230424103895921,-0.961576313625024,-0.2677582769296,-0.283990861779798,-0.039035989919813,0.726349247281663,0.298016736574974,0.190402866533866,0.105479949922603,NA,NA
"New Mexico",1951,35,0.7916667,0.8363636,0.52953120608373,0.268758069984292,0.0269072783775224,0.0225715455852863,-0.580359595048689,-0.302352202599974,-0.410879551669579,0.0618889575571224,0.701713820198939,0.307594577363269,0.201308278049521,0.116419625542753,NA,NA
"New Mexico",1952,35,0.7096774,0.4909091,0.529627915462828,0.270610540333407,0.0248594760776347,0.0215570660066402,-0.593175404073563,-0.248646306220806,-0.422073081613193,0.128216505795542,0.692659308295866,0.299939769275257,0.159974778376728,0.105965922605129,NA,NA
"New Mexico",1953,35,0.7096774,0.4909091,0.527810775725197,0.27442640899902,0.0225145295693213,0.0193264547799499,-0.624004216703718,-0.158102471210466,-0.337302991203309,0.137289564424535,0.693445407921645,0.300347581038657,0.16895790725849,0.110336603697833,NA,NA
"New Mexico",1954,35,0.7096774,0.9272727,0.52754130726026,0.274380416416856,0.0217337327736813,0.0181286585699872,-0.675517629193408,-0.238612307822687,-0.293739972651153,0.106524994040021,0.756900181077678,0.303664061920403,0.143114433164117,0.103492839952412,NA,NA
"New Mexico",1955,35,0.7096774,0.9272727,0.531366642653185,0.268349690771383,0.020822881109954,0.0173872875364398,-0.714786479104056,-0.359707176010388,-0.193787430544934,0.100143175511196,0.752702505269125,0.296072386269141,0.170467368356002,0.120757629579047,NA,NA
"New Mexico",1956,35,0.75,0.6515151,0.533056234482051,0.263662755086669,0.0205244958595936,0.0169179838620559,-0.737475251692163,0.230876644987989,-0.412835192855688,0.103221713297505,0.717790793502792,0.314042813183766,0.133189827365942,0.140134793973945,41.8,57.8
"New Mexico",1957,35,0.75,0.6515151,0.530720847707098,0.2620043890682,0.020045379080206,0.0170305044464897,-0.695416084120643,0.141969250646732,-0.320442120194221,0.150400726844558,0.684057358066312,0.297270168465236,0.137984118956792,0.109358462576725,NA,NA
"New Mexico",1958,35,0.75,0.9090909,0.530487964713794,0.259091752362827,0.0194384951197766,0.0169043228365301,-0.70120565650129,0.314814958954065,-0.235714717566917,0.0624955866653835,0.740855357114668,0.310864997764704,0.141035329673251,0.143372314810413,NA,NA
"New Mexico",1959,35,0.75,0.9090909,0.527759325866515,0.256888918371875,0.0198840446085619,0.0170211678574864,-0.777662339070108,0.311365135287018,-0.229318802453232,-0.094033497287293,0.689434461249298,0.292175257753446,0.145588094683113,0.119613496350552,NA,NA
"New Mexico",1960,35,0.875,0.8939394,0.526971192510113,0.254393320693134,0.0198320798131813,0.0171813319791837,-0.760643369325929,0.327766266577639,-0.288435315093606,0.307299526543235,0.660841904036365,0.289357513708757,0.16214134326068,0.139897246951565,50.2,49.4
"New Mexico",1961,35,0.875,0.8939394,0.523128559159421,0.255613302177877,0.0197327261820082,0.017911250689476,-0.725852296629722,0.212812458745239,-0.170901966979687,0.141406799794313,0.690874250804857,0.299651876932704,0.152269362734208,0.125440677701113,50.2,49.4
"New Mexico",1962,35,0.875,0.8333333,0.520680226022073,0.253940902076968,0.0203536992136254,0.0182730596137451,-0.756547118858763,0.274901738693463,-0.377080156270888,0.086731129243175,0.638417874561032,0.285455528540261,0.203513885826795,0.1408425799418,50.2,49.4
"New Mexico",1963,35,0.875,0.8333333,0.518451199060524,0.253035543891111,0.0210894422620232,0.0185667175100942,-0.796172179979555,0.345862950726654,-0.165969968070009,0.199143666130921,0.661228961353048,0.294710369401506,0.193828567511215,0.163684776353292,50.2,49.4
"New Mexico",1964,35,0.875,0.7662337,0.516797863527236,0.2511381676481,0.0212493353514266,0.0187789370118715,-0.8675356239314,0.423142674751364,-0.307451182511857,0.172470782326137,0.629369675757791,0.30661757861141,0.218837616272038,0.170778021413412,59.2,40.2
"New Mexico",1965,35,0.875,0.7662337,0.515105887883366,0.249339385269798,0.0214806843775044,0.0192947484317222,-0.963878964723794,0.23571862579533,-0.317686672742362,0.156167013003231,0.672041803594279,0.308340463182744,0.205657048513803,0.175988079046471,59.2,40.2
"New Mexico",1966,35,0.5952381,0.6428571,0.513878063112554,0.247769449381416,0.0219282264735483,0.0196545341591473,-0.933452459535409,-0.0909008345349329,-0.395920045799361,0.126206758696376,0.645566896148528,0.301023994020605,0.190783690767556,0.169170798977061,59.2,40.2
"New Mexico",1967,35,0.5952381,0.6428571,0.511942081742918,0.246408466471028,0.0216356059925842,0.0191689848101239,-1.04207324469519,0.0431578728073444,-0.330135630275692,0.0899582382472695,0.604567533891443,0.340344957623315,0.175438986063693,0.166644563105975,59.2,40.2
"New Mexico",1968,35,0.5952381,0.6285715,0.509748975740334,0.245586480439703,0.0209639151321651,0.0190889562377825,-1.13225808781366,-0.143430227080202,-0.450093444220182,0.163349142593625,0.667806345769947,0.331997031327733,0.134003690756957,0.152432545035141,39.7,51.8
"New Mexico",1969,35,0.5952381,0.6285715,0.507175004434518,0.244828347566149,0.0207518661079261,0.0184869754623044,0.099436192978995,0.0022913840441543,-0.33670761223227,0.324273923788463,0.452407721139574,0.32764307892735,0.177689404810381,0.153038105246845,39.7,51.8
"New Mexico",1970,35,0.6666667,0.6857143,0.50486386617214,0.243807961682115,0.0203254328997653,0.0174550883946288,-0.0167451000232979,-0.149706517506959,-0.278675688481683,0.319931963446342,0.456471627921937,0.323958037093789,0.167066267098954,0.188976257985951,39.7,51.8
"New Mexico",1971,35,0.6666667,0.6857143,0.502133609996977,0.242590026100075,0.0196586363809752,0.0166245775757144,-0.214919941532607,-0.269190114695422,-0.224169530079801,0.257292590671594,0.461359023502708,0.332576940144697,0.190263449926376,0.174807729613233,39.7,51.8
"New Mexico",1972,35,0.7142857,0.7285714,0.498155443500901,0.242052492891044,0.019044943940623,0.0160740468479078,-0.453635135333688,-0.0292836430517466,-0.241969819071379,0.310013478539976,0.438947096546733,0.314387130162614,0.164853737253477,0.186493983858889,36.6,61
"New Mexico",1973,35,0.7142857,0.7285714,0.495100827505059,0.240973666176203,0.0180652841922279,0.0152571062698743,0.0229987134643975,0.221389831570189,-0.324988512957108,0.398623015890863,0.424671636684634,0.342082739829152,0.182276659019175,0.161909484392981,36.6,61
"New Mexico",1974,35,0.6904762,0.7285714,0.491076623275551,0.240648716630996,0.0168808239720769,0.0148538102754809,-0.0001326689829446,0.174767397838122,-0.24350449558159,0.163563398127052,0.425956038870843,0.322640958178949,0.154664152890359,0.162545261278482,36.6,61
"New Mexico",1975,35,0.6904762,0.7285714,0.48495263943404,0.241117331342058,0.0156007490037145,0.0140513101055129,0.202276548675271,0.0450689980173164,-0.279621665630464,0.189013485617053,0.38190154378546,0.349388993061697,0.16629467698523,0.198109614258022,36.6,61
"New Mexico",1976,35,0.7857143,0.6857143,0.480756758716035,0.241271783008666,0.0145120368160013,0.0133608266930416,0.185067941563337,0.0130022181328348,-0.114698660634877,0.0571787034240994,0.405083890198291,0.331003101084779,0.148023181831824,0.171721216852411,48.3,50.7
"New Mexico",1977,35,0.7857143,0.6857143,0.480935000131281,0.239404241044175,0.0148481595432598,0.0136060110427393,0.116444874115499,-0.0407062611830205,-0.178834720319648,0.0378813032984437,0.390736617757322,0.317869213148303,0.157842800768483,0.235909036154049,48.3,50.7
"New Mexico",1978,35,0.7857143,0.5857143,0.480227038286226,0.239449912258505,0.0148324658464769,0.0133988854971017,0.035165638816731,0.0639573030594219,-0.160745508179118,-0.0350717699596728,0.395267275051589,0.325780373830222,0.173776485619492,0.201109911512208,48.3,50.7
"New Mexico",1979,35,0.7857143,0.5857143,0.47709665246062,0.239195829652007,0.0149246720883656,0.0130753791929197,0.0524595165080319,0.001473166971002,-0.0620547910897413,0.0295187179040884,0.407375786544305,0.296275445745546,0.170655059651616,0.254666520411299,48.3,50.7
"New Mexico",1980,35,0.5238096,0.5857143,0.471794430101963,0.240819856811761,0.0146048554073539,0.0130380074182218,0.0435477351692727,0.0252059023205169,-0.0865431237947935,-0.160320219648321,0.398382382604478,0.317882566614306,0.174149710619346,0.215276386970712,36.8,55
"New Mexico",1981,35,0.5238096,0.5857143,0.465509076190887,0.242351698088772,0.0143905265112993,0.0130000643054796,-0.0772883917440883,-0.0381958191155706,0.0363464320852948,-0.0249149933554091,0.399354166869144,0.305704933740262,0.171721491188222,0.249528684759223,36.8,55
"New Mexico",1982,35,0.5238096,0.6428571,0.457873115116872,0.246229759279385,0.0146218522184473,0.012839912954021,-0.0818782506410541,-0.143282398237926,0.0124705769291406,-0.105051416318059,0.392763597272622,0.318968297603615,0.164537418292254,0.234225660998594,36.8,55
"New Mexico",1983,35,0.5238096,0.6428571,0.449344642965985,0.250457453357591,0.0143483604116833,0.012504388253397,-0.0547267835937458,-0.0602296719777222,0.0537298527411433,-0.104815116171837,0.380878727906146,0.328648194212238,0.148797784165784,0.212306567993335,36.8,55
"New Mexico",1984,35,0.5,0.6,0.440086465798091,0.256178724393264,0.0138698991773332,0.0124926691440825,-0.0214437326940594,0.0264649750888457,0.0641643707269028,-0.075175996883953,0.369835154356267,0.31680318341095,0.151259619571807,0.209976856292751,39.2,59.7
"New Mexico",1985,35,0.5,0.6,0.43376537647191,0.261168384424362,0.0129492156762412,0.0122585251071562,-0.0547355275800954,0.0896606328646243,0.152005651247437,-0.0518332399333059,0.347447152384724,0.313271333456925,0.168220680212589,0.194608312460154,39.2,59.7
"New Mexico",1986,35,0.5,0.6714286,0.427125383063987,0.267346073489596,0.0127170305258336,0.0119432020486094,-0.0624844974916611,0.0812111131135029,0.213389426776363,-0.004582685810458,0.366116916886841,0.298641083047871,0.174667121736127,0.202286121079523,39.2,59.7
"New Mexico",1987,35,0.5,0.6714286,0.423313799596473,0.272015141022658,0.0122107443082785,0.0114742840187226,-0.127469588714709,0.0450325465527812,0.273650574139107,-0.0036721945727543,0.375683602121683,0.311221148323358,0.149477899929575,0.168537623165518,39.2,59.7
"New Mexico",1988,35,0.6190476,0.6428571,0.420827113853332,0.276204386593304,0.0125492728293382,0.0111677018678695,-0.109363651579978,-0.0059508606632742,0.252353213507199,0.107876440099294,0.355297903018991,0.322056370598285,0.174415800518397,0.133007306539814,46.9,51.9
"New Mexico",1989,35,0.6190476,0.6428571,0.414879499634688,0.281435267592976,0.0122302136695749,0.0111020342952323,-0.118444062300356,0.0294960673627619,0.225178737379192,0.1784142473287,0.367752465464074,0.331676334247618,0.176630811825893,0.135597583446788,46.9,51.9
"New Mexico",1990,35,0.6190476,0.7,0.410172594518466,0.284600126115792,0.0120257288698814,0.0115599758306488,-0.173158069310888,-0.018601246070996,0.315336663846259,0.251786735868366,0.332297493066981,0.293065684427817,0.179653948468947,0.12929883921281,46.9,51.9
"New Mexico",1991,35,0.6190476,0.7,0.407559483017032,0.285017403456221,0.0117905464130899,0.0114328220336251,-0.16512850131811,0.0083313266819964,0.285131621840377,0.232424408431468,0.33066025413327,0.344105951856441,0.203872471412196,0.124427751188413,46.9,51.9
"New Mexico",1992,35,0.6428571,0.7428572,0.405254795924446,0.288155367176075,0.011375962091245,0.0116970885461295,-0.16891260248265,-0.0072300656060418,0.302999996781214,0.201174337687595,0.333960620183314,0.329924340928355,0.193020218377517,0.107323749082333,45.9,37.3
"New Mexico",1993,35,0.6428571,0.7428572,0.402908970889779,0.288494959593216,0.0114062311306988,0.0115392306144179,-0.216193661041281,0.0355712025332223,0.438729925142849,-0.0992651951110693,0.323452800387754,0.343825560632955,0.209757790209367,0.128751432477322,45.9,37.3
"New Mexico",1994,35,0.6428571,0.6571429,0.40168433760497,0.289897978939346,0.0114396068282282,0.0116934883355932,-0.149542104421455,0.0647687355119464,0.303491909121,-0.12076689857289,0.343049223508296,0.379197362699551,0.187648462970076,0.155313492425313,45.9,37.3
"New Mexico",1995,35,0.6428571,0.6571429,0.399707543141228,0.290500239528449,0.011562243149397,0.0106186214211695,-0.035087341960084,-0.026134679975789,0.363430025127261,-0.370960174364907,0.334469121108688,0.363977817433257,0.223339591082559,0.148775465208043,45.9,37.3
"New Mexico",1996,35,0.5952381,0.6,0.397753752267169,0.29094502714379,0.0120471146303242,0.0113252610618606,-0.0433313187206691,-0.0143586113843799,0.443963764182491,-0.151641158796718,0.353668548815297,0.36155964495646,0.175037769117024,0.144668551497536,49.2,41.9
"New Mexico",1997,35,0.5952381,0.6,0.393827103443718,0.293558491600088,0.0118408644547982,0.0110167588350883,-0.074695428856044,0.0571499597634111,0.390136482093324,-0.251724812803133,0.339314393917742,0.382478871360148,0.211075551408099,0.15282817412083,49.2,41.9
"New Mexico",1998,35,0.5952381,0.5714286,0.392418737846334,0.295746933870602,0.0117430681191754,0.0107704112747604,0.182063991914596,0.294999638751634,0.403164569564328,-0.192529588871397,0.320418818966167,0.346235595387229,0.172223488886073,0.127105972585766,49.2,41.9
"New Mexico",1999,35,0.5952381,0.5714286,0.392930005303966,0.297299528612795,0.0109147800643827,0.0101814124760465,0.224592600011732,0.105921340644134,0.340172408675252,-0.117202741920614,0.302638277802037,0.37655969567723,0.210648971869598,0.169902562936674,49.2,41.9
"New Mexico",2000,35,0.5714286,0.6,0.392123605260798,0.300987219136746,0.010811063694002,0.0098163667494276,-0.0107042136338027,0.0629410054984166,0.361853295915312,-0.213736331557352,0.310848543761679,0.363392434443455,0.176476249694888,0.128248076601962,47.9,47.8
"New Mexico",2001,35,0.5714286,0.6,0.39158839558175,0.300616327384963,0.0113221423191662,0.0099869772247793,0.165498728567845,-0.0659598776394394,0.419160779268113,-0.101453408749036,0.323788303792701,0.358884930914156,0.209730428777394,0.162347066636336,47.9,47.8
"New Mexico",2002,35,0.5714286,0.6142857,0.387362869468555,0.304860849304512,0.0110220712079129,0.0104398170997182,0.139793024273509,0.0139771533050365,0.510406217610945,-0.163856410706182,0.308447221198087,0.390740435154336,0.199449763558906,0.159017232425291,47.9,47.8
"New Mexico",2003,35,0.5714286,0.6142857,0.386776282829163,0.307883912198721,0.0111213114705003,0.0107021450417464,0.57219894992832,0.0043874234889938,0.46808729534388,0.0633417508247381,0.277296147541033,0.345814054656169,0.195377187972178,0.178049890107664,47.9,47.8
"New Mexico",2004,35,0.5714286,0.6,0.387268304793131,0.31060530557006,0.0106031317624309,0.0098174324419925,0.728017091337368,0.0325577730469056,0.589833009244453,-0.0016873852127892,0.27118160305784,0.337721371509817,0.160654901291188,0.124506007578881,49,49.8
"New Mexico",2005,35,0.5714286,0.6,0.385754502115211,0.310231691587426,0.0103548300705347,0.0094943647696707,0.716781571164524,0.302206536414443,0.533292775633595,-0.0902201872610944,0.275965838965175,0.338890142083717,0.171523611556354,0.148456367205876,49,49.8
"New Mexico",2006,35,0.5714286,0.6,0.386127375994266,0.308380744747866,0.009900770658328,0.0089695901673208,0.692742794136886,0.118164162942673,0.600527138316802,-0.04454509619302,0.268357262441049,0.315145109721707,0.153785004580363,0.119229367331431,49,49.8
"New Mexico",2007,35,0.5714286,0.6,0.388260022268799,0.306922066714381,0.0102658409381945,0.0094808129687177,0.830872864932906,0.410681808041597,0.703445254016011,-0.0476016423797208,0.246959587939145,0.318539383699494,0.159166503793212,0.130154605671906,49,49.8
"New Mexico",2008,35,0.6428571,0.6428571,0.39463033549798,0.306122496459384,0.0099287764472297,0.0094552455632433,0.78498179085782,0.424339439787948,0.661606168699866,-0.0265751049301807,0.273061173767013,0.32531032098019,0.177270083189475,0.100006121806396,56.9,41.8
"New Mexico",2009,35,0.6428571,0.6428571,0.390150289651523,0.308234926339409,0.0096996748992605,0.0094619886278018,0.824214530551555,0.533358434144359,0.532630662558277,-0.209131944540413,0.292219199981673,0.300434969970588,0.214628792359169,0.100046285555053,56.9,41.8
"New Mexico",2010,35,0.6428571,0.5285714,0.387541002676221,0.307032641025656,0.009307925965601,0.0095337010331455,0.790331637430697,0.484980549486151,0.74983397237835,-0.358338799245904,0.272603436942987,0.312264890901196,0.201675821766054,0.114224380621217,56.9,41.8
"New Mexico",2011,35,0.64285714,0.52857143,0.38551128468452,0.304306312464608,0.0101433155098524,0.0096087284909723,1.10253140121753,0.623114962157823,0.798757696192569,-0.328980489550464,0.250861852658434,0.329730692036724,0.215546801204338,0.109054324069812,56.9,41.8
"New Mexico",2012,35,0.64285714,0.51428571,0.384896660017597,0.30063936274179,0.0099349155621743,0.0099188799226946,1.10066302470123,0.614639373058679,0.899005862132414,-0.28649099962807,0.277515006974841,0.337271921383923,0.233790792866638,0.101728005588578,53,42.8
"New Mexico",2013,35,0.5952381,0.54285714,0.384214797653798,0.298664688861519,0.0110648847798146,0.0107773554929217,1.16363785188013,0.415142906275454,1.05041898085221,-0.342393504633243,0.244259360661604,0.387320966454475,0.274647400197506,0.123343510519324,53,42.8
"New Mexico",2014,35,0.5952381,0.52857143,0.381728467414792,0.297698071733849,0.0124378220177646,0.0122192620400131,1.18544896085133,0.417349301318962,1.18275020594348,-0.322173275883918,0.251727908574902,0.38062430730054,0.311174946128088,0.127516702494333,53,42.8
"New York",1946,36,0.2545455,0.2733333,0.398256505381678,0.312041681868603,0.0197708539870204,0.0188226829911831,1.77664485636695,1.44380776565221,0.46741225820858,0.286058585595798,0.391164676772366,0.222613077298236,0.140366538803346,0.0483194007917458,NA,NA
"New York",1947,36,0.2545455,0.2733333,0.398034595223493,0.312840620840281,0.0160232042622157,0.0156493744573907,1.76584145590039,1.39511572001599,0.545621921872304,0.29761845047989,0.361970484740301,0.22575245879385,0.138230041173615,0.0488627080857145,NA,NA
"New York",1948,36,0.4464286,0.42,0.398123106811796,0.313038512362571,0.0127218059637086,0.0128760065236529,1.75798787157354,1.36794612085481,0.250235455833769,0.346641936876975,0.377773376194367,0.246912083703825,0.11971006668925,0.0491281824788153,NA,NA
"New York",1949,36,0.4464286,0.42,0.409718648747836,0.323901804386395,0.0126723042436281,0.0120962105372949,1.74698738321571,1.49998412214577,0.231774669771856,0.283494816893959,0.383778567932003,0.224629166164003,0.124089921203994,0.0453532118469219,NA,NA
"New York",1950,36,0.4181818,0.42,0.419598367285033,0.327770648338999,0.0127495674482227,0.0120980763769532,1.72350523387107,1.42295402739344,0.264970102618947,0.279205484144466,0.367032368732995,0.219362114127305,0.128251021324414,0.0650792998838362,NA,NA
"New York",1951,36,0.4181818,0.42,0.422726682365584,0.336464878537664,0.0124515142037744,0.0117261784938618,1.76667183121321,1.3916079366017,0.0819281319646714,0.270218958421543,0.36946869496946,0.214555495076597,0.169605731987292,0.0872868779666523,NA,NA
"New York",1952,36,0.3392857,0.3466667,0.425903846832243,0.344779141256551,0.010405303568385,0.0097465993017323,1.72742366591417,1.43081095990497,0.0219264312933014,0.238362616903711,0.402659972191921,0.298864970174458,0.117373724048569,0.0689056642444575,NA,NA
"New York",1953,36,0.3392857,0.3466667,0.426909161260031,0.359485010525833,0.0087085028947425,0.0079992681248174,1.71280049954601,1.76219578376638,-0.170173131584059,0.142900316822139,0.376910640236632,0.329445165692833,0.123691870202272,0.0663788308917694,NA,NA
"New York",1954,36,0.4137931,0.4,0.431089975533897,0.367967937477851,0.0079152837153891,0.0078682542028761,1.70889102853531,1.72982120867617,-0.0242086260894326,0.209321179793627,0.366253618280972,0.318813569190364,0.101662659444144,0.0570540873893685,NA,NA
"New York",1955,36,0.4137931,0.4,0.418242405966352,0.383842403593679,0.0075910140059792,0.0075482101693859,1.65622288278379,1.73557598014826,0.100241452060835,0.203242584599657,0.372192353613423,0.3235230346419,0.124223631774843,0.052645961969549,NA,NA
"New York",1956,36,0.3448276,0.36,0.395427196280619,0.392448322229625,0.0071421331764389,0.0071680494723122,1.64956476194484,1.7313310000232,-0.0722122535289481,0.190682885909442,0.371459496533171,0.306877465842807,0.0999265388292425,0.0807502974854516,38.8,61.2
"New York",1957,36,0.3448276,0.36,0.387202677152637,0.385981246197977,0.0077361115478515,0.0075524844223629,1.60560071718375,1.90074232902147,-0.0571689963985568,0.288583515292035,0.392006568454201,0.321269530361019,0.104407735292635,0.0672999901210868,NA,NA
"New York",1958,36,0.4137931,0.3866667,0.403149238193173,0.370232030647392,0.0080594939129389,0.0080444094535517,1.56657706559708,2.11964997580101,-0.104991291818197,0.0240647298367308,0.390382237158467,0.319389654956635,0.0941818676726668,0.0884923355688699,NA,NA
"New York",1959,36,0.4137931,0.3866667,0.416582630302522,0.344471037043337,0.0089387856417178,0.0083823287487413,1.53113910975986,2.27300602422053,-0.0841838593742932,0.0972731916099107,0.385191823211341,0.33339797200618,0.0994712388918016,0.0748892671923111,NA,NA
"New York",1960,36,0.4310345,0.4466667,0.431788918758868,0.327424718494899,0.0087950587166182,0.0085252680132947,1.51810012359574,2.04556487534041,-0.0890109093674243,0.193017994439492,0.383521045655089,0.328786277304804,0.109520176130461,0.086571710079667,52.5,47.3
"New York",1961,36,0.4310345,0.4466667,0.446748296560303,0.309887104941918,0.0090159218633818,0.0077898922502838,1.44676712990473,1.60511731836421,-0.0945597479195425,0.339486179595625,0.388182414355951,0.308418970745236,0.107253020130177,0.0796273350108542,52.5,47.3
"New York",1962,36,0.4310345,0.4333333,0.450624893773864,0.305078262263465,0.0080011869744941,0.0078248911752894,1.41566361268716,1.7296772093371,-0.272447421131847,0.270029480264491,0.36682174910931,0.306780012746766,0.150662703706299,0.0780674775686576,52.5,47.3
"New York",1963,36,0.4310345,0.4333333,0.458208774558315,0.300034890660109,0.007644533067471,0.0070399108331577,1.47274517188004,1.80083990385584,-0.0179562155282698,0.544827326675787,0.383914645001657,0.297202422220159,0.131574192866809,0.0940543238019014,52.5,47.3
"New York",1964,36,0.5689655,0.5866666,0.468551338772648,0.29223412717704,0.0080038390314284,0.0076354394324391,1.42861142697951,1.82963377670031,-0.148509859826924,0.3752398581877,0.389352683049784,0.319620235288608,0.0941352842832231,0.0690011834158713,68.6,31.3
"New York",1965,36,0.4307692,0.5454546,0.466397752343405,0.285377796758762,0.0071355991558681,0.0062633360474615,1.50175419760787,1.75099585733776,-0.0426197271947561,0.22427700655436,0.373625517256963,0.314458288101667,0.0956056268489436,0.0832248761495511,68.6,31.3
"New York",1966,36,0.4561403,0.5333334,0.46033432854135,0.286202849899584,0.0065691892059991,0.0064063364245126,1.4079986673181,1.92169610705365,-0.0956063804268485,0.282739785664726,0.386981220411855,0.363436259225821,0.076340088873201,0.0886773326460543,68.6,31.3
"New York",1967,36,0.4561403,0.5333334,0.447626248407893,0.29420771316641,0.0070371326606726,0.0062588486415952,1.58025893337804,1.85166477125883,-0.171480830635393,0.135528612810292,0.353846090034046,0.339008089580475,0.101813471876093,0.0934023557900892,68.6,31.3
"New York",1968,36,0.4210526,0.48,0.43772846696527,0.296518998833735,0.007384059950802,0.0064281583147656,1.51962297084078,2.30464983927609,-0.28867836008893,0.296716075815936,0.347590107240556,0.390352624701106,0.0657464640426718,0.0793972438098342,49.8,44.3
"New York",1969,36,0.4210526,0.48,0.427962150924047,0.297510901047035,0.0075676507314414,0.0070451790641022,1.45105835414714,1.96544677309338,-0.024829493033727,0.479001749620321,0.36437444005399,0.349420938461912,0.105955119763303,0.10701419754366,49.8,44.3
"New York",1970,36,0.4385965,0.4733333,0.42181257406507,0.299684019365085,0.0079353121244177,0.0071716483119165,1.3039037558929,2.17365142527456,0.0514779981345109,0.480161959742137,0.350962195585615,0.380985312556162,0.131890371018024,0.136638582128121,49.8,44.3
"New York",1971,36,0.4385965,0.4733333,0.423976452212311,0.296638835716518,0.0078334768094675,0.0073996573068824,1.22663861225071,2.10411571957372,0.0782957447269521,0.256630343196427,0.331657706735061,0.365925164547574,0.127644421657102,0.129697599078546,49.8,44.3
"New York",1972,36,0.3833333,0.4466667,0.417466472629351,0.292465352358154,0.0077435120292212,0.0073893986814618,1.1806216833332,1.93455995545961,0.150301662951649,0.585992636873933,0.346933012667988,0.366054369401316,0.0968600333783234,0.118696674050901,41.2,58.5
"New York",1973,36,0.3833333,0.4466667,0.421932933616297,0.284468715311569,0.0078264283715838,0.0074180845558464,1.13594947663036,2.00455582131386,-0.0710577515609348,0.476697938000686,0.328490162240193,0.402708013463587,0.140787610750501,0.116539683050095,41.2,58.5
"New York",1974,36,0.4333333,0.58,0.432405715556028,0.277579072640789,0.0078839592273932,0.0073154304900397,1.14624004000451,2.09100626760359,0.0306276589029339,0.384178735064971,0.335284732118274,0.401110446939339,0.106817653194216,0.133928363102966,41.2,58.5
"New York",1975,36,0.4333333,0.58,0.438146592200493,0.27203163539721,0.0077807579904929,0.0070812353521742,1.1325932866563,1.8038190736353,0.0564082106916093,0.524937579288463,0.317964980438468,0.390163236702725,0.119118444198586,0.161025580462749,41.2,58.5
"New York",1976,36,0.4166667,0.6,0.435483956929279,0.266649191570115,0.0070554926515472,0.0063694702454104,1.09283009443086,1.93026573346229,0.029653271258428,0.467175238898151,0.340107927056402,0.380331413870282,0.111991098401323,0.153764527446682,51.9,47.5
"New York",1977,36,0.4166667,0.6,0.442878781574773,0.258596592995703,0.0064492655540922,0.0058047397242588,1.08103125806187,2.37814239901097,0.14431935711619,0.526360990739169,0.333380713846371,0.377137375469756,0.109225863363346,0.201636814613115,51.9,47.5
"New York",1978,36,0.4166667,0.5733333,0.447966170047809,0.254077405722879,0.0064567168909289,0.0054697656900722,1.05578872435826,2.19046660536735,0.124772092906663,0.333541296771635,0.328269251183215,0.37608319823322,0.114270483570805,0.136048705156995,51.9,47.5
"New York",1979,36,0.4166667,0.5733333,0.443128601626401,0.253036641410451,0.0061831393866444,0.0058977730257074,1.0370210980935,1.91548688715114,0.184915676535891,0.446833660840099,0.328137040603598,0.348221399783494,0.114729877937307,0.212517266916147,51.9,47.5
"New York",1980,36,0.4166667,0.5771812,0.436738161980504,0.258042328951051,0.0058840382093627,0.0054641171701814,0.984148296864043,1.77705221757632,0.0749102573202005,0.194955944429234,0.306550682525776,0.361533398583572,0.0994211899162482,0.144199845551204,44,46.7
"New York",1981,36,0.4166667,0.5771812,0.422280805280518,0.266299843482615,0.0060723867996655,0.0056509086141886,1.13859316155217,1.48512913997828,0.270261409378356,0.353325345252848,0.308642157124762,0.368480881418922,0.117612699104268,0.204390044600293,44,46.7
"New York",1982,36,0.4262295,0.6510067,0.416448887898509,0.271163341330509,0.0062470308404602,0.0061613938469313,1.12505339612259,1.58869158530424,0.272287158578371,0.308947599551188,0.286812720127799,0.338323128921748,0.119182867294591,0.177647535688152,44,46.7
"New York",1983,36,0.4262295,0.6510067,0.417670443742925,0.276304310716569,0.0064406428802549,0.0059605139725472,1.09790244727292,1.96763546737201,0.22921489157741,0.228404072009334,0.2935405495486,0.389263322970662,0.117359953095638,0.143091081263836,44,46.7
"New York",1984,36,0.4262295,0.6266667,0.404184950938926,0.280871986451816,0.0064159849723849,0.0059351490173837,1.05293219779297,2.04922747121166,0.245418379137797,0.225873986151539,0.299735730653805,0.384099993842752,0.104333752860415,0.14456121853576,45.8,53.8
"New York",1985,36,0.4262295,0.6266667,0.391303909569345,0.283692972266018,0.0065875806887778,0.0061602736294068,1.3359603361101,1.94300518987575,0.350601800551268,0.241866140258576,0.30645909912741,0.371942558183907,0.140216184829844,0.14853167945306,45.8,53.8
"New York",1986,36,0.4098361,0.6216216,0.378079505700221,0.282335927658939,0.0061948434337938,0.0062379346366134,1.28537259673101,1.94151957490447,0.383714425477932,0.342439742530092,0.296166816465457,0.391940393090874,0.138653067646857,0.148626474031836,45.8,53.8
"New York",1987,36,0.4098361,0.6216216,0.369208457033396,0.280573614813145,0.0057379679147613,0.0057547622256029,1.26567285783645,2.01777540266235,0.393432877543317,0.30364434439796,0.298486245753453,0.376097686227232,0.122177431861826,0.111389802694722,45.8,53.8
"New York",1988,36,0.442623,0.6133333,0.37009534650942,0.28498172797649,0.0062482643709868,0.0060446513964145,1.22586385898498,1.94326455967342,0.517750998481547,0.39582169012597,0.31258354134212,0.37185483974536,0.147086891724937,0.100914252755307,51.6,47.5
"New York",1989,36,0.442623,0.6133333,0.365327062620156,0.288461921035876,0.0060677844984081,0.0061589454277555,1.11985063311842,1.87066847487626,0.46653521146371,0.480355960156534,0.274897317470301,0.36269320163948,0.153167968582165,0.105536287811378,51.6,47.5
"New York",1990,36,0.4262295,0.6333333,0.36230733274943,0.290342942431391,0.006657984210993,0.0061564803333601,1.06944297956399,1.92641668097033,0.679829076665594,0.470646257556461,0.296631445672271,0.350221919547834,0.152278704872684,0.106357688152932,51.6,47.5
"New York",1991,36,0.4262295,0.6333333,0.365846031256006,0.290675311816062,0.0064086835937577,0.0061860036815621,1.04387725285778,1.90887737592161,0.719042100269965,0.437759718728588,0.295332269104234,0.36947681990361,0.178845271071804,0.101688981372625,51.6,47.5
"New York",1992,36,0.4262295,0.6733333,0.3765719596218,0.286770821772543,0.0061921121245769,0.0058067785673774,0.9922384998506,2.01769267281869,0.891719920248806,0.498850113602328,0.265027109373224,0.360571108045109,0.163896855950924,0.0803640953674589,49.7,33.9
"New York",1993,36,0.4262295,0.6733333,0.378003546079298,0.27882494076457,0.0062001207674512,0.0063315201701231,0.965665055996268,2.11669946056875,1.08209825697905,0.172699961539659,0.263954899760972,0.40409616558704,0.182761865354443,0.088770874253006,49.7,33.9
"New York",1994,36,0.4098361,0.6266667,0.379552770241225,0.279343536628249,0.0065481639447262,0.0063245113467997,0.967149604199418,2.33067410861777,0.91954772619306,0.147046403189699,0.284826217178162,0.415104881589629,0.145742564124415,0.121733422366946,49.7,33.9
"New York",1995,36,0.4098361,0.6266667,0.378804948038244,0.28151296013971,0.0063261945572775,0.006354081723739,0.931596232888981,2.44086115160809,1.17625474017146,0.0746374887432357,0.282782884109142,0.458040833935545,0.185998897918114,0.0965046155688783,49.7,33.9
"New York",1996,36,0.4262295,0.6333333,0.386919741263037,0.279772649451947,0.0060490171754591,0.0060798554860326,0.917357875720946,2.40164840866869,1.0616101727118,0.133129651228852,0.278861272876509,0.392818454167072,0.153854554750601,0.109854500650827,59.5,30.6
"New York",1997,36,0.4262295,0.6333333,0.393885544731488,0.275631622869488,0.0066165853948663,0.0063032542262053,0.931750745172085,2.27688039099727,1.08914312151135,0.162600113731048,0.270332030675164,0.406029359734106,0.1890800585016,0.128111367054058,59.5,30.6
"New York",1998,36,0.4262295,0.6533333,0.398283560344281,0.280375927495635,0.0066666532880228,0.0062164354647014,0.901737503735052,2.03740530512633,1.04274447627137,0.213851449876059,0.27856385685958,0.371499859001664,0.160816592221022,0.115867328217886,59.5,30.6
"New York",1999,36,0.4262295,0.6533333,0.404656247636561,0.278271258028916,0.006014787285971,0.0057072345782673,0.905806289729892,1.78559892588203,1.12230075053719,0.419422372792984,0.251028354442324,0.338996322461496,0.191125729903663,0.13863342339932,59.5,30.6
"New York",2000,36,0.4098361,0.66,0.419005049018433,0.274851773118141,0.0051108182616533,0.0049364755438008,1.43861308796096,2.03558504902895,1.16983185128351,0.152417849954038,0.182644756382924,0.396844128004698,0.160506658594783,0.100229893522407,60.2,35.2
"New York",2001,36,0.4098361,0.66,0.422237751263681,0.269465873694304,0.0060691167098193,0.0058194949096012,1.43649814310164,2.17091812613222,1.34341383742,0.320004241498333,0.194603299839887,0.385619794722658,0.200581039980007,0.160945682741906,60.2,35.2
"New York",2002,36,0.4032258,0.6866667,0.42345153024507,0.266692977884312,0.0063129149540859,0.0060893574774611,1.51010407401215,1.96603206033499,1.46347822461776,0.229735373266719,0.214778264188508,0.391080246165602,0.19333306491841,0.123352940152381,60.2,35.2
"New York",2003,36,0.4032258,0.6866667,0.43760989218511,0.256476041668347,0.0055677803427501,0.0053214547752082,1.6462824676308,2.07937667657739,1.42029986475635,0.651012998347852,0.245435668110694,0.375368018805048,0.173341809947575,0.156628036452741,60.2,35.2
"New York",2004,36,0.4516129,0.6933333,0.428771085882068,0.261806904262415,0.004924639300587,0.0045526056356852,1.64457927390911,2.05111423815102,1.23778781890567,0.364288545327075,0.246098816216002,0.339922982376357,0.14487010905067,0.109637348616206,58.4,40.1
"New York",2005,36,0.4516129,0.6933333,0.420479973009163,0.258640732477798,0.0059235322697356,0.0053270435031738,1.60546358534909,2.17971031637441,1.1206543970588,0.271518934729657,0.234312946521951,0.375299103397424,0.162320068451575,0.108044130065199,58.4,40.1
"New York",2006,36,0.4516129,0.7,0.418170678102851,0.257197452546857,0.0053984352017979,0.0049249433624383,1.61339683590375,2.16591949276929,1.14669140992896,0.29612740808708,0.208276986352725,0.362615262579908,0.144410171165328,0.0970627941307154,58.4,40.1
"New York",2007,36,0.4516129,0.7,0.426236376715203,0.249981200329624,0.0052829634058854,0.0047088239476455,1.64115061622863,2.15537078706613,1.37239454506183,0.212868521935783,0.219542576163906,0.375065558874782,0.16851702359613,0.108412101803909,58.4,40.1
"New York",2008,36,0.516129,0.7266667,0.446224098865329,0.243954534247312,0.0053057585050702,0.0045942526759001,1.62922423274775,3.13059663129361,1.46429365907124,0.165303113605476,0.212999009529472,0.4447310833064,0.182822195619671,0.0771913136318091,62.9,36
"New York",2009,36,0.516129,0.7266667,0.447212111977063,0.232621728599869,0.005537297286778,0.0046490132677695,1.6180684562158,2.95057310998535,1.3729144721545,0.0981897431875638,0.204541398754095,0.426089846715217,0.188247678480957,0.0725194843411072,62.9,36
"New York",2010,36,0.483871,0.66,0.45291256709646,0.234831535561445,0.0053209183753616,0.0044697950196936,1.60412996575585,3.03787050146613,1.61116558323576,-0.0206430900524752,0.190127609924406,0.447444723868861,0.182843712516725,0.0744809409299668,62.9,36
"New York",2011,36,0.48387097,0.66666667,0.455754898727856,0.224367527810969,0.0053965523432348,0.0047135298257173,1.6812430755223,3.06461983439055,1.70157810358085,0.0061119395824905,0.205032601990137,0.429383847869648,0.198280020179926,0.0796777148726988,62.9,36
"New York",2012,36,0.48387097,0.66,0.461663250236157,0.215962154061962,0.0050097489974466,0.004358164465,1.72001791879129,2.91931454664022,1.99192183857264,0.0316849000936936,0.204494681575414,0.417469118574504,0.228080824852008,0.0702031921697803,63.3,35.2
"New York",2013,36,0.53225806,0.71333333,0.457116124853185,0.21295939440325,0.0057783968921831,0.0049881454166054,1.7482910449292,2.82472005272554,2.16207087897606,-0.0818831260310223,0.211892048907728,0.560751341142705,0.270237039502188,0.0728477478414599,63.3,35.2
"New York",2014,36,0.50793651,0.66666667,0.466389185854418,0.208017929353147,0.0057413605058491,0.0049367952994927,1.74944308144467,2.84312899927322,2.51211302159864,0.101600038603586,0.215122516960882,0.633756775310152,0.364775278554019,0.0785530916133522,63.3,35.2
"North Carolina",1946,37,0.96,0.9,0.586087242245171,0.241252723998406,0.0266329800063759,0.0240946677190968,-0.261465283127274,-0.467828055019178,-0.576929102997207,-0.228841248683558,0.690721756618683,0.328900441822683,0.144409736117313,0.0837125612749581,NA,NA
"North Carolina",1947,37,0.96,0.9,0.587387226979955,0.241011477936133,0.0250321908642979,0.0226620660800912,0.0065965868377452,-0.788409221602101,-0.549337240835451,-0.0068290467185877,0.653866978708688,0.289183060321886,0.138380817268965,0.0899594452460876,NA,NA
"North Carolina",1948,37,0.96,0.9083334,0.588860768065633,0.240109344872043,0.022926723654646,0.0204860278637646,-0.0334350395930148,-0.830580985306133,-0.66382012029959,-0.0074503351468155,0.638102940347337,0.308537030816425,0.121189783780879,0.0793977654094391,NA,NA
"North Carolina",1949,37,0.96,0.9083334,0.589504070126297,0.240782682838146,0.0215331275686394,0.0188881035949889,-0.100734051644538,-0.763256059799128,-0.600884731202322,0.0123819310170148,0.631308119361178,0.323719400054746,0.157945676545852,0.0715578390211136,NA,NA
"North Carolina",1950,37,0.96,0.925,0.589885074646347,0.240645478506303,0.0209149174708469,0.0181086749387628,-0.0811734907061685,-0.712278396039875,-0.297541875788806,0.0026353635299147,0.682541430524143,0.297744173347146,0.153258308396906,0.0875079667828139,NA,NA
"North Carolina",1951,37,0.96,0.925,0.590713052462128,0.240793177646513,0.0185405903374239,0.0162700729877303,-0.0686302029038598,-0.693665928391909,-0.349383524505034,0.0306407111456185,0.652842873943254,0.29645115089078,0.204282038075052,0.109802254994497,NA,NA
"North Carolina",1952,37,0.96,0.8833333,0.59096147157702,0.241344740846555,0.0164375125350944,0.0143430931640122,-0.203395555154657,-0.701320695413523,-0.367538791555604,0.0833074253558716,0.697317037282363,0.290203173969526,0.14141642906701,0.0892869424973119,NA,NA
"North Carolina",1953,37,0.96,0.8833333,0.591948304775798,0.240196491562574,0.0142486341389278,0.0129351955586509,-0.176097791091344,-0.547994018900516,-0.346049264818691,0.0141334215351024,0.682142384542465,0.309178239253534,0.142427895739027,0.0868671322077548,NA,NA
"North Carolina",1954,37,0.98,0.9166667,0.591286592115046,0.243068219278612,0.0129741570028319,0.0119715958172299,-0.184857408675168,-0.617427770619744,-0.506645664057131,-0.0570643932080906,0.589475555656004,0.300904823550881,0.127706414540209,0.0852786484701647,NA,NA
"North Carolina",1955,37,0.98,0.9166667,0.581274800931934,0.251190697016296,0.0123102539310863,0.0112277480277206,-0.208790831733449,-0.701917128378002,-0.520154836056384,-0.0028753158603165,0.599701828277354,0.303486333010022,0.153070853558145,0.0771438926546423,NA,NA
"North Carolina",1956,37,0.94,0.8916667,0.573182842136892,0.25455782988757,0.0116162866117409,0.0099772236657246,-0.246090729234125,-0.668936562701596,-0.774204007396752,0.182981411372184,0.613630336906152,0.29325862448376,0.12453777616634,0.0942206732155881,50.7,49.3
"North Carolina",1957,37,0.94,0.8916667,0.57516906813252,0.249200332630288,0.0121471002749794,0.0106160869164316,-0.339205034086797,-0.729912653976876,-0.568667266714673,0.187052816778843,0.646877290619979,0.295964735660496,0.131484246798328,0.0963582137295873,NA,NA
"North Carolina",1958,37,0.98,0.9666666,0.581676565125429,0.245778129916954,0.0119398915400728,0.0104306293107006,-0.27486696847562,-0.631169944499133,-0.710882338684885,0.127525032298789,0.62021863429926,0.318874030059115,0.113143682766811,0.100923739986558,NA,NA
"North Carolina",1959,37,0.98,0.9666666,0.585970527093159,0.240784264487089,0.0117134931616689,0.0102152611539857,-0.335101242444087,-0.469727641818168,-0.645240332389402,0.119705485826989,0.635363691674983,0.293239043269372,0.112248860492261,0.0935808748764266,NA,NA
"North Carolina",1960,37,0.96,0.875,0.588057558260878,0.232930523712219,0.0119599264882968,0.0106860089852085,-0.325289076764828,-0.325461393844465,-0.667022833711246,0.142981108877611,0.646593964198309,0.287787081541058,0.130923045756436,0.129245302345984,52.1,47.9
"North Carolina",1961,37,0.96,0.875,0.591486472790452,0.223886416951949,0.0107657968455904,0.0095040232171583,-0.378572493270275,-0.37733102547386,-0.62987265635577,0.256532354308846,0.605658514272274,0.300062482100426,0.102165607734293,0.105616504342771,52.1,47.9
"North Carolina",1962,37,0.96,0.8416666,0.588857211238427,0.217947475944314,0.0103105905389099,0.0089731811589724,-0.421762242149891,-0.245671014696026,-0.682650624905345,0.11268528620755,0.604900253206523,0.279958726853346,0.166813330984284,0.101983571569281,52.1,47.9
"North Carolina",1963,37,0.96,0.8416666,0.584161593934428,0.213820828682202,0.0097829190466174,0.0084816084835109,-0.381791973478279,-0.293524686262556,-0.33150348402699,0.0076255054299708,0.59706061668902,0.29439237029357,0.137839266495174,0.100341506559091,52.1,47.9
"North Carolina",1964,37,0.98,0.8833333,0.586305919920288,0.207450589157047,0.0093003872899964,0.0081222470873663,-0.453143073842654,-0.356583906293712,-0.635947203829036,0.245281500413603,0.577744553814184,0.293271783876008,0.122893337611733,0.0742526750669391,56.2,43.8
"North Carolina",1965,37,0.98,0.8833333,0.579733829496632,0.207840895808424,0.0089503633200694,0.0077579634390195,-0.590660621154113,-0.390380155454864,-0.427522176989718,-0.0486745572223261,0.585824178802577,0.301291326489628,0.105370739280906,0.0936386434324395,56.2,43.8
"North Carolina",1966,37,0.86,0.7833334,0.570695094933956,0.210164141071651,0.0091701171884929,0.0076429627183949,-0.517410707272777,-0.509407126261147,-0.626797993269067,-0.0878413169047108,0.542390755989191,0.327641778604806,0.0961625179921444,0.109604898724711,56.2,43.8
"North Carolina",1967,37,0.86,0.7833334,0.561932578365518,0.213452269919317,0.0093068413545443,0.007526397454131,-0.622146730978937,-0.324633135800199,-0.34575201085374,-0.159240958048187,0.58021920553749,0.338993773776384,0.118075302058625,0.109842436818308,56.2,43.8
"North Carolina",1968,37,0.76,0.7583333,0.557427905482611,0.216434103327324,0.0088077997808393,0.0072587016602523,-0.621984159639886,-0.41894975181855,-0.435851416368439,0.108686366686883,0.56239557563215,0.334588889050028,0.0803916049401733,0.0856600015899656,29.2,39.5
"North Carolina",1969,37,0.76,0.7583333,0.542740742599094,0.221078534780003,0.0094455855232347,0.0080673873737157,-0.717353850646237,-0.560741241877901,-0.394823109167418,0.173906767051681,0.529773911979673,0.335894312854471,0.130814612512183,0.125219173226247,29.2,39.5
"North Carolina",1970,37,0.86,0.8,0.538320183013588,0.22417560353272,0.0104176414666898,0.0087492264811534,-0.823599976135128,-0.628912966498228,-0.375826031791985,0.170250739544594,0.509865122875312,0.357003750110259,0.143826666742289,0.163405306577192,29.2,39.5
"North Carolina",1971,37,0.86,0.8,0.534800954100099,0.226050349489172,0.010037299818584,0.0081647233109162,-0.985799816480732,-0.608511223442832,-0.28604594671162,0.324162476295887,0.521215675978021,0.329890933057805,0.136099481893204,0.134697275628569,29.2,39.5
"North Carolina",1972,37,0.7,0.7083333,0.532583057928281,0.225103869305975,0.0100052184388839,0.0081681063598531,-1.183232908319,-0.690446736864533,-0.433244308331653,0.260069431936726,0.498331890263748,0.325365255337767,0.112543293101137,0.12523837634299,28.9,69.5
"North Carolina",1973,37,0.7,0.7083333,0.534623003404477,0.223634867864751,0.0104012309322076,0.0085514110057841,-0.988858319031512,-0.685841954169919,-0.43074355986305,0.248045632650964,0.508949976654569,0.366563276673851,0.142283412330309,0.114285876096598,28.9,69.5
"North Carolina",1974,37,0.98,0.925,0.536496173514868,0.221844237342226,0.0106078548327322,0.0087492353385635,-0.911301611295799,-0.62978819367827,-0.402289342301699,0.235291687315148,0.480873551217665,0.337953212053378,0.122523120188711,0.112011760193549,28.9,69.5
"North Carolina",1975,37,0.98,0.925,0.535766526093794,0.219879277935379,0.0104165816173059,0.008663181588791,-0.91566037792213,-0.799177726926456,-0.480942947330755,0.239775326224591,0.514869389104281,0.347094934810324,0.131495318905165,0.135646450696693,28.9,69.5
"North Carolina",1976,37,0.92,0.95,0.53630728211171,0.220499056892625,0.009880616718953,0.008183192150143,-0.940018441781649,-0.845441245139271,-0.42334846003296,0.0746096920420362,0.483721835523266,0.359158670307834,0.11729191750936,0.136727687470794,55.3,44.2
"North Carolina",1977,37,0.92,0.95,0.541453047284848,0.217625066104102,0.0091463243487281,0.0076153738877248,-0.902897398475958,-0.570419646664236,-0.531579336188911,-0.144975889609649,0.436669482354821,0.30834396412899,0.120582835519971,0.159250106531195,55.3,44.2
"North Carolina",1978,37,0.9,0.875,0.547112517854332,0.214454079909207,0.0084925182316633,0.0069089763729078,-0.948340555676327,-0.62786495156094,-0.723873060388899,-0.124997263649303,0.484074014212355,0.330206386074053,0.134178163780344,0.155648190899096,55.3,44.2
"North Carolina",1979,37,0.9,0.875,0.542416514488569,0.216884675936364,0.0083787026414262,0.0068900051004037,-0.974615177073268,-0.664066110816722,-0.584143322410857,-0.0901874041292801,0.480121479164293,0.318220953620061,0.124189184852193,0.200706817535946,55.3,44.2
"North Carolina",1980,37,0.8,0.8,0.536332885748496,0.222719733607934,0.0084399271834616,0.0069033720367633,-1.00905037186627,-0.74213189973724,-0.710282417718103,-0.107497247895688,0.499658464147906,0.312100292785292,0.123419290327847,0.164081752488093,47.2,49.3
"North Carolina",1981,37,0.8,0.8,0.526370499011016,0.230885672344655,0.0084387478086097,0.0074105240477583,-0.481954913316214,-0.810136057625164,-0.406067941376259,-0.169632423547702,0.373651502824656,0.353700337128142,0.123845619932304,0.212210891051102,47.2,49.3
"North Carolina",1982,37,0.88,0.85,0.514230484730329,0.241391307584747,0.0082948949255861,0.0075482242255684,-0.489883967874711,-0.836016254724092,-0.40462417715778,-0.119924454657325,0.366077307801909,0.339532021306659,0.132150950008792,0.16492812317636,47.2,49.3
"North Carolina",1983,37,0.88,0.85,0.503260272334559,0.249132609660689,0.008053661813478,0.0075741308624354,-0.507043088980449,-0.757772940087447,-0.243010676124311,-0.293045478910715,0.368808947917585,0.345714748696925,0.132728830762974,0.163078387519672,47.2,49.3
"North Carolina",1984,37,0.76,0.6833333,0.492386647834324,0.259443208215187,0.008230723946766,0.0077127656491062,-0.443253029698272,-0.844730879873317,-0.371948131364978,-0.0892892363295974,0.369278010677498,0.348258298478898,0.116061985230997,0.191977086355639,37.9,61.9
"North Carolina",1985,37,0.76,0.6833333,0.478554737498357,0.269279125524704,0.0080217419603286,0.0075881631438669,-0.458036793798878,-0.74619578189019,-0.223934408952565,-0.140918725779418,0.354088106511542,0.331767378732373,0.14510058563282,0.17733882491245,37.9,61.9
"North Carolina",1986,37,0.8,0.7,0.464391887230705,0.275155561543822,0.0079096928450913,0.0073034792479797,-0.505568239913555,-0.753467283699691,-0.184004641528479,-0.0649594713078135,0.373061559797662,0.336219220315436,0.158758239046434,0.173903945477972,37.9,61.9
"North Carolina",1987,37,0.8,0.7,0.452088653228865,0.281849312137486,0.0079901526598521,0.0072352342800742,-0.59234713733155,-0.665868519317984,-0.179878662350227,-0.0937424119056319,0.354431014526309,0.328951242457197,0.129669711145065,0.117333737254764,37.9,61.9
"North Carolina",1988,37,0.74,0.6166667,0.442893946061878,0.28770835891218,0.0081861686552954,0.0071211049149372,-0.639394966495207,-0.435509314008589,-0.23059686426364,0.0710349239629467,0.347886945750085,0.314995502850981,0.152417213957308,0.120851108677567,41.7,58
"North Carolina",1989,37,0.74,0.6166667,0.434036058361002,0.291206796414002,0.0080562699710924,0.0074948325009241,-0.633348541037498,-0.525582588484671,-0.0313197894732233,0.118290905420434,0.35540757832432,0.328090276439634,0.158018361022262,0.104590678465781,41.7,58
"North Carolina",1990,37,0.72,0.675,0.429635112713295,0.29414221865666,0.0079494577170481,0.0076092352847988,-0.631778122422597,-0.512184099959636,-0.0653237241983339,0.156911081805279,0.359743865674099,0.303140978649305,0.161590454066178,0.112012292761952,41.7,58
"North Carolina",1991,37,0.72,0.675,0.424948321775914,0.299328284197993,0.0075037265835198,0.0074493114378369,-0.65634279915173,-0.59269725876231,0.0431870745376176,0.159668042830992,0.337952419219665,0.353154438364673,0.172846994825726,0.0975523903554313,41.7,58
"North Carolina",1992,37,0.78,0.65,0.420074637782326,0.30641749635497,0.0071521873939648,0.0071904306749901,-0.626197286846944,-0.606390592892871,-0.0333984737139611,0.0961215086641575,0.353695334563943,0.32492214959415,0.161121977881384,0.0937922483829529,42.7,43.4
"North Carolina",1993,37,0.78,0.65,0.410655907694473,0.311634153485786,0.0075369187969729,0.0076326607639834,-0.654718811961782,-0.64166351590302,0.124186832060518,0.0340667294468202,0.336203997215811,0.371423367207167,0.174793681238898,0.0972524793691759,42.7,43.4
"North Carolina",1994,37,0.52,0.4333333,0.405799784022869,0.318455347724855,0.0075323576734912,0.0074617008069587,-0.648550522467332,-0.674789159693209,-0.0800922529953944,-0.201619727687463,0.338712248366719,0.381646632716007,0.146256053208636,0.135081286908931,42.7,43.4
"North Carolina",1995,37,0.52,0.4333333,0.400004721358239,0.323417465271116,0.0074915093286893,0.0072077284285864,-1.30327516516977,-0.737249062677027,0.0776287928787612,-0.260296872561167,0.416592471588166,0.355011702451678,0.181920703099154,0.10324474355211,42.7,43.4
"North Carolina",1996,37,0.6,0.4916667,0.400201504639685,0.323814336946746,0.0071881718624559,0.0069744496554245,-0.791223969070885,-0.771903727691625,0.223745166090175,-0.158811501259861,0.350646488825532,0.37622666627269,0.140203443281109,0.13432659306733,44,48.7
"North Carolina",1997,37,0.6,0.4916667,0.402917266013781,0.321871501264956,0.0072054799801696,0.0072460372309892,-0.889427851205193,-0.531544391852243,0.220232523180973,-0.128036636160157,0.351102434435595,0.384100834118748,0.180163719654972,0.119505843746264,44,48.7
"North Carolina",1998,37,0.7,0.55,0.403832240226315,0.324359709813748,0.0068471900240537,0.0068323021392568,-0.783553866010124,-0.492625320360141,0.194154843378283,-0.13774703253237,0.327417654496305,0.369190324807807,0.148081277001375,0.135778943736111,44,48.7
"North Carolina",1999,37,0.7,0.55,0.401144577597903,0.327303744273758,0.0066796117556759,0.0066184879587486,-0.838067755385666,-0.311254480943437,0.211829517541422,0.0457841875273133,0.337894525977043,0.349484525433759,0.186630286856849,0.138055057306057,44,48.7
"North Carolina",2000,37,0.7,0.5166667,0.398510667786759,0.334221210792374,0.0060480321103661,0.0058765180981946,-0.846069103751722,-0.489017604477354,0.210223189888019,-0.103174319002239,0.322957421980962,0.364567687023573,0.152579639966175,0.0954986657174298,43.2,56
"North Carolina",2001,37,0.7,0.5166667,0.397486457373761,0.334234509286301,0.0069075630647809,0.0065603444782004,-0.975993260474418,-0.3516628856147,0.208787535525997,-0.0868085023995161,0.364163796553834,0.353193252825488,0.185831857071309,0.146774272881351,43.2,56
"North Carolina",2002,37,0.56,0.5,0.396096077931969,0.337603689705656,0.0069590316805152,0.0067354109596712,-0.962818323670716,-0.471996609604231,0.200585688794821,-0.0708398676096432,0.346022859269225,0.367982695918158,0.173250279486828,0.129489951405906,43.2,56
"North Carolina",2003,37,0.56,0.5,0.396251284637837,0.337570646300283,0.0066407293112276,0.0066046554620772,-0.940628447362983,-0.471109715200936,0.11370462813498,-0.0185435561032835,0.379107698238626,0.354856178810085,0.147237700310611,0.148315003663809,43.2,56
"North Carolina",2004,37,0.58,0.525,0.400806219994064,0.333413100265876,0.0057506573328898,0.0060860293541479,-0.933090827994288,-0.521070198422462,0.0887361933502344,0.0496518468199265,0.362068862505829,0.370692716716036,0.112636560328692,0.102572724405328,43.6,56
"North Carolina",2005,37,0.58,0.525,0.399812561344361,0.328591372846169,0.005552379542157,0.0061198543457069,-0.925312957867333,-0.572963053216724,0.140983275226721,-0.156451668951702,0.350499660324507,0.339965617982954,0.117133884313572,0.108515814456969,43.6,56
"North Carolina",2006,37,0.62,0.5666667,0.399647504256267,0.319186541436101,0.0051627446605586,0.0058420375585553,-0.779827949760689,-0.627491701194051,0.179700704072051,0.0170494268854676,0.331476550994382,0.349638152594146,0.105005881450528,0.0910708445258546,43.6,56
"North Carolina",2007,37,0.62,0.5666667,0.397734364052121,0.309843410735052,0.0053009825641584,0.0056526195908016,-0.798064565440901,-0.509829481441178,0.266078786164698,-0.0017136127463225,0.32752911864417,0.322195591547906,0.121372965381882,0.0990016625754897,43.6,56
"North Carolina",2008,37,0.6,0.5666667,0.399202368623647,0.303872826953447,0.0054733210762488,0.0052860186390437,-0.851646741322057,-0.401246915809456,0.296319500615285,0.0453592250241461,0.307169116350297,0.34369469073533,0.134934756914404,0.0834875984472429,49.7,49.4
"North Carolina",2009,37,0.6,0.5666667,0.396509850063176,0.29248665908082,0.0053110066023134,0.005237586863592,-0.861140220191382,-0.340699029200606,0.105613121184814,-0.194031813376881,0.314650687960586,0.340792926070272,0.14869377548708,0.0745147284436703,49.7,49.4
"North Carolina",2010,37,0.38,0.4369748,0.39515865938611,0.287762589970127,0.0050294928889812,0.0051545172387673,-0.820450840342439,-0.362533086146709,0.580682373196434,-0.193150381505896,0.305242849203839,0.354659608763363,0.163181511719216,0.0798485305070903,49.7,49.4
"North Carolina",2011,37,0.38,0.43333333,0.388633142142329,0.282483226579089,0.0057036199928394,0.0056312408682798,-1.05526539244061,-0.380779533117978,0.522136940792747,-0.240935937195317,0.337222361657504,0.360306828191917,0.181058890706403,0.0856086236967904,49.7,49.4
"North Carolina",2012,37,0.38,0.43333333,0.386694686543868,0.279852677511474,0.0054064332735844,0.0051687273810639,-1.11047780439597,-0.394262322678119,0.644810716947286,-0.256994770314418,0.356137551077004,0.362874322008686,0.167009841429069,0.0846277984664437,48.4,50.4
"North Carolina",2013,37,0.36,0.35833333,0.380954819377868,0.275259762902193,0.0056478312613171,0.0059023604787709,-1.10801116626687,-0.571468290950966,0.671432598444707,-0.347202139962025,0.332100994573769,0.436571752643256,0.209194201354812,0.0964681736678734,48.4,50.4
"North Carolina",2014,37,0.34,0.35833333,0.378780775342055,0.2766944641408,0.0058203084171756,0.0062520221782609,-1.10619718318071,-0.572417791800056,0.769678416012835,-0.404191396485147,0.357229905942549,0.416298035885677,0.244847456637102,0.0971291880412018,48.4,50.4
"North Dakota",1946,38,0.0612245,0.0176991,0.34101850977196,0.381420437532785,0.0316975160614396,0.0339322599928732,0.0993647106599516,-0.0207868236629895,-0.24298802443893,0.065791699308825,0.570038054637344,0.29798587049799,0.156796501076515,0.103684153780404,NA,NA
"North Dakota",1947,38,0.0612245,0.0176991,0.341806231311414,0.381970668726384,0.0308463599418733,0.0319829191176629,0.0768674079464669,0.0270945242188036,-0.280671035342922,0.113623416149907,0.584996647614384,0.30553451232226,0.149535771367687,0.0963983116183073,NA,NA
"North Dakota",1948,38,0.0408163,0.0176991,0.341521480018565,0.382932873604227,0.0295969171392452,0.0306224138671852,0.0699438787837951,-0.155001154544014,-0.405958226574447,0.0509433049215215,0.615780068235984,0.305138162712648,0.126587611592881,0.0883902861663837,NA,NA
"North Dakota",1949,38,0.0408163,0.0176991,0.345716633515078,0.383358965678412,0.0290536137435092,0.0298920847117117,0.0543438802828727,-0.0510676610759425,-0.420955944457233,-0.109624474346504,0.588862820084754,0.297816603475738,0.173193651691068,0.100924347946088,NA,NA
"North Dakota",1950,38,0.0408163,0.0088496,0.348544898543732,0.384829859312144,0.0280073925392045,0.0284240085428664,-0.0499840772506863,-0.0035110476574201,-0.250279352066518,-0.139606257426711,0.598687232428805,0.296720527078931,0.184411252555812,0.120459787085677,NA,NA
"North Dakota",1951,38,0.0408163,0.0088496,0.351299165154869,0.38606008903005,0.0263087994166765,0.0269988072254365,-0.0523198058791093,-0.124324114733483,-0.381528615452204,-0.0183268299139236,0.580661362995628,0.285878615650408,0.225898206456159,0.13368630958613,NA,NA
"North Dakota",1952,38,0.0408163,0.0088496,0.354431361585953,0.386401052769442,0.0237664663049533,0.0248825052735468,-0.0500020407402616,-0.0497162945035487,-0.351773816720408,0.0116843405517026,0.618233148080053,0.289285392932482,0.200236428075232,0.117091019653781,NA,NA
"North Dakota",1953,38,0.0408163,0.0088496,0.356411612920373,0.389214847811969,0.0225891622642366,0.0227331842813999,-0.0859603180425457,-0.132279951056545,-0.40168155149136,-0.0379739765739887,0.56337375840573,0.311485695589433,0.185509406693536,0.116338894127225,NA,NA
"North Dakota",1954,38,0.0612245,0.0176991,0.361148045458515,0.387672865397491,0.0222352007667266,0.0215017481340895,-0.0940328272478028,-0.0048518168729492,-0.353128685157114,0.0131716784192742,0.5536523752835,0.283097202751903,0.164372289546883,0.135434620970792,NA,NA
"North Dakota",1955,38,0.0612245,0.0176991,0.367176078521285,0.384874468610042,0.0211927100686968,0.020657808623832,-0.101021939054331,-0.0057858629805635,-0.104939253375354,0.223744833684502,0.53814338749597,0.307776077807661,0.151145753324393,0.09708073447133,NA,NA
"North Dakota",1956,38,0.1836735,0.1681416,0.371260752855131,0.381707658621715,0.0204065970529655,0.020098387989075,-0.146193733404808,0.011037613913778,-0.180106961059963,-0.001121741127285,0.578889831970403,0.311658372104567,0.128614320540448,0.120804830594214,38.1,61.7
"North Dakota",1957,38,0.1836735,0.1681416,0.374217666880699,0.377102481095777,0.0199308240695919,0.0193679080433848,-0.142165420554249,0.0316954425618895,-0.110165073183201,0.0743876287257089,0.592143008087873,0.305481371755785,0.156058599277144,0.106159377480402,NA,NA
"North Dakota",1958,38,0.3061225,0.4336283,0.376359873556971,0.373518688233248,0.0203486923738341,0.019880033087629,-0.165144033006921,-0.0013433850768077,-0.127315174539505,-0.0420384907478301,0.560396638745088,0.294031732312257,0.15340082342785,0.142549699184672,NA,NA
"North Dakota",1959,38,0.3061225,0.4336283,0.378707424544274,0.370671451613303,0.0206883458210247,0.0197557781159703,-0.208572615633513,0.0325343036808788,-0.282862781372482,-0.0310763569378034,0.55761325494353,0.309152455500327,0.154009699630638,0.154461884189765,NA,NA
"North Dakota",1960,38,0.4285714,0.380531,0.382317572070633,0.365923016234327,0.0209475218355627,0.0198984173869683,-0.222792383784068,-0.16908876354994,-0.146516609377655,0.158906033796946,0.60279578501435,0.300209997813726,0.178668299820539,0.16540917296504,44.5,55.4
"North Dakota",1961,38,0.4285714,0.380531,0.386346859343244,0.361314416482848,0.0201596987515414,0.0193174129809029,-0.427860656784155,0.0969637107417758,-0.221786454493032,0.190241725896567,0.560433750297856,0.274278456019668,0.171874732695279,0.135042439943868,44.5,55.4
"North Dakota",1962,38,0.244898,0.380531,0.390302926728001,0.355920712166028,0.0200990144719214,0.0180249325972254,-0.458877434132527,-0.181094925305736,-0.208009616580273,0.0225097612627641,0.573094443093756,0.280375835151665,0.183087050926071,0.141236269939727,44.5,55.4
"North Dakota",1963,38,0.244898,0.380531,0.39345687464807,0.35081596472481,0.0197201746037208,0.018105231385501,-0.533500097822961,-0.0530228226539465,-0.293346788720445,0.100579646978438,0.531536295795199,0.269294973382489,0.176336318472383,0.132047903447823,44.5,55.4
"North Dakota",1964,38,0.4081633,0.5963303,0.395006264992253,0.347654706649521,0.0191245143442173,0.0179733856255796,-0.539959568627392,-0.0167079928007216,-0.0958428807459832,0.186066117646561,0.531319359392223,0.286881632572748,0.117869830809062,0.0905664022848426,58,41.9
"North Dakota",1965,38,0.4081633,0.5963303,0.390008028741469,0.346480380770139,0.0191645283452853,0.0182640957531718,-0.11947276211888,0.201632244348395,-0.439046930936483,0.13852576359058,0.488093330972961,0.294492475343233,0.182160915931056,0.136020632318393,58,41.9
"North Dakota",1966,38,0.1020408,0.1530612,0.382416628625426,0.344385946883576,0.019769856801241,0.0194488071897449,-0.136031723865832,0.127637302609253,-0.296245046549694,0.0440638748404035,0.472489372182393,0.287283612889587,0.159774104246998,0.145883937505335,58,41.9
"North Dakota",1967,38,0.1020408,0.1530612,0.374812067432337,0.34226005480345,0.0202164887103621,0.0202621696194934,-0.223242251373759,-0.164163272307299,-0.393883666176811,0.0425983138783772,0.495607569090073,0.327552404010395,0.163854969775385,0.156546778558207,58,41.9
"North Dakota",1968,38,0.122449,0.1836735,0.36803435423198,0.33863233124255,0.0209375954311719,0.0203228831196871,-0.253481815064687,-0.251632646512899,-0.407243507740204,0.0616569869557603,0.481975702019048,0.313824955532541,0.146137912596071,0.163719892282081,38.2,55.9
"North Dakota",1969,38,0.122449,0.1836735,0.360098858303168,0.336620896964045,0.0208818982022155,0.0207046380617073,-0.368000986402482,-0.236252594543558,-0.394218427485304,0.190914921558282,0.476292060203685,0.336991482039015,0.182497233775104,0.205924556140621,38.2,55.9
"North Dakota",1970,38,0.2244898,0.4081633,0.352227902807038,0.334298636916303,0.0205386909927842,0.0201846393057888,-0.412045369115994,0.0193638825109135,-0.337474882666061,0.132213059057354,0.44668018827429,0.319194346630529,0.175800462188788,0.203422990971766,38.2,55.9
"North Dakota",1971,38,0.2244898,0.4081633,0.344702687689876,0.332935159870339,0.020213167462776,0.020099863028274,-0.514309085076299,-0.15203353307645,-0.328643324638069,0.0853152260591239,0.439912912728644,0.291399481432761,0.201109382634445,0.159504108728592,38.2,55.9
"North Dakota",1972,38,0.1960784,0.2254902,0.337221805994926,0.33114717931448,0.01949949278832,0.0194074674025241,-0.742800521759934,-0.230202831803695,-0.335526905373214,0.0222320830920843,0.427915561558913,0.31242843374898,0.179133954889195,0.1967755023574,35.8,62.1
"North Dakota",1973,38,0.1960784,0.2254902,0.33082450456154,0.328754537220927,0.0196007339817498,0.0186121013164154,-0.731927097973277,-0.430933640430185,-0.474510602054746,0.114717811124215,0.443710263490516,0.330350593585126,0.205680683306073,0.140055849223984,35.8,62.1
"North Dakota",1974,38,0.3333333,0.3921569,0.327004498061964,0.324939015235173,0.0198177141821496,0.0192015317795962,-0.755678715798603,-0.467494806801069,-0.431827359613742,-0.19468045737358,0.443772226708519,0.328176688033682,0.169762802938499,0.184558626204976,35.8,62.1
"North Dakota",1975,38,0.3333333,0.3921569,0.323152544374633,0.322269314840814,0.0191322671676682,0.0185744215510231,-0.183257386926075,-0.389086040542295,-0.560384977514087,-0.170023034999634,0.361208088659934,0.330014549167893,0.190144628296705,0.206374674985506,35.8,62.1
"North Dakota",1976,38,0.36,0.5,0.321580121687211,0.319223135286107,0.0181995536478962,0.0178640116512913,-0.181498154175749,-0.425189586341689,-0.495404176980311,-0.337891558391888,0.383872066281826,0.319553569471597,0.169046177272595,0.204013213029833,45.8,51.7
"North Dakota",1977,38,0.36,0.5,0.318680277925655,0.316067959948758,0.0177261336420006,0.0168836161619831,-0.253221963594242,-0.307405650278788,-0.548302469223201,-0.338010670393149,0.377946545301435,0.333526252130092,0.179516008889779,0.239826225556066,45.8,51.7
"North Dakota",1978,38,0.3,0.29,0.315673990088766,0.316304173005478,0.0169715518261999,0.0169823738144566,-0.245684761807351,-0.483711473661288,-0.599338328200597,-0.36713814100031,0.403467409247661,0.307783797257864,0.18744246578579,0.223294468396393,45.8,51.7
"North Dakota",1979,38,0.3,0.29,0.31108072582846,0.317350839957939,0.0164838988480217,0.0175157588374886,-0.282402154402064,-0.517531444125242,-0.409576611799297,-0.269269463611896,0.377330205092559,0.322298730941131,0.187099434145844,0.233875439385883,45.8,51.7
"North Dakota",1980,38,0.2,0.27,0.305170427742159,0.318057147710107,0.0162461079018331,0.0181633784889665,-0.248819411283602,-0.502503365426551,-0.575250182059175,-0.381460629310557,0.381271279789686,0.325540059848624,0.192447070416899,0.198538579814706,26.3,64.2
"North Dakota",1981,38,0.2,0.27,0.300718607753701,0.320164155051158,0.0160636164599042,0.0176754532747028,-0.282391448992822,-0.641472122377945,-0.416917403680005,-0.270067518710693,0.377438821463514,0.335824687939436,0.185816249111559,0.22513732366482,26.3,64.2
"North Dakota",1982,38,0.3962264,0.5188679,0.297010506648909,0.322099285506037,0.0159723716877666,0.0175757626618285,-0.267217260001167,-0.730830819058173,-0.408295461458809,-0.381894155560179,0.367489858776102,0.337777648847477,0.180507652438355,0.246103682171281,26.3,64.2
"North Dakota",1983,38,0.3962264,0.5188679,0.293486525086801,0.325023636984186,0.0162279518386085,0.0170565884584551,-0.0025913912696576,-0.466954429832365,-0.340631897448088,-0.319405764953302,0.371566569628455,0.31493586008206,0.175633427361557,0.21355354744779,26.3,64.2
"North Dakota",1984,38,0.4528302,0.3867925,0.290118437978287,0.327051702896089,0.0161039801784676,0.0164155588040109,-0.0244492552995907,-0.421208093567846,-0.355447023539473,-0.241456692930942,0.355754947346966,0.331286144439547,0.162491447633087,0.212698419419213,33.8,64.8
"North Dakota",1985,38,0.4528302,0.3867925,0.287056658059305,0.329645618045773,0.0157942563495552,0.0162676913776682,-0.283610494804329,-0.371707211231614,-0.368646811369942,-0.261695243329525,0.395822781109789,0.331341643367582,0.175433506619191,0.20419267452902,33.8,64.8
"North Dakota",1986,38,0.509434,0.4245283,0.283851341141379,0.331370643906355,0.0150668617814865,0.0150769681785968,-0.303285736748713,-0.486532619580256,-0.239344948152315,-0.238485464687701,0.384029940047385,0.335369205812164,0.192551322132244,0.188939513261996,33.8,64.8
"North Dakota",1987,38,0.509434,0.4245283,0.282506474557046,0.332006656967955,0.0148699923000316,0.0152147416682044,-0.379496876573832,-0.498208412041686,-0.240951379471516,-0.275299482562951,0.363759096207672,0.316429857223614,0.175302483517197,0.16302073646671,33.8,64.8
"North Dakota",1988,38,0.6037736,0.4245283,0.280934782056705,0.333227388706747,0.0142340655356062,0.0146824258746923,-0.433486946628992,-0.495383385471062,-0.276779421826041,-0.17526543779769,0.356263610222264,0.320568872606557,0.189383486080043,0.162061624383559,43,56
"North Dakota",1989,38,0.6037736,0.4245283,0.277760013957983,0.332701137439459,0.013907693083218,0.0151636393478057,0.0129540954183511,-0.429809652650696,-0.206339435833086,-0.0480833100159737,0.309386524830573,0.318759601264125,0.191805841845256,0.153996335568448,43,56
"North Dakota",1990,38,0.509434,0.4528302,0.275812371561592,0.331885419711959,0.0139372960982066,0.0151989966577043,-0.0400739406810737,-0.680288254727926,-0.140013269356385,-0.063352646675077,0.337936447864422,0.316387191134023,0.195950714399881,0.13785472602657,43,56
"North Dakota",1991,38,0.509434,0.4528302,0.274629578838172,0.330066503222612,0.0135427453896275,0.014671353401389,-0.05468008276643,-0.645522655582755,-0.0765143025675481,-0.0718508783361635,0.311936067347803,0.337992425637607,0.210864936489556,0.130873050212992,43,56
"North Dakota",1992,38,0.5102041,0.3367347,0.273559099430905,0.329652979404385,0.0132724277396645,0.0145409131733143,-0.0885339809837189,-0.705106414917847,-0.0399992387964999,-0.0723203970062671,0.299250593037634,0.337765490874845,0.20560689705226,0.129258913007184,32.2,44.2
"North Dakota",1993,38,0.5102041,0.3367347,0.27121748876738,0.329190183668754,0.0135758946496661,0.0141157126213328,-0.0942072167912068,-0.896790036079152,0.104092196902549,-0.378708245568914,0.331576822633679,0.394533790449003,0.210512604038226,0.133311670649251,32.2,44.2
"North Dakota",1994,38,0.4081633,0.2346939,0.269690422684281,0.330019851633619,0.0136000700382317,0.0145812524931742,-0.124750821208002,-0.850748503977348,0.0342015877568702,-0.439519937587913,0.337620240914208,0.41093481975365,0.193976009731432,0.200322168231359,32.2,44.2
"North Dakota",1995,38,0.4081633,0.2346939,0.269253271162561,0.333103347870263,0.0131896996735654,0.0150896779125977,-0.160221969181511,-1.00336293149149,0.101601173683567,-0.601272255235183,0.343378688870511,0.412685313209911,0.239891794681186,0.160359516725941,32.2,44.2
"North Dakota",1996,38,0.3877551,0.2653061,0.269380163708495,0.334228141927066,0.0137352917590952,0.0151132380491336,-0.131043782608639,-1.03093453133369,0.208475361810978,-0.415601378004898,0.315071059963855,0.378968157749371,0.180842557207293,0.193540755693081,40.1,46.9
"North Dakota",1997,38,0.3877551,0.2653061,0.269797110287973,0.336361721700815,0.013638114822497,0.0150814824771214,-0.138519976738137,-1.17678954344054,0.145509077334272,-0.486359032580175,0.334376597460831,0.446135917979929,0.213933920868826,0.182733754322765,40.1,46.9
"North Dakota",1998,38,0.3673469,0.3469388,0.270657922370631,0.337706070512774,0.0133931430442184,0.014827009075682,-0.144387407370663,-1.47242839689457,0.106006445785217,-0.430865475260936,0.31850593681146,0.403298150447499,0.178768275288391,0.160871797493612,40.1,46.9
"North Dakota",1999,38,0.3673469,0.3469388,0.272359518544174,0.338605769217958,0.0131978192475545,0.0143606315489416,-0.386614289464592,-1.46024114293842,0.0583308674845231,-0.337314636936253,0.309514282734924,0.391022246763851,0.209502648737325,0.19819521317684,40.1,46.9
"North Dakota",2000,38,0.3469388,0.2959184,0.273478816268504,0.339244820046569,0.0129721079463308,0.0136874193286404,-0.389158466194006,-1.60498415147446,0.0254427550306921,-0.404105900991133,0.31812163039945,0.429427920609306,0.195899652281206,0.138145119197993,33.1,60.7
"North Dakota",2001,38,0.3469388,0.2959184,0.27521904740495,0.341438355905409,0.0129435742119952,0.0135906906095155,-0.273524115741418,-1.57891628270608,0.019946228516705,-0.302508593139086,0.317692943995143,0.411340112988389,0.224024595378432,0.183692427957209,33.1,60.7
"North Dakota",2002,38,0.3404255,0.2978723,0.277059738816621,0.342495279209005,0.0129966656191337,0.0132760954646681,-0.259763056952,-1.5651280418674,0.0483883780111665,-0.353935706899028,0.322870944218688,0.441049890219758,0.217240111241809,0.156323083633024,33.1,60.7
"North Dakota",2003,38,0.3404255,0.2978723,0.27832612590223,0.34243672421078,0.0131075767301351,0.0129133599640496,-0.331384516871667,-1.42903093452752,-0.0245644345702125,-0.168028851623592,0.334848223106068,0.45120443352257,0.205366369681843,0.18033261195602,33.1,60.7
"North Dakota",2004,38,0.3191489,0.287234,0.279757180764677,0.340485563681264,0.0128424295006134,0.0131405204566693,-0.276778293540727,-1.56760498739789,0.0265283820284287,-0.243170012859984,0.323142723564144,0.433784624300604,0.188088501230991,0.142080725204242,35.5,62.9
"North Dakota",2005,38,0.3191489,0.287234,0.280972162774821,0.338295788793019,0.012289030990617,0.0128611813283863,-0.21723613386866,-1.63718357733316,0.0449855814770305,-0.281958966219019,0.313997507854472,0.446971648817437,0.169756738919659,0.148514142868278,35.5,62.9
"North Dakota",2006,38,0.4468085,0.3510638,0.28107453097917,0.335326986491398,0.0118574696609239,0.0128379315888845,-0.25889425117035,-1.5625420294758,0.152835838655238,-0.304128767684444,0.334787300902819,0.391887402612935,0.161997584620835,0.127731071993878,35.5,62.9
"North Dakota",2007,38,0.4468085,0.3510638,0.28051462346831,0.334750952455591,0.0122935640197563,0.0133296858672823,-0.274241563723704,-1.59468016489549,0.195519972067827,-0.22391814355043,0.323581500627712,0.399436421680533,0.187987988305889,0.135986626304935,35.5,62.9
"North Dakota",2008,38,0.4468085,0.3829787,0.278078686393682,0.336055077330558,0.0115611130617035,0.012935174717536,-0.305521595211379,-1.70477858232685,0.236981419809555,-0.329214960939954,0.308885165428041,0.436939655975506,0.212789191281188,0.127187374472767,44.5,53.2
"North Dakota",2009,38,0.4468085,0.3829787,0.279359414873897,0.333770321672793,0.0119000053462914,0.0131344507068494,-0.315924876007753,-1.52368511871144,0.0892882522328793,-0.466769168127915,0.318995190022762,0.414150575410806,0.230841719544988,0.124992459561198,44.5,53.2
"North Dakota",2010,38,0.2553191,0.2659574,0.280695079036708,0.33365593183581,0.0119020361298953,0.0135106876819309,-0.349591666120982,-1.71057437513866,0.421310846500357,-0.519180754505877,0.324128856422856,0.448295702250515,0.240478697776155,0.142827576470887,44.5,53.2
"North Dakota",2011,38,0.25531915,0.26595745,0.28096590342471,0.333159616281553,0.0130352410915468,0.0145558081078592,-0.411221190854688,-2.10027158341543,0.398028236345559,-0.519542523892515,0.32253521836292,0.462700748855994,0.245645752100959,0.133562700861513,44.5,53.2
"North Dakota",2012,38,0.25531915,0.26595745,0.281284040538237,0.335206452137158,0.0138877754830313,0.0149546519591386,-0.425907420315339,-2.04081758077224,0.487847351196191,-0.532267380067988,0.310455385256892,0.462753026802845,0.269023871085564,0.137827850108546,38.7,58.3
"North Dakota",2013,38,0.27659575,0.24468085,0.282027935849849,0.336569340102227,0.0153449121950404,0.0158943074848264,-0.261355023158378,-1.74223266908272,0.557970816503248,-0.606325417637935,0.321941717064867,0.533787845646214,0.311192528121431,0.162546637967583,38.7,58.3
"North Dakota",2014,38,0.29787234,0.24468085,0.283242992959056,0.336809387279477,0.0161942578234454,0.0169769247643198,-0.254922476493617,-2.1064403994631,0.626537281529628,-0.544908721591666,0.342554205121495,0.599093382962934,0.37881339415494,0.171534444446341,38.7,58.3
"Ohio",1946,39,0.1111111,0.1151079,0.395383692088153,0.353452681883429,0.021314834993779,0.0203061419836547,-0.405592465518343,0.709216828048151,-0.222048672989472,-0.0262931175725721,0.738699595822861,0.304706382192705,0.112159456838645,0.0589034408636121,NA,NA
"Ohio",1947,39,0.1111111,0.1151079,0.395757644167264,0.352912312088587,0.0196964517212244,0.0182808371977765,-0.47368648759408,0.496013965289212,-0.188888142499984,-0.0104658135445708,0.712960962558249,0.289754097769327,0.115745386314099,0.0567170242349467,NA,NA
"Ohio",1948,39,0.5757576,0.5111111,0.395952834003484,0.352465539227285,0.0160542027621636,0.0151476086460508,-0.519357797713871,0.5208302640046,-0.296180357038329,0.0564066382193025,0.759396643947806,0.297052171027166,0.1020939852985,0.0516960611243842,NA,NA
"Ohio",1949,39,0.5757576,0.5111111,0.40568336309313,0.346599318262752,0.0153457291045845,0.0143448090281413,-0.506943701978583,0.39468731243711,-0.328664195951492,0.0606181802309274,0.703603235854529,0.308204436594794,0.120889514671383,0.0489028906390665,NA,NA
"Ohio",1950,39,0.2121212,0.2686567,0.412856212994754,0.338881685633094,0.0154915053634497,0.0138961132466179,-0.618276715694395,0.36451561453498,-0.133407560963143,-0.0026898573739,0.740759430382378,0.293295639693406,0.122729055775653,0.074780421944358,NA,NA
"Ohio",1951,39,0.2121212,0.2686567,0.421469845619515,0.330728486884242,0.0148901517454001,0.0131378452786138,-0.577756313666693,0.307000250168363,-0.234976102656414,0.0030986065496309,0.723796065245207,0.281251820604782,0.181718721217848,0.0978812992726608,NA,NA
"Ohio",1952,39,0.3030303,0.25,0.429419145289712,0.322973780850328,0.0121428208274321,0.0107414720733327,-0.644730724663232,0.139534736731102,-0.320752512067851,-0.0864961500074857,0.726670174521856,0.292628882313108,0.112071848653932,0.0725956503209143,NA,NA
"Ohio",1953,39,0.3030303,0.25,0.429220917532435,0.327994925509191,0.0103060208182731,0.0094323084750029,-0.644307881387764,0.213373891147139,-0.240901735187977,0.0603576844348783,0.685308082956607,0.305308430110203,0.126461430256753,0.080884505617107,NA,NA
"Ohio",1954,39,0.3636364,0.3455882,0.426918068266821,0.33733482575101,0.0093636522566849,0.0087901410267598,-0.694863672595311,0.301606031387425,-0.334369841668192,0.0745129131049166,0.714940792561534,0.301604850297966,0.0986124970740796,0.0706444690091228,NA,NA
"Ohio",1955,39,0.3636364,0.3455882,0.418917058515844,0.337216305037491,0.0090975214265695,0.0084823957799153,-0.639261486855119,0.244684249975889,-0.0138484221900638,0.106346180184506,0.692523415308653,0.31297475619239,0.128603763145619,0.0598887670422085,NA,NA
"Ohio",1956,39,0.3529412,0.3021583,0.413596273093297,0.323559366739044,0.0092997585675561,0.0083734491635039,-0.626597867879199,0.201236531587956,-0.238229726838735,0.158586913205677,0.707549919328116,0.312586912963266,0.104130087015241,0.0824191762335721,38.9,61.1
"Ohio",1957,39,0.3529412,0.3021583,0.413833194058247,0.314450542907048,0.0089933904293484,0.0079022240587338,-0.712360222324641,0.130582861570206,-0.15267052628728,0.2577848924123,0.722387728772896,0.30786007450045,0.113866462643753,0.0687294644633678,NA,NA
"Ohio",1958,39,0.6060606,0.5611511,0.425677413635032,0.306158304703773,0.0090644125690135,0.0082170752112313,-0.701487020939459,0.164600898056848,-0.302502507367254,-0.076205765739015,0.714122155012842,0.291546718015147,0.0879739546175763,0.0944090836010924,NA,NA
"Ohio",1959,39,0.6060606,0.5611511,0.434118012219997,0.289880923162741,0.0092985567342073,0.0086239077242004,0.0553160052099262,0.239551053420373,-0.257234930082004,0.143792724630219,0.548875859460081,0.32108372125703,0.0988233280717156,0.0795011520626764,NA,NA
"Ohio",1960,39,0.4736842,0.3956835,0.439453304511007,0.283798925192844,0.0100094881791065,0.0090575091381865,0.0218912178757476,0.334756168371621,-0.319742904830194,0.216433050182379,0.573814203541869,0.288229811900899,0.111699977905434,0.105859331929752,46.7,53.3
"Ohio",1961,39,0.4736842,0.3956835,0.444209553854884,0.27873473222009,0.0091303964450104,0.0083383654682673,0.0605378369208148,0.48822748674141,-0.341287359854557,0.212922645854511,0.542836648246968,0.295953799929505,0.100636591758297,0.0862650977765898,46.7,53.3
"Ohio",1962,39,0.3939394,0.3576642,0.442331840956033,0.274948644752939,0.008782162338601,0.007673091194378,-0.0088205285674815,0.454710856047977,-0.365388970292553,0.128771616289208,0.556203513239609,0.289088994813014,0.151014935561843,0.080390770196549,46.7,53.3
"Ohio",1963,39,0.3939394,0.3576642,0.439594004478847,0.270712081266578,0.0088065888365224,0.0073695691870935,-0.0554077908780036,0.38304435299569,-0.201798066081526,0.320831449293647,0.54333026215341,0.303314402193341,0.132905561446308,0.0978230884392352,46.7,53.3
"Ohio",1964,39,0.5,0.4525547,0.440195321865314,0.2693913082018,0.0092163211030544,0.007826297750908,-0.0737951799583143,0.258948857344455,-0.327192151425803,0.166093189511202,0.569694866343559,0.299238034053538,0.0975842139518519,0.0699806408210956,62.9,37.1
"Ohio",1965,39,0.5,0.4525547,0.443284050580651,0.266275336897487,0.008404802214315,0.0074197141508626,-0.206701601469142,0.263337599842374,-0.266687871918498,0.249231500983677,0.485047551078623,0.29064740731808,0.0967210212597198,0.0909401613354746,62.9,37.1
"Ohio",1966,39,0.3939394,0.3737374,0.433652750865719,0.271120364113872,0.0085018893341215,0.0071237144823164,-0.249274683005705,0.211656398091439,-0.413948102929841,0.231817776062421,0.517399007215831,0.319459131928553,0.0825683776213834,0.0919007446045955,62.9,37.1
"Ohio",1967,39,0.3939394,0.3737374,0.431893565379757,0.273114725988322,0.0084996840962684,0.0073717691701944,-0.366846500856448,0.410025088097212,-0.344874796272857,0.130036604499757,0.551772017542211,0.337811391981091,0.106330323853216,0.0984221312077841,62.9,37.1
"Ohio",1968,39,0.3636364,0.3535354,0.433621943376515,0.269300655763095,0.0082158499336496,0.0069193529761642,-0.379395437759982,0.186003729552062,-0.336081281465198,0.21893829063103,0.478448778829543,0.33597912673684,0.0715852687376209,0.0793031398919282,42.9,45.2
"Ohio",1969,39,0.3636364,0.3535354,0.435938300599111,0.262169106046905,0.0088715112412663,0.0073609784914931,-0.523271692929712,0.148203620172943,-0.435701472157998,0.338716967577118,0.544322926803941,0.33405868546257,0.122371852100537,0.111210754866125,42.9,45.2
"Ohio",1970,39,0.3939394,0.4545455,0.439465842215158,0.26010154484006,0.0089380778819337,0.007548919497462,-0.607752532485414,0.0628376108613382,-0.292456836830894,0.348610970917474,0.523873928147521,0.313601023079678,0.139523202190193,0.162761358345792,42.9,45.2
"Ohio",1971,39,0.3939394,0.4545455,0.437789258017396,0.259029776675925,0.0089803657465919,0.0078125747718243,-0.718436043181348,0.271573814594719,-0.113916062431066,0.26946799094666,0.483343070576212,0.337931315366669,0.12078124875889,0.124696443387129,42.9,45.2
"Ohio",1972,39,0.4848485,0.5858586,0.43286061618409,0.255597044477263,0.0090495685356279,0.0074590732081329,-0.665992303651747,0.146925040828706,-0.180806221095848,0.305320193150086,0.495998837171352,0.326658221620394,0.10082321253829,0.130712744708347,38.1,59.6
"Ohio",1973,39,0.4848485,0.5858586,0.432417047814516,0.255537384690659,0.0091267756318947,0.0075599841800319,-1.05498583822346,0.189585275554149,-0.279744369590752,0.300506754836577,0.672541948011389,0.338358383888008,0.124064573675787,0.10392582508776,38.1,59.6
"Ohio",1974,39,0.6363636,0.5959596,0.434561755566349,0.254411450768231,0.0092938645246861,0.0079895283995976,0.197027450324021,0.177201617624146,-0.238982217957226,0.190771955660632,0.411753336549379,0.328198696599485,0.107027670363662,0.109985781577725,38.1,59.6
"Ohio",1975,39,0.6363636,0.5959596,0.434787000030209,0.250596280571748,0.0088912454873373,0.0077331132455401,0.224948169268568,0.221333922980785,-0.265714902561117,0.0707716727541788,0.433691939034017,0.348468877801746,0.11302709570999,0.127365736633477,38.1,59.6
"Ohio",1976,39,0.6363636,0.6262626,0.43748198349293,0.243857654336348,0.0080511941297515,0.0069073408024822,0.167496574794879,0.145454337100837,-0.234871641887309,0.0351587955306673,0.418858764871093,0.334224149907918,0.109987525847639,0.139341157817418,48.9,48.7
"Ohio",1977,39,0.6363636,0.6262626,0.443231331737976,0.239951363689433,0.0081331600395865,0.0068210338454022,0.13698519133748,-0.0142340211143757,-0.262126326484677,-0.0411898170923883,0.435540829647053,0.321117885249899,0.106599274299561,0.172920149740615,48.9,48.7
"Ohio",1978,39,0.5454546,0.6262626,0.442265123408738,0.244631221307359,0.0073863713205178,0.0064071528645116,0.101636305222555,0.0197096456353149,-0.346408399744806,-0.0441228719070138,0.417470012744678,0.326468832757879,0.11424354830758,0.161432526808001,48.9,48.7
"Ohio",1979,39,0.5454546,0.6262626,0.432616752431223,0.254146737070949,0.0074615729064678,0.0061878579808774,0.0559862032431554,0.0265337880028606,-0.120161434489611,-0.0331707269745917,0.394262642172364,0.307863678818372,0.113389820147744,0.198173907211851,48.9,48.7
"Ohio",1980,39,0.4545455,0.5656565,0.421749146014114,0.261959775291792,0.0070590264507265,0.006117093112743,0.0544543581851631,-0.0713711666783047,-0.237244042075875,-0.0379016085805402,0.436769119127933,0.320924322797427,0.104495092061747,0.163648346634862,40.9,51.5
"Ohio",1981,39,0.4545455,0.5656565,0.410801129098335,0.270200603743684,0.0066788808203361,0.0065285497960692,-0.0329451867324609,-0.132867113740483,-0.0678485710372915,0.0085126414930148,0.394879157966361,0.322964555390364,0.115045949376372,0.201319490634533,40.9,51.5
"Ohio",1982,39,0.5151515,0.6363636,0.407700359523078,0.272831805314336,0.0071668503687462,0.0068099220567531,-0.0147425388830342,-0.10515877347757,-0.197296271952833,-0.0967952313188758,0.409054689699148,0.334099257073894,0.124983651717998,0.186497491684318,40.9,51.5
"Ohio",1983,39,0.5151515,0.6363636,0.410624989690334,0.272380695528576,0.0075172448243105,0.0066139600603196,-0.0395866667043889,-0.0415913487470221,-0.148407211925148,-0.0443817196363124,0.412942735658075,0.324252932200322,0.11974171678705,0.169044592472313,40.9,51.5
"Ohio",1984,39,0.4545455,0.5959596,0.397762706857342,0.27503626421268,0.0075585053634689,0.0068401307190329,-0.0536032482197841,-0.0070884647326868,-0.126178443144747,0.0025566013346206,0.412303097168533,0.316796335257108,0.103399957135576,0.168215713522077,40.1,58.9
"Ohio",1985,39,0.4545455,0.5959596,0.386009931762625,0.281049691675111,0.0079423969448421,0.0070384982705305,-0.0636236739028721,0.344091805072443,-0.099337044410361,-0.121720001058012,0.395825904386944,0.315662096469713,0.144585401632122,0.173558421489654,40.1,58.9
"Ohio",1986,39,0.4545455,0.6060606,0.376298657152445,0.278021134660797,0.0073028623815487,0.0067990401527502,-0.0770645822022255,0.395629649219241,-0.0345078627649057,-0.0549113539601984,0.403840551101818,0.306393570538459,0.13540723773316,0.176351077484346,40.1,58.9
"Ohio",1987,39,0.4545455,0.6060606,0.374413799321544,0.278736998502358,0.0069283767043906,0.0065302089275885,-0.124786307201629,0.358780952070448,0.0867608708547327,0.0229664774902013,0.36654249129587,0.29991499180335,0.116735494428898,0.108580846793136,40.1,58.9
"Ohio",1988,39,0.4242424,0.5959596,0.371657271134741,0.282565341347914,0.0072414994947139,0.006509723937129,-0.146786867333173,0.45001026562953,-0.0787190926373263,0.0457353126821053,0.375060123096119,0.34260162792585,0.138427509045207,0.107250368422939,44.1,55
"Ohio",1989,39,0.4242424,0.5959596,0.362977676791011,0.284507168381259,0.0070585053531238,0.0067127691028533,-0.178920015166539,0.40815946922427,-0.0216499789018515,0.286490243697413,0.345974147912109,0.298409118866624,0.145170479590578,0.0973430803265756,44.1,55
"Ohio",1990,39,0.3636364,0.6161616,0.358477497945269,0.28420620656119,0.0073683093156676,0.0073422722008845,-0.333057223496753,0.319278757032437,0.0683426817491099,0.221527676163219,0.376596191622014,0.310074856836748,0.144427992003091,0.104491765097638,44.1,55
"Ohio",1991,39,0.3636364,0.6161616,0.35625648439317,0.287269476187785,0.0069852830494634,0.0067836892989381,-0.339551993617996,0.312210955632375,0.0952015446979569,0.238463514044082,0.370121092020964,0.323265454077634,0.174297461619543,0.100325924288972,44.1,55
"Ohio",1992,39,0.3939394,0.5353535,0.359179361917499,0.290967328241353,0.0074692144747785,0.0069078732691607,-0.296337233581675,0.274012976545243,0.184403399082285,0.283302250751488,0.331652683411457,0.344036631930514,0.157480917198808,0.0923158855431803,40.2,38.3
"Ohio",1993,39,0.3939394,0.5353535,0.358608648196452,0.288266941519092,0.00719458503934,0.0071891670236457,-0.345027175912501,0.379068256276245,0.309538556617817,-0.100518608162501,0.347528987214084,0.389337372566811,0.170487470993081,0.0969373240567684,40.2,38.3
"Ohio",1994,39,0.3939394,0.4285714,0.355709608377863,0.296255584184682,0.007204750126725,0.0070395561119716,-0.421355031375893,0.317372335999583,0.154673905209761,-0.0258885293056759,0.392246719874737,0.404562914311268,0.133048216516961,0.111340977568102,40.2,38.3
"Ohio",1995,39,0.3939394,0.4285714,0.353327933467903,0.300557632822268,0.0070130109228168,0.006930714444206,-0.433724130845228,0.28045014302091,0.245777005726079,-0.311675815187716,0.406492281087905,0.366127302658827,0.186733303180491,0.0969835091449596,40.2,38.3
"Ohio",1996,39,0.3636364,0.3939394,0.357012353421847,0.296872474906215,0.0070757233174019,0.0068830151860013,-0.434412088077415,0.199676164047436,0.257084542509967,-0.0966737533278092,0.370368094637543,0.381982545942411,0.128112625491622,0.130462478541737,47.4,41
"Ohio",1997,39,0.3636364,0.3939394,0.35461636763398,0.294030919558337,0.0068643345534263,0.0071861990311611,-0.433329141712875,-0.0009627913640571,0.294871766466636,-0.194160247085698,0.380910799298091,0.406733226870445,0.170575297697656,0.121410008031707,47.4,41
"Ohio",1998,39,0.3636364,0.4040404,0.35965572969384,0.300342462086562,0.0073633284265701,0.0066805457007756,-0.434502939871136,-0.230544035224666,0.273035519327917,-0.168191059680379,0.367518186340501,0.357376427290709,0.150180744736904,0.13543498911992,47.4,41
"Ohio",1999,39,0.3636364,0.4040404,0.360029800990228,0.303925919764912,0.0067149132672625,0.0063768073729335,-0.447235841052072,0.0492660795932082,0.261358516446841,-0.0054505701891019,0.374694751940852,0.337493536610733,0.17918904709383,0.135394178030234,47.4,41
"Ohio",2000,39,0.3636364,0.4040404,0.363156090664094,0.322735761144347,0.0056119110697255,0.0053004182220817,-0.431886997520268,0.269064759594528,0.268820112105764,-0.251927257643598,0.375804231909699,0.353600729327849,0.152842062951194,0.104425717633281,46.5,50
"Ohio",2001,39,0.3636364,0.4040404,0.361062008620264,0.323940560664313,0.0068146434466058,0.0062696790370922,-0.512958868438908,0.221742359519244,0.297450608632138,-0.0586773649759922,0.383848209121327,0.339564493819857,0.186421098465636,0.157218517203827,46.5,50
"Ohio",2002,39,0.3333333,0.3838384,0.360388462055165,0.324691092084208,0.0071580510027381,0.0068752804948843,-0.621753023569539,0.227790604327482,0.336945029076468,-0.201752011502057,0.356305292613636,0.341430439185033,0.164647138777066,0.147934139320992,46.5,50
"Ohio",2003,39,0.3333333,0.3838384,0.367755649628712,0.319835182401258,0.0065287429170081,0.0062317610015597,-0.687745648702695,0.316719351740654,0.28630950673289,0.0507164709764726,0.382051178884172,0.333181768441478,0.1483321451633,0.168481896880917,46.5,50
"Ohio",2004,39,0.3333333,0.4040404,0.37383132315627,0.314793440044883,0.0053265149371608,0.0056942778834452,-0.75263470274366,0.293760912699763,0.30538057389685,-0.0062492781896905,0.41193908602016,0.359919395789948,0.106698100550856,0.105595164576065,48.7,50.8
"Ohio",2005,39,0.3333333,0.4040404,0.376726156951565,0.306452887652552,0.0058207639400708,0.0061491874518697,-0.789066795790494,0.347948731170318,0.263940241861748,-0.0254575868832744,0.407157615231423,0.333006670400974,0.121459397011668,0.106610880060727,48.7,50.8
"Ohio",2006,39,0.3636364,0.4646465,0.380438950045022,0.302859433531377,0.0054208817007642,0.0052886947431889,-0.779313338413983,0.355864955799551,0.454343014940546,-0.0560818668277023,0.378048882533175,0.334345769289824,0.110989267299541,0.0909053300683458,48.7,50.8
"Ohio",2007,39,0.3636364,0.4646465,0.384463262565402,0.293752197594921,0.0054802624600898,0.005613358585569,-0.588425767663201,0.280235286749587,0.535896589928251,-0.0223142814542223,0.355460874061231,0.304533536482894,0.118919101285541,0.101552518261677,48.7,50.8
"Ohio",2008,39,0.3636364,0.5353535,0.395253549817041,0.288068641619975,0.0056993664163705,0.0055091052002557,-0.598455568332763,0.235212246332057,0.663851360053356,-0.0563595973803328,0.353707114465688,0.331489976831946,0.126441881944731,0.0856379979051781,51.4,46.8
"Ohio",2009,39,0.3636364,0.5353535,0.391940139480685,0.276142193942816,0.0057125708480809,0.0053075653760568,-0.273414705523213,0.282209895711852,0.488177926452629,-0.238943744859712,0.313775272850968,0.308196828811385,0.139549688679686,0.0790433384850073,51.4,46.8
"Ohio",2010,39,0.3030303,0.4040404,0.390066171021296,0.280799940440233,0.005024513460162,0.005113330207605,-0.301070992725203,0.333083829472742,0.787224163897672,-0.334094555457391,0.332435704241158,0.312034840780583,0.153819858276448,0.0876598537414008,51.4,46.8
"Ohio",2011,39,0.3030303,0.4040404,0.385772681927693,0.275867221036413,0.0054690702383531,0.0052297805464443,-0.3328682185572,0.277137608275881,0.766250447011881,-0.240493414877909,0.339967675670937,0.3116238329192,0.17038294731223,0.0824557062739733,51.4,46.8
"Ohio",2012,39,0.3030303,0.4040404,0.385426018653632,0.276090350601686,0.0052546374816751,0.0052047164122392,-0.383467504866021,0.237379365212346,0.995180024049046,-0.35197684065156,0.331073408885062,0.341753628993867,0.175861272082141,0.0850624962496391,50.6,47.6
"Ohio",2013,39,0.3030303,0.39393939,0.385198852925416,0.26846878390384,0.0060470624459555,0.005853186857801,-0.339819263194559,0.249499929093842,1.12270277921721,-0.395673384121938,0.316549977582963,0.408954204627953,0.21714729225199,0.110691199726804,50.6,47.6
"Ohio",2014,39,0.3030303,0.39393939,0.391912162505979,0.265536815919291,0.0066202382784371,0.006154806778912,-0.360876419455686,0.374683849637428,1.34812588692033,-0.38257913102233,0.346066308780418,0.383965258069655,0.253352802835258,0.0983346748361424,50.6,47.6
"Oklahoma",1946,40,0.8409091,0.8050848,0.59639191618756,0.254390805089121,0.0293118535382656,0.0264614155438698,-0.349171641502869,0.240245859443233,-0.397887071209249,-0.128896941852254,0.64957490674419,0.301750257016938,0.158911356815184,0.0857528940114173,NA,NA
"Oklahoma",1947,40,0.8409091,0.8050848,0.597595554200401,0.254151827481129,0.0277091377874639,0.0245966919689961,-0.368150888202454,-0.0458486004827932,-0.331716427611361,0.0167677854870351,0.693980930049602,0.307374323189787,0.14510796910346,0.0785184486261128,NA,NA
"Oklahoma",1948,40,0.8863636,0.8898305,0.598948273803862,0.253659159827342,0.0255265464690059,0.0230019289667941,-0.394999926700151,0.0808824654709999,-0.535522912804442,0.159439391221766,0.71445432435895,0.301193253617271,0.125384505065133,0.0783364554264761,NA,NA
"Oklahoma",1949,40,0.8863636,0.8898305,0.601505024343263,0.252901307350701,0.0237775200238811,0.0212062975068562,-0.421715967271461,0.0864749014064332,-0.650902087553295,0.0672000000462184,0.65371237894026,0.306373305995785,0.150086360695167,0.0748587808405448,NA,NA
"Oklahoma",1950,40,0.9090909,0.8389831,0.60304351287083,0.252219665989024,0.0220455678473976,0.0201036039828076,-0.49110942863377,0.0273046677663729,-0.510972495747989,-0.0477177700956839,0.67992815960255,0.306055114984681,0.156757355987972,0.0962295109660467,NA,NA
"Oklahoma",1951,40,0.9090909,0.8389831,0.605325855555633,0.250916848799756,0.0203287261347101,0.0185453117843725,-0.459825579852358,0.0928939792550766,-0.65460512857591,-0.0029391932552366,0.663510741449732,0.311806021643273,0.208769144766281,0.114952141174164,NA,NA
"Oklahoma",1952,40,0.8636364,0.8264463,0.607685427403043,0.249794167649334,0.0179479815556514,0.0164200309555648,-0.109921451279638,0.204684762583158,-0.508891015570645,-0.0200044853988658,0.651148146640297,0.30146871968356,0.148593742770276,0.0925184035201245,NA,NA
"Oklahoma",1953,40,0.8636364,0.8264463,0.604840285189776,0.24766623705657,0.0155669464753525,0.0139868387305475,-0.217018552250715,0.134385017646001,-0.281499603571933,-0.107351647387066,0.62820301113751,0.315343956685912,0.149350348785859,0.103928895101284,NA,NA
"Oklahoma",1954,40,0.8863636,0.8429752,0.606567682929404,0.249169777475021,0.0143082631147392,0.0127084228844968,-0.158501606267719,0.173900761498796,-0.48166427518313,0.017723866569871,0.658489125393404,0.309644523825889,0.116200994264004,0.0823730818317955,NA,NA
"Oklahoma",1955,40,0.8863636,0.8429752,0.607333087841051,0.24844943978845,0.013443578718025,0.0121751217361807,-0.236339141682738,0.258057988079407,-0.376617505942976,0.0520949477058759,0.70348486661866,0.291562389728241,0.12048872330997,0.0810299108571503,NA,NA
"Oklahoma",1956,40,0.8863636,0.8347107,0.608310120923352,0.247652881678298,0.0132415908969903,0.0115576924029613,-0.288678813922339,0.372816536976149,-0.400421228699514,0.053232502858884,0.639658521853861,0.295986047945037,0.115663122343889,0.111779029613305,44.9,55.1
"Oklahoma",1957,40,0.8863636,0.8347107,0.614778024921609,0.246377294614719,0.0130237951176889,0.0115651610504205,-0.247840470273185,0.623963733129691,-0.472551017100005,0.21308922176771,0.64993844509798,0.295265618408955,0.124784447711069,0.100234751583739,NA,NA
"Oklahoma",1958,40,0.9318182,0.9159664,0.620613080253648,0.242283790909492,0.0140859050523832,0.0122050039486301,-0.248870088003573,0.553683295532732,-0.51174465388415,0.0297849761496038,0.615243196333575,0.332959394558776,0.112142754906885,0.123894416983227,NA,NA
"Oklahoma",1959,40,0.9318182,0.9159664,0.622072345522551,0.23851259403538,0.0144011437093375,0.0123288945578458,-0.271902377203195,0.643487817078061,-0.467688476767069,0.0723962603595508,0.634484915091536,0.296530423218157,0.124789660332235,0.106325396530961,NA,NA
"Oklahoma",1960,40,0.9090909,0.8842975,0.621218443733782,0.234145740196563,0.014717107374241,0.0125038099048056,-0.320123702019912,0.559065377229548,-0.49897838915754,0.189223027701247,0.648636866973501,0.290487411568894,0.155658471348083,0.151610439525189,41,59
"Oklahoma",1961,40,0.9090909,0.8842975,0.617476259929987,0.232659965673905,0.0147618908195883,0.012830445906847,-0.316003771308313,0.52917958570497,-0.609231465792091,0.105541251688251,0.594443997666447,0.284213476991581,0.142178029299663,0.100585218110203,41,59
"Oklahoma",1962,40,0.8636364,0.7916667,0.615344455768349,0.230136210714374,0.015056057896463,0.0130783491247598,-0.35990216396992,0.818140104277828,-0.58537504910557,-0.0074556497659396,0.612559595557546,0.277407561759057,0.190026708332227,0.129671620650551,41,59
"Oklahoma",1963,40,0.8636364,0.7916667,0.611514809978115,0.227517398505735,0.0151432404105159,0.0130681011070304,-0.434747156361559,0.817604561864904,-0.361432660765082,0.0501334631852002,0.596289498785577,0.282276948251852,0.173710975130622,0.148828167818758,41,59
"Oklahoma",1964,40,0.8541667,0.7878788,0.608444589690659,0.22578683238028,0.0153031813198223,0.0126408446860304,-0.427892166948574,1.00394186796567,-0.470228576183974,-0.0440933423544133,0.625275160044027,0.301717934568209,0.130203197485125,0.0969899123706561,55.7,44.3
"Oklahoma",1965,40,0.8541667,0.7878788,0.606466435247176,0.219008295078633,0.0153466408673185,0.0130454721367673,0.0423790654091309,0.812103175149959,-0.470379204096727,0.0528922037058316,0.477706086150151,0.286483034937821,0.160286534155031,0.132795096391732,55.7,44.3
"Oklahoma",1966,40,0.7916667,0.7474747,0.603543789054141,0.216585847239329,0.015481443294829,0.0133351730843198,-0.0019335207264815,0.691018556171064,-0.432864918303585,-0.0690702845675592,0.502605706868093,0.327060493479053,0.127454472253496,0.136741456018577,55.7,44.3
"Oklahoma",1967,40,0.7916667,0.7474747,0.600311632869932,0.215856075705839,0.0159340398963294,0.0131856410696224,-0.042040596886893,0.847444243528918,-0.436545047511828,-0.136911533820834,0.480503684780236,0.34476981941848,0.166612948975816,0.142537543862188,55.7,44.3
"Oklahoma",1968,40,0.7916667,0.7676768,0.597196806635066,0.215590848455157,0.0158566446534215,0.0130341740860059,0.412906853851322,0.556033562427815,-0.511473878331942,-0.0624559606377458,0.404578604021207,0.334426468406375,0.117841222955284,0.131444866926079,32,47.7
"Oklahoma",1969,40,0.7916667,0.7676768,0.59536844668856,0.215800086330075,0.0159699421992479,0.013123627634956,0.28589550925477,0.246238481350503,-0.378459038520248,0.137873265563515,0.417019104076357,0.323587723833364,0.17053409286122,0.144588455550892,32,47.7
"Oklahoma",1970,40,0.8125,0.7878788,0.591905294946946,0.21658690671156,0.0161756495425793,0.0130628054139434,0.211720764728464,0.307437273703723,-0.313363587416184,0.205412879738517,0.428129153410103,0.32534411307164,0.163148022597683,0.19401074162937,32,47.7
"Oklahoma",1971,40,0.8125,0.7878788,0.588403494983164,0.219992824731866,0.0155346290545328,0.0129390178561759,0.0851534736091267,0.0973005634474203,-0.274657623972917,0.260872994040005,0.430098362622362,0.320761641674742,0.164790643754039,0.160096921955357,32,47.7
"Oklahoma",1972,40,0.7916667,0.7425743,0.586496985989032,0.222144679165485,0.0147694661340944,0.0128460754950725,-0.2258767949806,0.11354131992492,-0.225700349770267,0.165836496856114,0.434899297955916,0.322989124493685,0.151910408227581,0.15670222278622,24,73.7
"Oklahoma",1973,40,0.7916667,0.7425743,0.585765108372052,0.223594815184844,0.0149681368228135,0.0128784864028146,-0.376981356504833,-0.0327346154353768,-0.347440903530901,0.303447868896756,0.450790003017907,0.317685650382015,0.159117197878255,0.143186154414358,24,73.7
"Oklahoma",1974,40,0.8125,0.7524753,0.586485242453283,0.224463173695168,0.0150669732302474,0.0127774309878375,-0.367499037768904,0.0579281095213169,-0.317477512220911,0.059517959155609,0.422006265504201,0.332412860953881,0.145393289446436,0.146674885642685,24,73.7
"Oklahoma",1975,40,0.8125,0.7524753,0.585917230452233,0.225390030485609,0.0141379525551075,0.0123019124790262,-0.438188642665878,0.0213332861614801,-0.337293085664652,0.0562686432834182,0.449429143145047,0.333595679324126,0.144843862499581,0.16986524081208,24,73.7
"Oklahoma",1976,40,0.8125,0.7821782,0.581739275316087,0.228771718540809,0.0130939633201015,0.0115216921995772,-0.412347480113682,-0.157387617877083,-0.343323237017053,-0.158160843874587,0.418703607407204,0.336231890075849,0.13493544563208,0.147817925285621,48.7,50
"Oklahoma",1977,40,0.8125,0.7821782,0.577546406111155,0.233773460255151,0.0125891625894929,0.0109431068382267,-0.434432921674849,-0.327863802883351,-0.428211139234747,-0.0543622668914833,0.436060084209197,0.310439433713189,0.146746077292246,0.19190745445097,48.7,50
"Oklahoma",1978,40,0.8125,0.7425743,0.572324676814314,0.237884141197418,0.0121221145166273,0.0103987736765807,-0.505510210096842,-0.302919370200045,-0.555184569206734,-0.319954183060295,0.463895364869242,0.325644025397509,0.141572318119609,0.180828298134826,48.7,50
"Oklahoma",1979,40,0.8125,0.7425743,0.564597507842302,0.242455651125515,0.011523275888844,0.010078074041541,-0.535498908496274,-0.344851678511913,-0.442111080935144,-0.163975138126376,0.469480255254613,0.300237886380093,0.140376608848478,0.239207590230525,48.7,50
"Oklahoma",1980,40,0.7708333,0.7227723,0.55760480554464,0.245507166097283,0.0113075824362354,0.009625933595943,-0.528670928602752,-0.424232475980399,-0.593283824403748,-0.409899641259375,0.428361229248305,0.304256491766949,0.142751424610007,0.191281283172351,35,60.5
"Oklahoma",1981,40,0.7708333,0.7227723,0.549338972507767,0.250512166404648,0.0110471937325822,0.0096014818168299,-0.594418109013401,-0.336062506424833,-0.465096631255349,-0.297169522271878,0.413915002262034,0.347663525391406,0.148106211947438,0.223076291600694,35,60.5
"Oklahoma",1982,40,0.7083333,0.7623762,0.538793446938592,0.257507985266702,0.010665075707558,0.0099614108938371,-0.582229871169785,-0.302123768168613,-0.548916924115745,-0.46305880061742,0.422958703650833,0.32017914949724,0.152732232063393,0.222356953562739,35,60.5
"Oklahoma",1983,40,0.7083333,0.7623762,0.527141552854109,0.264635914412578,0.010668789051631,0.0096568964642292,-0.592053864596926,-0.351941395440865,-0.414892994758017,-0.376160408504814,0.42936707608952,0.311422464991176,0.151562809445025,0.178875332092466,35,60.5
"Oklahoma",1984,40,0.7083333,0.6831683,0.515267416193416,0.271135050945019,0.0107917674414612,0.0099081759703948,-0.617106077462506,-0.457012421909715,-0.593020141481272,-0.324672369228392,0.438037204785999,0.30930799636518,0.139094979396268,0.203022097878362,30.7,68.6
"Oklahoma",1985,40,0.7083333,0.6831683,0.501329603175067,0.27769269524363,0.0105593191062019,0.0093051485534563,-0.631710213259624,-0.119776043321306,-0.512571257648295,-0.363809415509106,0.408545897970893,0.317423530340353,0.171435507261479,0.192136850170391,30.7,68.6
"Oklahoma",1986,40,0.6382979,0.6930693,0.490268690530486,0.283658967055102,0.0106874537276839,0.0094991012609466,-0.666001070490054,-0.189286265932758,-0.445970955370283,-0.344289462595912,0.416875754610851,0.334994816587679,0.181749634377434,0.181867958649149,30.7,68.6
"Oklahoma",1987,40,0.6382979,0.6930693,0.486016918370519,0.290292114405829,0.0100641185573288,0.0092582621552335,-0.694259097108589,-0.15380996318309,-0.377450258419314,-0.31513365641362,0.433827137242219,0.313178337347632,0.141519635880023,0.140630657620333,30.7,68.6
"Oklahoma",1988,40,0.6875,0.68,0.483585068394504,0.298034779784257,0.0104719643104365,0.0093927001669979,-0.668746727768897,-0.190088720867599,-0.441274273704745,-0.224104910271785,0.422715127775486,0.32361880180104,0.174431030835141,0.128228310353733,41.3,57.9
"Oklahoma",1989,40,0.6875,0.68,0.480872897945192,0.304560405064981,0.0105298839974412,0.0095189016966129,-0.7043829981855,-0.241038187447228,-0.464335847714959,-0.110909746862438,0.412063871568143,0.322693450235854,0.178142416583117,0.128751004680819,41.3,57.9
"Oklahoma",1990,40,0.7708333,0.6831683,0.480043350221482,0.31156662679987,0.0106996995366967,0.0095854097403999,-0.69825913560462,-0.306446254850172,-0.325046742245139,-0.13963741493418,0.42588682214367,0.306585388819585,0.1853165511762,0.138394577328453,41.3,57.9
"Oklahoma",1991,40,0.7708333,0.6831683,0.478621217074447,0.316159088540764,0.0105469397645178,0.0096558501101386,-0.734135346312893,-0.135388050531723,-0.327992635050019,-0.123672922111064,0.404705739918927,0.348869665779063,0.19178459426062,0.122827301553619,41.3,57.9
"Oklahoma",1992,40,0.7708333,0.6732673,0.476195389443267,0.320046387889745,0.0098200699204221,0.0093848769743847,-0.702448527406286,-0.139902442160679,-0.174615527826638,-0.0477202840648953,0.3738500585401,0.338225501992534,0.190263405120252,0.113364433840037,34,42.6
"Oklahoma",1993,40,0.7708333,0.6732673,0.472413997879159,0.320467044222551,0.009923664847289,0.0098128257696571,-0.694976179041057,-0.19068960740163,-0.15700219363312,-0.353716881266798,0.379845366850428,0.380959782413983,0.195271347244001,0.125887773239122,34,42.6
"Oklahoma",1994,40,0.7291667,0.6336634,0.464338402123229,0.325553563365308,0.0100234016564822,0.0098021602340081,-0.717024420489791,-0.192105799542878,-0.323285653083111,-0.381346338572759,0.400620275844342,0.366255816824943,0.161756709123285,0.147049731502288,34,42.6
"Oklahoma",1995,40,0.7291667,0.6336634,0.456255887393479,0.330334168606767,0.0093901726400439,0.0098221915692511,-0.82957244986164,-0.489648300921923,-0.358277654071674,-0.518449104567399,0.404557287844853,0.356725414910882,0.216889972764649,0.128977534039161,34,42.6
"Oklahoma",1996,40,0.6875,0.6435643,0.452415772345324,0.332029258924097,0.0094678342708514,0.0097362153270151,-0.735844478774982,-0.497335919781969,-0.194952992452372,-0.35313132883911,0.373555519804241,0.355495153478803,0.165053589307497,0.149361910977751,40.4,48.3
"Oklahoma",1997,40,0.6875,0.6435643,0.448609827462519,0.336139008871896,0.0095163343155422,0.0096712672709298,-0.736493769874682,-0.525572657464091,-0.224613888615006,-0.439603908704734,0.381384231630407,0.37728013015912,0.193737195578224,0.166980267689673,40.4,48.3
"Oklahoma",1998,40,0.6875,0.6039604,0.443460140050777,0.340057347115592,0.0093795176526859,0.0094894864167967,-0.973760831097798,-0.512433243518911,-0.2294523473579,-0.367536519957711,0.399376488441516,0.399257657910424,0.171162980986534,0.138024925170484,40.4,48.3
"Oklahoma",1999,40,0.6875,0.6039604,0.438332790730199,0.346186158064396,0.0092085629377432,0.0085370466603352,-0.988987884728308,-0.494823245591969,-0.271216346525349,-0.224054388581233,0.40232698476616,0.364319437325314,0.220598969345136,0.14487207932336,40.4,48.3
"Oklahoma",2000,40,0.625,0.5247525,0.432390955639843,0.353886321604987,0.0084444315521525,0.0076858528079025,-1.0089334269639,-0.572143363457008,-0.253203407533336,-0.295375377839812,0.379480731982391,0.370951797905406,0.183771579149912,0.117650586329283,38.4,60.3
"Oklahoma",2001,40,0.625,0.5247525,0.424574596451983,0.358791739317689,0.0086310111981897,0.0083321940038224,-0.869992394427906,-0.97793658122443,-0.343344038282377,-0.21884456076006,0.375509105074877,0.400270398145504,0.209768006933969,0.146610129883822,38.4,60.3
"Oklahoma",2002,40,0.5744681,0.5247525,0.418981740764894,0.362912848292615,0.0092355022585909,0.0091799424442062,-0.907976372634495,-0.782576374464315,-0.353624658147369,-0.303125963969584,0.38757805546196,0.402040639081508,0.19707912328875,0.153599147649884,38.4,60.3
"Oklahoma",2003,40,0.5744681,0.5247525,0.41402710148529,0.368187501688358,0.0087502876629956,0.008977554169786,-0.873163795966716,-0.862849558958114,-0.469139797701061,-0.103148735581655,0.38350262569909,0.383400055422592,0.174812576680679,0.163968987309932,38.4,60.3
"Oklahoma",2004,40,0.5416667,0.4356436,0.412262864181441,0.367674095246272,0.0080673612677458,0.0080318038795929,-0.893592519236239,-0.961670217176102,-0.340817345075319,-0.221926330491365,0.393482804487695,0.401151103307349,0.139443089076607,0.118096271741064,34.4,65.6
"Oklahoma",2005,40,0.5416667,0.4356436,0.410947635939211,0.363030361967718,0.0081905209892871,0.0082601683219905,-1.03123544073757,-0.801320454717885,-0.290033189889782,-0.239654553151756,0.397817315937166,0.392216150514133,0.140918973903596,0.129501816342842,34.4,65.6
"Oklahoma",2006,40,0.5,0.4356436,0.406513216922408,0.359411025975029,0.0076403689582881,0.0082403972315175,-1.10647008659307,-0.942497468539077,-0.082152784626935,-0.318791696584425,0.41149273958852,0.367822739456478,0.134664158136961,0.11403855327057,34.4,65.6
"Oklahoma",2007,40,0.5,0.4356436,0.396334912461593,0.361604072929121,0.0078290375591131,0.007968620814467,-1.13796598717821,-0.997608853740063,-0.0792988841534496,-0.273665280911554,0.378128818310098,0.400748103402881,0.159998533563144,0.113807897565783,34.4,65.6
"Oklahoma",2008,40,0.4583333,0.3960396,0.385636197414264,0.370060902946412,0.0077596880484948,0.0081816210063436,-1.18073554237655,-0.950141045185801,0.0304016057121277,-0.337746396115787,0.436552699307971,0.38701540330269,0.158204036373819,0.10478745726898,34.4,65.6
"Oklahoma",2009,40,0.4583333,0.3960396,0.371504465266604,0.369182324340928,0.0073654552826142,0.0079756011407609,-1.1453116761105,-0.809668220245047,-0.0996708782601537,-0.435800089241246,0.382708375821951,0.362360562812024,0.196437644854033,0.0926390252529517,34.4,65.6
"Oklahoma",2010,40,0.3333333,0.3069307,0.361203176136185,0.374818576211334,0.008065992369415,0.0081595777498222,-1.28816782367061,-1.02510268460531,0.243776959175071,-0.560237887617581,0.422653551164815,0.405783326995791,0.184425665233513,0.104790417441948,34.4,65.6
"Oklahoma",2011,40,0.33333333,0.30693069,0.359451058811927,0.374343338808484,0.0083435733590984,0.0087096391350904,-1.3299448469095,-1.0543623359309,0.295596241746326,-0.48441270356618,0.424423730835944,0.432628154039933,0.21720231820088,0.106118511976518,34.4,65.6
"Oklahoma",2012,40,0.3125,0.30693069,0.355166727301311,0.375069809505856,0.0077864147956506,0.0087510273518701,-1.32422987577971,-1.07351299880599,0.362956125493349,-0.491424605290617,0.396097899065217,0.413042486298733,0.211555567377991,0.115335607161774,33.2,66.8
"Oklahoma",2013,40,0.25,0.28712871,0.35254477586234,0.370443265141504,0.0085606695480142,0.0096043036570391,-1.34748460405165,-0.907817989588299,0.439112651245093,-0.490828348146137,0.40627368387055,0.441321611647987,0.254390740963158,0.124613438025714,33.2,66.8
"Oklahoma",2014,40,0.25,0.28712871,0.350812087877772,0.36983790952425,0.0096540061512962,0.0109943062098142,-1.40069839890974,-0.891083774804621,0.523815601822114,-0.534581690741493,0.43705031347328,0.48583788675894,0.293376873184105,0.130505163767881,33.2,66.8
"Oregon",1946,41,0.1666667,0.0333333,0.469052449378167,0.372062271346484,0.025993973123435,0.0263828107779482,0.25835722330023,1.22325117863274,-0.123790073372046,0.143727581073635,0.582477253141626,0.256969342960278,0.149166411789355,0.0890115206323183,NA,NA
"Oregon",1947,41,0.1666667,0.0333333,0.470352858961763,0.372179922951972,0.0234455265019286,0.0242892855176172,0.247179396252541,0.799266360407799,-0.12532043163106,0.132521471091928,0.561875757105335,0.302863702103299,0.147898383458697,0.0852037077402548,NA,NA
"Oregon",1948,41,0.3333333,0.15,0.470657188034723,0.372595712341891,0.0221325556656855,0.0227297782050802,0.218820155351658,0.861487383204995,-0.22997389467287,0.157239588775287,0.592676606744039,0.302011459269183,0.12229935255661,0.0810057978334622,NA,NA
"Oregon",1949,41,0.3333333,0.15,0.472121758161389,0.371896025635521,0.0205629497736248,0.0216043936764783,0.210742206337789,0.790833468855842,-0.334780967018128,0.094412431301671,0.563201171461314,0.284754062309987,0.154104792214346,0.0658606495322665,NA,NA
"Oregon",1950,41,0.3,0.15,0.474949827469449,0.369431949340374,0.0198843960199844,0.0203908691524834,0.165802722065625,0.98124283880058,-0.167842196442481,0.0542974648079208,0.564240076519698,0.272307737153467,0.147508276138244,0.0959724562179747,NA,NA
"Oregon",1951,41,0.3,0.15,0.477872883273528,0.365925263594488,0.0183135686275107,0.0186413825741592,0.150668286797651,0.870508293316092,-0.326974370599055,0.0990061131855462,0.535475177191407,0.284164837587651,0.200634561729584,0.107923735655706,NA,NA
"Oregon",1952,41,0.1333333,0.1833333,0.481110588588363,0.362524098828348,0.0166762791638757,0.0166962162811344,0.154964269573869,0.916584645245284,-0.31733743926436,0.105206275967935,0.532150860211374,0.304362836839344,0.152443699275577,0.0963241510828471,NA,NA
"Oregon",1953,41,0.1333333,0.1833333,0.477383451222642,0.365942861889307,0.0149687836565335,0.015409561319902,0.105598063304672,1.02034338890047,-0.163545278413115,0.066620133925883,0.552410242840426,0.303180931553088,0.139976134656724,0.10458169268932,NA,NA
"Oregon",1954,41,0.2,0.4166667,0.477989311081852,0.368739895479987,0.0146407364063532,0.0148758036509112,0.115921109388165,0.911503344324524,-0.251014545766273,0.138013045474374,0.581381568195404,0.293382399887081,0.124355425568702,0.087887880774911,NA,NA
"Oregon",1955,41,0.2,0.4166667,0.480109955061422,0.368526518293562,0.0139643856175063,0.0137040646500307,0.652634734632818,0.77732379059498,-0.0824794151588203,0.162998135191383,0.488813825554879,0.311926164572011,0.14662167912764,0.0916773336910871,NA,NA
"Oregon",1956,41,0.5,0.6166667,0.486664475333778,0.362401348490972,0.0130806954611504,0.012964350011015,0.596944549953755,1.1617548693954,-0.370103485399034,0.0805017645662328,0.517556690727912,0.313211365275947,0.114811364120453,0.11609579375522,44.8,55.2
"Oregon",1957,41,0.5,0.6166667,0.487431206249021,0.362047511126463,0.013441594665877,0.013363284689252,0.555941339358475,0.902915248383275,-0.247075077065566,0.250213577092683,0.513767679058629,0.314742489969831,0.125211376111492,0.0955179570605071,NA,NA
"Oregon",1958,41,0.6333333,0.55,0.4924960630691,0.353659765240816,0.0133973449069821,0.0133126452673235,0.548812684225901,0.773363534109364,-0.348013599325653,-0.109638313179461,0.496497468250916,0.282921846751852,0.112864609281771,0.117769857026763,NA,NA
"Oregon",1959,41,0.6333333,0.55,0.494794979016276,0.344391363748201,0.0138947668690199,0.0135449649338243,0.508853709983849,1.01020135896915,-0.254592818928383,-0.0307686661918285,0.45496995491998,0.294478763149029,0.12387770389027,0.113934592883268,NA,NA
"Oregon",1960,41,0.6666667,0.5166667,0.494781268050497,0.338079228192939,0.0135655597162185,0.0136590992297249,0.5128907424588,1.17247339370726,-0.25221550718045,0.112529861124907,0.512537690803189,0.293528015887075,0.125411446004646,0.118660663232562,47.3,52.6
"Oregon",1961,41,0.6666667,0.5166667,0.493525528272919,0.334787922142626,0.0134262106827365,0.0134722486104354,0.479187637160042,0.796814739050233,-0.208758840960643,0.267576006028041,0.509138257996329,0.297167669830158,0.125806116375388,0.102821509675315,47.3,52.6
"Oregon",1962,41,0.7,0.5166667,0.495014764473631,0.333502798622475,0.0130508980064291,0.0131830628164553,0.36834321213354,0.918733524437782,-0.296471574671098,0.150843723668155,0.483465014407761,0.288160882028178,0.172094374690048,0.104128358871409,47.3,52.6
"Oregon",1963,41,0.7,0.5166667,0.494656354093491,0.331375146607927,0.0135048743695209,0.0136439885239344,0.371026675431434,0.505803909149082,-0.391877006922182,0.246304849424358,0.466231079698644,0.27551907773754,0.148501920506822,0.140386477863124,47.3,52.6
"Oregon",1964,41,0.6333333,0.4666667,0.495412570463253,0.330463028325901,0.0133673441336291,0.0135073034199634,0.403590038720048,0.503015970185164,-0.193758461066674,0.17057816803195,0.452871595854221,0.308742039262478,0.115159743753204,0.0915888359774394,63.7,36
"Oregon",1965,41,0.6333333,0.4666667,0.494224401293016,0.328460536150946,0.0135138138443843,0.0133077810782149,0.156593484691011,0.507624899304762,-0.674486834519279,0.255145228610531,0.446633006341066,0.302575452461268,0.134776424404162,0.113059293721875,63.7,36
"Oregon",1966,41,0.6333333,0.3666667,0.485691911989824,0.330347409273988,0.0134898451148092,0.0133854931368255,0.100168952336377,0.509345583895543,-0.644902168764266,0.128336573400413,0.45154396935816,0.315770951173355,0.103109165116309,0.122332592498922,63.7,36
"Oregon",1967,41,0.6333333,0.3666667,0.475330734751329,0.330544096477586,0.0135961609908622,0.0136139066557214,0.061016570919682,0.700095586470673,-0.530081795710112,0.125383816539848,0.454741425788761,0.343214717087942,0.149448633517769,0.132943368048098,63.7,36
"Oregon",1968,41,0.5333334,0.3666667,0.467818790316509,0.325961030297731,0.0138228469263448,0.0132234659332103,-0.0107055465426744,0.337006030866027,-0.400692100344481,0.205620481218881,0.438787232062259,0.346211695773462,0.116149962272205,0.12571962582504,43.8,49.8
"Oregon",1969,41,0.5333334,0.3666667,0.464779758912416,0.318509645680175,0.0138600205957512,0.0132700156136184,0.369102661959159,0.601409965030327,-0.278317164774525,0.282093640460476,0.428603242749874,0.344833442077184,0.148735767523359,0.140941210518128,43.8,49.8
"Oregon",1970,41,0.5333334,0.4333333,0.459552043810261,0.312187453486471,0.0141204608417582,0.0132068364979381,0.342814534947778,0.7382229415168,-0.178459670752037,0.265277290679279,0.439102985925195,0.327409116630261,0.149499488866467,0.158206057546849,43.8,49.8
"Oregon",1971,41,0.5333334,0.4333333,0.454905985094985,0.307641721058237,0.0142556654121517,0.0131937990402064,0.264418304164289,0.80127946000843,-0.100868387635108,0.189713114398517,0.429001914648562,0.327416170620675,0.142671814026614,0.13376399918357,43.8,49.8
"Oregon",1972,41,0.6,0.55,0.45107954912845,0.304327807902612,0.0150690397734589,0.0133835229134956,0.208215700835111,1.01879993591549,-0.0100171590340498,0.167336691000004,0.368188235200944,0.344936171738749,0.142415974903236,0.155845896914074,42.3,52.4
"Oregon",1973,41,0.6,0.55,0.448940165029925,0.302021171564834,0.0145525767241349,0.0126832657862417,0.515520321364042,1.39891114037269,-0.0732701575278142,0.301189417711462,0.391394617958833,0.355935701683769,0.163723088220814,0.14303304866876,42.3,52.4
"Oregon",1974,41,0.7586207,0.6333333,0.448245181426879,0.299347563549742,0.0134430100890892,0.0122159319078082,0.455314579567208,1.1403160022021,-0.027563430574298,0.0640572187821582,0.39620083531345,0.34451031838625,0.138449741390058,0.139053145637231,42.3,52.4
"Oregon",1975,41,0.7586207,0.6333333,0.44675623038675,0.293395273895474,0.0126438469157665,0.0113186098425151,0.399250873024479,1.1255904206574,-0.0439608108872427,0.0649762028638032,0.37190037826353,0.353511344775489,0.152235212343821,0.17282869206788,42.3,52.4
"Oregon",1976,41,0.8,0.6166667,0.442170378814079,0.288886013358171,0.011673887008238,0.0109525384736305,0.366854259376118,1.0545034822883,0.118938691811093,-0.087974655575951,0.403445093384229,0.342990451670265,0.129227022620651,0.150445132038829,47.6,47.8
"Oregon",1977,41,0.8,0.6166667,0.437939321218605,0.287181359132109,0.0117023262814853,0.0108453814039073,0.319297390475512,1.17431396375998,0.0429866961298483,-0.165457762621891,0.369484932835926,0.344208661537233,0.140030402143107,0.194808926535764,47.6,47.8
"Oregon",1978,41,0.7666667,0.5666667,0.432247783860384,0.28620653270266,0.0112999669583971,0.0101926547199968,0.335238790523636,1.27687100708326,-0.0163441519517627,-0.143053793880554,0.405919608897779,0.35159636931788,0.143608562864814,0.181230202043709,47.6,47.8
"Oregon",1979,41,0.7666667,0.5666667,0.422685958988124,0.288887816247596,0.01116324219443,0.010035972266072,0.31617797988269,1.11729975170354,0.194924160763118,-0.0965861169634916,0.37355009696471,0.326243888103953,0.13589112580009,0.222846528602233,47.6,47.8
"Oregon",1980,41,0.7333333,0.55,0.415148517803097,0.290248696549346,0.0107712724656084,0.0104782282813176,0.287442556265447,1.05756254727703,0.0721241932964207,-0.263943885798781,0.364007512527522,0.343658022267851,0.135011859897336,0.182020952547222,38.7,48.3
"Oregon",1981,41,0.7333333,0.55,0.406794844763452,0.291372517524613,0.0106348995296205,0.0101724454058979,0.181549025762137,1.00919340846561,0.172139684648087,-0.163636006193357,0.366325126966828,0.318007498445285,0.148944823709119,0.21569644487257,38.7,48.3
"Oregon",1982,41,0.7,0.6,0.402989547377354,0.291895485991536,0.0106663463791841,0.010206793283028,0.188896360290479,0.990384802658805,0.153975147190586,-0.225020703394016,0.358872510317821,0.325073423345588,0.14300018375726,0.195558490796974,38.7,48.3
"Oregon",1983,41,0.7,0.6,0.398892874407995,0.294360001244529,0.0100006311202793,0.0100511176975436,0.423736910616143,1.12346335971048,0.274250312114323,-0.163792824906221,0.350738393436727,0.326601205060992,0.138087920574842,0.179723523503098,38.7,48.3
"Oregon",1984,41,0.6,0.5666667,0.394022636104112,0.298022663665653,0.010317484919946,0.0100156522713026,0.539031382912429,1.01312181656493,0.273044390981579,-0.191976934765442,0.321090113505815,0.338725669612063,0.129986536999991,0.187544689875895,43.7,55.9
"Oregon",1985,41,0.6,0.5666667,0.388989430910053,0.298784911381154,0.0106232883937885,0.0100098590027556,0.478215758239255,0.919914026931265,0.34629219266392,-0.141443712767648,0.326282100530074,0.319643756289062,0.154003383668488,0.179153975832269,43.7,55.9
"Oregon",1986,41,0.5666667,0.5166667,0.378870538331116,0.298198566126502,0.0110802784303516,0.0102729987489402,0.43960838969347,1.19845920902449,0.427206684589797,-0.179129760310578,0.32498712935367,0.332661312805517,0.167990437988963,0.188680779471629,43.7,55.9
"Oregon",1987,41,0.5666667,0.5166667,0.372063723808774,0.297950872799089,0.0110693908256083,0.0100668612621295,0.407373071942721,1.20620749282312,0.471450402429732,-0.11995665316474,0.312015203483887,0.344814325431109,0.151741364429708,0.15733078068947,43.7,55.9
"Oregon",1988,41,0.6333333,0.5333334,0.370017339186141,0.298369702448315,0.0106824354759774,0.0099455395836791,0.459405281774696,1.11325347009175,0.510090296894695,-0.140996536336721,0.319733106003813,0.333661540706735,0.159212888943182,0.12774348576022,51.3,46.6
"Oregon",1989,41,0.6333333,0.5333334,0.364923681525484,0.302650662443124,0.0108417379905517,0.0101654477110175,0.664068415267008,0.978490281919207,0.516968585791228,0.0778760649125709,0.302325297671155,0.32417069327487,0.168769853563965,0.117499933199869,51.3,46.6
"Oregon",1990,41,0.6666667,0.4666667,0.358197247084958,0.309826907598079,0.010436671690674,0.0100770531057339,0.842725185576891,0.969137971946401,0.692020229268042,0.0287058047031012,0.293698730467034,0.313621763475013,0.166675942079443,0.136516814448497,51.3,46.6
"Oregon",1991,41,0.6666667,0.4666667,0.355708553459426,0.314597861859568,0.0102721262143771,0.0099317644374034,0.804765071865073,1.18873364550438,0.646909060367866,0.0637352702879549,0.307178386531986,0.351898245051061,0.189687878344281,0.115920019543926,51.3,46.6
"Oregon",1992,41,0.5333334,0.4666667,0.356804840704593,0.317943421022071,0.0100677152846197,0.0097491173517326,0.773578200483785,1.23379761552639,0.670236730071243,-0.011824619142048,0.307112340469098,0.353879000967571,0.182555555178225,0.114660355608495,42.5,32.5
"Oregon",1993,41,0.5333334,0.4666667,0.35817657707086,0.31742336997302,0.0099416507782703,0.0099114150572417,0.779067569818711,1.27802534294712,0.78160109318702,-0.219326342208904,0.290655636728162,0.383536674058784,0.189523336450367,0.108523336725159,42.5,32.5
"Oregon",1994,41,0.3666667,0.4333333,0.361345717874661,0.319618654762181,0.0095803882424094,0.0092810276604926,0.746259109048167,1.32762049183256,0.694180336880821,-0.235301132643854,0.323688766941547,0.370615083504476,0.158874463143364,0.131413391716812,42.5,32.5
"Oregon",1995,41,0.3666667,0.4333333,0.364868036913029,0.319484712962369,0.0098556873110505,0.0095615716450367,0.778142626995889,1.25485358024684,0.770637400743928,-0.432576058888242,0.30330159227484,0.379755338297328,0.203985063062203,0.127781745915553,42.5,32.5
"Oregon",1996,41,0.3333333,0.4833333,0.364883082386483,0.319600054554644,0.0101659676397267,0.0096794717305383,0.598254207339753,0.917188236108118,0.75197419966585,-0.253403699144715,0.308954239919282,0.351019327114102,0.166625222727841,0.138308630561986,47.2,39.1
"Oregon",1997,41,0.3333333,0.4833333,0.36468065234496,0.318459931182952,0.0099524760070732,0.0097382537990203,0.595908297970125,1.24744991924884,0.650657454177234,-0.315461672335469,0.315090041006718,0.344547302921903,0.206400525876153,0.145004776605381,47.2,39.1
"Oregon",1998,41,0.4333333,0.4237288,0.365988035004318,0.318383412421643,0.0097948014889558,0.0095724074352118,0.56287254871722,1.00681675032255,0.682887660218706,-0.233633360218734,0.324475668033264,0.334276920116272,0.185517140437985,0.139049127519505,47.2,39.1
"Oregon",1999,41,0.4333333,0.4237288,0.363845147377799,0.319299293379332,0.0091676618410392,0.0091378432481428,0.676300574342868,1.19284081671097,0.54229579045589,-0.135405361619852,0.322461439067913,0.330758867115879,0.207389029738294,0.16161813225345,47.2,39.1
"Oregon",2000,41,0.4666667,0.45,0.363480517350015,0.318856761145123,0.008045278481442,0.0079244298394895,0.638074146019834,1.28350417149417,0.504836418361988,-0.163435677080486,0.299462309997406,0.35202566467094,0.162898996156605,0.11319096441004,47,46.5
"Oregon",2001,41,0.4666667,0.45,0.359144782909744,0.320905378649546,0.0084407365270192,0.0089609731883291,0.624371666474266,1.2225714180644,0.678283826567184,-0.0939926362502076,0.30424113440959,0.355087386567736,0.207048848737671,0.158079906782683,47,46.5
"Oregon",2002,41,0.5,0.4166667,0.357894753158097,0.321067271990556,0.0088905497262231,0.0092054960242211,0.573857899864525,1.06052305712572,0.763474510445831,-0.173817402091449,0.308556189001768,0.358507025222747,0.209948882316477,0.146743822954323,47,46.5
"Oregon",2003,41,0.5,0.4166667,0.359208928303577,0.32037331552933,0.0090897090609568,0.0088851696972653,0.546298231570977,1.08512881554018,0.747582193650141,0.035451146901308,0.300531379606824,0.337402579006625,0.172578435235389,0.163367479159274,47,46.5
"Oregon",2004,41,0.6,0.45,0.359417307931032,0.317634382238424,0.0080887277036416,0.0078801471290018,0.494102723597448,1.06708800173724,0.783613822685204,-0.0553069142753126,0.319907704636487,0.332667620255762,0.139237926348019,0.111615013406924,51.3,47.2
"Oregon",2005,41,0.6,0.45,0.359200247442999,0.309088485756579,0.0082343026966418,0.0078066579397511,0.452249060559398,0.916232363004223,0.80739281478146,-0.0540582983473311,0.313683315391507,0.352500208452089,0.151033880638675,0.109970451932143,51.3,47.2
"Oregon",2006,41,0.6071429,0.5166667,0.361355283073388,0.30101030639075,0.0079949110310006,0.007438851621283,0.433952195880791,0.970524277418642,0.858946341152634,-0.0498772888159136,0.319862494197962,0.31387198156361,0.144290181188643,0.115904712318742,51.3,47.2
"Oregon",2007,41,0.6071429,0.5166667,0.362740475320525,0.304528408921139,0.0079382135740207,0.0073081518191745,0.788756126776185,0.965461440837865,1.11530495974049,-0.0968610683617238,0.268672756889887,0.334605276738933,0.167825533675342,0.108780395892553,51.3,47.2
"Oregon",2008,41,0.6,0.6,0.374155862706083,0.302841055317805,0.0076488050122456,0.0071541193218179,0.98350818161986,0.836777726928983,1.23193479908076,-0.0915807860749415,0.246940961714252,0.331835887582818,0.190409090897663,0.0988415640851056,56.7,40.4
"Oregon",2009,41,0.6,0.6,0.378457252063141,0.293184746754924,0.00781183051334,0.0074050984621986,1.04385080453837,1.33305940964618,1.15411256579354,-0.199907468479753,0.252566981653835,0.330999948435601,0.186381507718032,0.084103787676097,56.7,40.4
"Oregon",2010,41,0.5333334,0.5,0.37743044279257,0.294734508996603,0.0077415992347839,0.0071327147397309,1.03388460506828,1.35574998169197,1.38478199371805,-0.224544275809961,0.279894313906248,0.323171315550805,0.196258793483655,0.0917942724028341,56.7,40.4
"Oregon",2011,41,0.53333333,0.5,0.375317227796427,0.290593932108732,0.0080992459078038,0.007344867616815,1.02129891133237,1.32072826759272,1.37672887756854,-0.25303815269936,0.273288210028685,0.330909821175992,0.194087307329433,0.10071105024275,56.7,40.4
"Oregon",2012,41,0.53333333,0.5,0.375429077582945,0.288701153079524,0.007710980836759,0.0073881464872277,1.00984550282192,1.28961967045814,1.62760275882234,-0.242077897965925,0.281404215189069,0.332026654539076,0.224488761306446,0.0862778931927937,54.2,42.1
"Oregon",2013,41,0.53333333,0.56666667,0.368349955633651,0.282485286120127,0.0083151548116719,0.0081227767893437,1.00795732327056,1.08640206830849,1.81519087907914,-0.230444350784937,0.300281195574535,0.369755038474601,0.258586514049918,0.109578242453868,54.2,42.1
"Oregon",2014,41,0.53333333,0.56666667,0.372944731145758,0.277237190057475,0.0095299194955276,0.0091583125290943,0.990913356314888,1.13278692361515,2.08228138398127,-0.192973243160232,0.307041041318307,0.39081015592044,0.332840049402981,0.107638690959375,54.2,42.1
"Pennsylvania",1946,42,0.32,0.1826923,0.424472966196144,0.418893589419106,0.0222082897820175,0.0225012974853279,0.842726394682147,0.768207453413166,0.0030245835451086,0.104703096533331,0.476612379074347,0.290436241554113,0.124642594804262,0.0560902710227564,NA,NA
"Pennsylvania",1947,42,0.32,0.1826923,0.423629119498906,0.420856017139534,0.0188540755626493,0.0196196502292463,1.24945277989672,0.476034144585562,0.0188901921748646,-0.0102034689121788,0.428371685010196,0.300467280557695,0.121573240198311,0.0512974580342268,NA,NA
"Pennsylvania",1948,42,0.3,0.4375,0.423607616972904,0.421509551680391,0.0153894281172401,0.0154592888134679,1.23170072761582,0.618089040437911,-0.0440963166986548,0.186109176635088,0.452147691343746,0.30576905244012,0.107048765095994,0.0526152615964651,NA,NA
"Pennsylvania",1949,42,0.3,0.4375,0.42990784925627,0.424168185296147,0.0149210329086753,0.0156709700058761,1.20890378640983,0.819728685838119,-0.0541308602562232,0.215289389510988,0.433748289747599,0.288735545100557,0.125049105365892,0.0482301683662609,NA,NA
"Pennsylvania",1950,42,0.4,0.4230769,0.428942193031321,0.430240624554606,0.0143342899103102,0.0145567299992916,1.17003171993034,0.648760566084616,0.0726255581341872,0.0582236315657928,0.451536418808808,0.277893808708672,0.141362421608585,0.0643203162441296,NA,NA
"Pennsylvania",1951,42,0.4,0.4230769,0.430137186247674,0.432761584468489,0.0127529556564582,0.0131820982712784,1.16381621566167,0.516359603293858,-0.196704927014059,0.0762037041068814,0.443309893909062,0.289432292819918,0.171174666033988,0.0866919377178309,NA,NA
"Pennsylvania",1952,42,0.36,0.4711539,0.431798828976052,0.434683362257148,0.0109819813490008,0.0110947148212442,1.12825725331265,0.38773482076576,-0.188887689570641,0.108773286825563,0.466189792979546,0.283192300028501,0.111691359578074,0.0711865610078633,NA,NA
"Pennsylvania",1953,42,0.36,0.4711539,0.440297391092278,0.433598840640435,0.0097897351486078,0.0099477574638266,1.12729654601348,0.390011656443536,-0.270209681119915,0.0856434975552125,0.447086841202691,0.303785793531398,0.125952888931026,0.0698417727510933,NA,NA
"Pennsylvania",1954,42,0.48,0.5333334,0.443891443230428,0.433831322604468,0.0084894286148811,0.0089712463800548,1.06237707718991,0.539692722406829,-0.274644893357953,0.140471329506748,0.44882328946827,0.286862553041715,0.0998263561215536,0.0601502230153227,NA,NA
"Pennsylvania",1955,42,0.48,0.5333334,0.4396425080815,0.437289735373975,0.0084326261418856,0.0086682805409351,1.06940912624123,0.681959912043654,0.0200159528474778,0.193399076732835,0.441562573482277,0.30052337503273,0.123547733620739,0.0545628794351315,NA,NA
"Pennsylvania",1956,42,0.46,0.4,0.427566816938756,0.436923668085846,0.0078935313714453,0.0078829035184812,1.04152481539198,0.730763750685336,-0.245379688054944,0.0807529631164631,0.456478558303067,0.269248371181881,0.0993043926094539,0.0831901731518113,43.3,56.5
"Pennsylvania",1957,42,0.46,0.4,0.424759906733243,0.431639351632809,0.0083555906957764,0.0084313949905237,1.00481860025498,0.520033135093245,-0.178778544157793,0.12942865472034,0.464105079331071,0.27870961203856,0.10619689747992,0.0649610081380302,NA,NA
"Pennsylvania",1958,42,0.44,0.5142857,0.433925173781491,0.422586126852683,0.0088355365137813,0.0090711818942721,1.01842820918179,0.485094136319876,-0.179444791870648,0.0662840251774608,0.454082692369279,0.302353318728542,0.0894107682529757,0.0927222092085776,NA,NA
"Pennsylvania",1959,42,0.44,0.5142857,0.446512424924245,0.40678642001398,0.0087788494193346,0.0090202321517394,0.964069693925298,0.742329897413746,-0.187206565737967,0.0350053032103125,0.471490126283356,0.290857121087936,0.100379550467651,0.0775725730900663,NA,NA
"Pennsylvania",1960,42,0.5,0.5190476,0.452994208641891,0.396836526693576,0.0100206985116704,0.009799577810352,0.920658064543141,0.643820333788642,-0.309148555057706,0.299678330471657,0.437054023419802,0.290224423990781,0.102534778471122,0.0968659171018352,51.1,48.7
"Pennsylvania",1961,42,0.5,0.5190476,0.457923544358249,0.389332097124034,0.0092504081723568,0.0090137828635817,0.901696857914707,0.675356304633391,-0.280526506598263,0.269548032390098,0.463727247430841,0.291484924721954,0.095972240506341,0.0816363775466938,51.1,48.7
"Pennsylvania",1962,42,0.46,0.4832536,0.454543846561944,0.390256043464074,0.0088312181712403,0.0087297190705218,0.822039421421637,0.655088126844255,-0.50592546525644,0.273124022908708,0.458027598676514,0.271502543198604,0.15126110575394,0.0793864045509521,51.1,48.7
"Pennsylvania",1963,42,0.46,0.4832536,0.451504776492994,0.390878022952346,0.0084288426460382,0.0083593423943938,0.807125727307341,0.550940428441763,-0.0552231276011533,0.343669725955986,0.450431280811003,0.282259558048421,0.121446048758465,0.0913161708043434,51.1,48.7
"Pennsylvania",1964,42,0.46,0.5550239,0.45724094261605,0.385654230511198,0.0086204175506093,0.0088968415940686,0.750762892807381,0.621600309443552,-0.485767786507924,0.321752274803575,0.468495648105983,0.284666538935419,0.106442145731427,0.0714187219337859,64.9,34.7
"Pennsylvania",1965,42,0.46,0.5550239,0.460192339441675,0.377514258887157,0.0084576713298679,0.0084531151638562,0.51788333829138,0.71250049543934,-0.163697605811432,0.29839419045816,0.398603590714509,0.30943401539421,0.0977715071667229,0.0921476580458817,64.9,34.7
"Pennsylvania",1966,42,0.46,0.4778325,0.451156941304723,0.382798352190871,0.0088271305266607,0.008763081184832,0.471277418036167,1.04367088512755,-0.34316435749332,0.181698026673303,0.403624278119688,0.311062249257778,0.0771692229373546,0.0952814296424316,64.9,34.7
"Pennsylvania",1967,42,0.46,0.4778325,0.444793560309573,0.388435633701141,0.0084590409474441,0.0085937717839676,0.445948685122923,0.98818003109273,-0.247106848419793,0.226440842798219,0.410590974559591,0.349012469154839,0.110369186036841,0.10307835173444,64.9,34.7
"Pennsylvania",1968,42,0.44,0.5320197,0.444364558534529,0.38563835850824,0.008274678108001,0.0081761362683945,0.339091159713382,0.794497811224392,-0.495825740823294,0.25624658195563,0.399030029608749,0.328144033283998,0.0822809913009908,0.0820185042409082,47.6,44
"Pennsylvania",1969,42,0.44,0.5320197,0.439477202750334,0.380968353120363,0.0089049215811337,0.0086891578057592,0.698940333398867,0.981942905512686,-0.368192290503242,0.307583627457913,0.400183374014207,0.354460126426057,0.120487326994309,0.112372769735615,47.6,44
"Pennsylvania",1970,42,0.54,0.5566502,0.439757914662804,0.37495588304361,0.0095503578191053,0.0094169068630041,0.569256318038269,1.15437257315111,-0.221427215356133,0.395745886091045,0.405941751397796,0.327360507826533,0.13496787591255,0.146743993891967,47.6,44
"Pennsylvania",1971,42,0.54,0.5566502,0.43671559182502,0.372062870033731,0.009174461343089,0.0092074874476471,0.609498085919509,1.48550355203297,-0.176279059165242,0.209789483853462,0.393216023492109,0.351529829441316,0.12420585841997,0.127184686725928,47.6,44
"Pennsylvania",1972,42,0.52,0.4729064,0.436684954797997,0.358781970198716,0.0090921816966455,0.0088860463858107,0.639513891761315,1.49717157877515,-0.111292599031237,0.377489156763448,0.360207404748922,0.344693452869273,0.10626129886234,0.133229093545642,39.1,59.1
"Pennsylvania",1973,42,0.52,0.4729064,0.445711333868647,0.347594211345749,0.0092899672931825,0.0092232334355589,0.55071497964763,1.23087241993491,-0.223287357533499,0.361797842581846,0.417665803074408,0.378410480574179,0.144237019305368,0.106542771800131,39.1,59.1
"Pennsylvania",1974,42,0.6,0.5566502,0.45092882995206,0.342062998490567,0.0091346619982183,0.0088782436114387,0.678876265740183,1.33236648649133,-0.149144312582815,0.290578851220469,0.378185187294462,0.37193934257335,0.113341176088568,0.128471044341968,39.1,59.1
"Pennsylvania",1975,42,0.6,0.5566502,0.454116853701211,0.330531697519541,0.0087129027914046,0.0082958329554841,0.595489023536471,1.24054410034601,-0.0957187989022261,0.284136795327323,0.35470914904314,0.373110374587444,0.118791243935163,0.132163650034649,39.1,59.1
"Pennsylvania",1976,42,0.6,0.5862069,0.450746658859012,0.32060539213581,0.0084557056388423,0.0076637126107288,0.541244508479863,1.21895718710777,-0.0757206886986265,0.188067702718641,0.364686252453384,0.335472781669087,0.109767897080764,0.137226968669866,50.4,47.7
"Pennsylvania",1977,42,0.6,0.5862069,0.468006514703775,0.31912312159289,0.0082626598314124,0.0073538189393742,0.532040190584668,1.02779297165251,-0.087027710707996,0.314350632140698,0.344419498540385,0.356438093035103,0.113242065381404,0.171347381454657,50.4,47.7
"Pennsylvania",1978,42,0.54,0.4876847,0.472793182342266,0.320736688276892,0.0075780938686765,0.0070367731449498,0.500437389225394,0.960550648248353,-0.120022661705128,0.113053087087491,0.356675569332536,0.340106699038186,0.110774769211296,0.154233049104804,50.4,47.7
"Pennsylvania",1979,42,0.54,0.4876847,0.466839140749318,0.324414341649487,0.0074652689028655,0.0073299561642555,0.446055720030616,0.784004926833873,-0.0118075669689435,0.133234537251976,0.368951342934233,0.354024016988988,0.118220712253494,0.187240414843772,50.4,47.7
"Pennsylvania",1980,42,0.4693878,0.4926108,0.457314479627886,0.329642661931459,0.0071992718184273,0.0070523547886937,0.620609342050354,0.693880318773166,-0.179117850057351,-0.0147563689483163,0.372453990862846,0.348824685434664,0.107875913636019,0.160694781858933,42.5,49.6
"Pennsylvania",1981,42,0.4693878,0.4926108,0.454299966445271,0.326856298492098,0.0071261761101052,0.0069055148561935,0.502774753074519,0.6023342626461,-0.0168213661116148,0.0347814617501827,0.3383210704395,0.34571917141021,0.117223652894344,0.208694542567558,42.5,49.6
"Pennsylvania",1982,42,0.46,0.5073892,0.452965393667863,0.323787199672826,0.0074243068380016,0.0068833362091452,0.492707421978445,0.694814165805833,-0.0705213284575157,-0.102838580821865,0.33909705124064,0.333793122005932,0.117007358039974,0.18164226741269,42.5,49.6
"Pennsylvania",1983,42,0.46,0.5073892,0.453169560291529,0.324650204113803,0.0074019397769804,0.0068701260497292,0.485987288007889,0.659753843187415,-0.1026054250941,-0.0605114162368214,0.315413924042626,0.33188377861741,0.122111211974163,0.162428260107941,42.5,49.6
"Pennsylvania",1984,42,0.46,0.5073892,0.439808370064586,0.326427394368271,0.0078705224245448,0.0074412880167577,0.417502494118103,0.906616452524519,-0.164949159493461,0.053264788881132,0.339355038272296,0.336555960423111,0.103243586610102,0.171389906567421,46,53.3
"Pennsylvania",1985,42,0.46,0.5073892,0.42512840478476,0.328578712311269,0.0075434021857193,0.0073652989097505,0.414318427629517,0.915681204242742,-0.0638771221623215,0.0371055459223071,0.310657849691714,0.341126312922644,0.13588158556687,0.13970864962593,46,53.3
"Pennsylvania",1986,42,0.48,0.5073892,0.413506068001239,0.326527689677926,0.0076326913741891,0.0072345411401233,0.390281601038653,0.863708437185597,-0.115616910151942,0.0445769387782434,0.319177365305637,0.344638953073695,0.144245930566109,0.166692266344093,46,53.3
"Pennsylvania",1987,42,0.48,0.5073892,0.410266069487594,0.322322044502704,0.0073465826956695,0.0065343082329494,0.372677932663714,0.779156313901649,0.0252512849961702,0.0836333253441108,0.314798656154434,0.340632412962462,0.119899709422298,0.121219303494878,46,53.3
"Pennsylvania",1988,42,0.46,0.5123153,0.40555744270536,0.3245750399948,0.0080170282111811,0.0072794429090684,0.31303241428115,0.730928652490756,-0.128169657424576,0.214274076989372,0.337559096723911,0.344172746331615,0.136938264818885,0.104786081708475,48.4,50.7
"Pennsylvania",1989,42,0.46,0.5123153,0.401710224707545,0.324280502088408,0.0076997683048719,0.0075016346495458,0.206748895314594,0.84540048389161,-0.0137974594984933,0.337722248503469,0.340190530766677,0.356497906826887,0.137346430327766,0.114046582497218,48.4,50.7
"Pennsylvania",1990,42,0.48,0.5270936,0.402033416659387,0.3253218458863,0.0075740561573143,0.0070873697516724,0.156128631500121,0.642300002205645,0.0411814983492458,0.35265227051029,0.309505348925661,0.334101299692117,0.143241739807686,0.100174920943519,48.4,50.7
"Pennsylvania",1991,42,0.48,0.5270936,0.399891275641301,0.329620626033286,0.0075948328015731,0.0072795007312302,0.151444373008649,0.650562856672709,0.0983310427525079,0.298599574525932,0.296446169972304,0.357042572208041,0.166808433655075,0.0959008320778661,48.4,50.7
"Pennsylvania",1992,42,0.5,0.5172414,0.400763492984103,0.334771751042632,0.0071399354445895,0.0069615462740759,0.0181649713696028,0.728375293283526,0.169970550452893,0.226468114121162,0.30522146955788,0.354617559384597,0.159583130515805,0.0872410973208212,45.1,36.1
"Pennsylvania",1993,42,0.5,0.5172414,0.395701595027396,0.334750932844345,0.0071171168447518,0.0071739004809363,-0.0205416919786631,0.966720438138076,0.334946088787815,0.0328324839374473,0.309159817157143,0.399220591877468,0.162264356754176,0.0955796271105432,45.1,36.1
"Pennsylvania",1994,42,0.42,0.497537,0.39072946534625,0.34196271065121,0.0069648649456547,0.007276181698298,-0.0078907907269571,0.783010177919097,0.180341593951787,-0.0655744100858269,0.328496813839954,0.391197771259344,0.127216051091748,0.118573452400734,45.1,36.1
"Pennsylvania",1995,42,0.42,0.497537,0.391892111939591,0.340112072140729,0.0075720658010122,0.0069598083633621,0.244619596962443,0.851202941712591,0.301608798161753,-0.179638840977091,0.305944130199255,0.408766146533861,0.178427636744869,0.0992177207951423,45.1,36.1
"Pennsylvania",1996,42,0.4,0.4876847,0.393237227629404,0.340736526340348,0.0072547421436554,0.0068905628347813,0.255203740120648,0.746596595338925,0.358964451701606,-0.0945105186690084,0.302795306225517,0.366913917741266,0.129531741560374,0.122747742829077,49.2,40
"Pennsylvania",1997,42,0.4,0.4876847,0.392149266896884,0.33728170123953,0.0072654487335671,0.0069590381070331,0.242218325844543,1.00408283612849,0.349895110161624,-0.0264264848144397,0.288194848945931,0.355032644607814,0.168090029299189,0.126954699663167,49.2,40
"Pennsylvania",1998,42,0.4,0.4926108,0.397666881558041,0.340239571915907,0.0068295819786478,0.0070348976150847,0.140171531484813,0.833708105433471,0.357561086091441,-0.100197049840229,0.312851492386589,0.336824503198335,0.14641117082254,0.119041027015321,49.2,40
"Pennsylvania",1999,42,0.4,0.4926108,0.396526590775779,0.34567394980633,0.0063843421148798,0.0059530875993887,0.124467565196764,0.887922037262326,0.397768105558708,0.177557457010916,0.289990474544008,0.354503732620181,0.180314360526147,0.117306038005985,49.2,40
"Pennsylvania",2000,42,0.42,0.4876847,0.39983023295693,0.349551834635527,0.0053307574773658,0.0052790762777396,0.100854589878413,0.772212189730187,0.406888366088156,-0.0625292418218666,0.302184557597277,0.358252406363012,0.14890833968964,0.101358442269873,50.6,46.4
"Pennsylvania",2001,42,0.42,0.4876847,0.400476806562755,0.351684944185827,0.0064922450377726,0.0064898071496594,0.0629730585380572,0.774582102694981,0.450180672491154,0.060206943428685,0.308406934492672,0.359457142776748,0.180923688064666,0.152229694244955,50.6,46.4
"Pennsylvania",2002,42,0.4285714,0.4630542,0.399008553926428,0.356755749016685,0.0064936008817244,0.0065717856910011,0.0348018548653643,0.637154339965165,0.519388422107059,0.0553600016580989,0.301557275389279,0.33120806669462,0.166591838218124,0.124384808871722,50.6,46.4
"Pennsylvania",2003,42,0.4285714,0.4630542,0.40062988374566,0.360632116207579,0.0060028078046089,0.0063402202115988,0.0162877205396933,0.568706760057899,0.400003499495193,0.174962506771246,0.304988145216973,0.340311910779037,0.139834816244231,0.158877368945875,50.6,46.4
"Pennsylvania",2004,42,0.3829787,0.4581281,0.407320366658258,0.359088133437795,0.0049485247690902,0.0051330936311265,-0.0573569381616008,0.616078120293481,0.545488271303643,0.145382199789039,0.29453107739463,0.334057605030759,0.109015647699068,0.106737606857636,50.9,48.4
"Pennsylvania",2005,42,0.3829787,0.4581281,0.406921206641861,0.35917064585076,0.0053416435157483,0.0057112530598265,0.258296767897056,0.47737242499799,0.438560001547542,0.0943651875986128,0.3056656335899,0.343162579507939,0.117376476768033,0.0898137789770537,50.9,48.4
"Pennsylvania",2006,42,0.42,0.502463,0.412483452625055,0.352069212904319,0.0055243298533611,0.005251410557237,0.193923672249868,0.57469609733291,0.574696740108733,0.0165168385205394,0.306014194091077,0.323423084773154,0.118351558371846,0.0901998911496159,50.9,48.4
"Pennsylvania",2007,42,0.42,0.502463,0.420370710512405,0.334073037863923,0.005559930888356,0.0054381286732272,0.178727925110748,1.12691655960477,0.649139482672416,0.0048435264389247,0.296737588648459,0.321362937449319,0.125960996802348,0.0996363692508371,50.9,48.4
"Pennsylvania",2008,42,0.42,0.5123153,0.432822202628767,0.329955861100144,0.0052747460202506,0.0050312296330742,0.186608010060874,1.1131484154299,0.860708016216274,0.0258951530163374,0.283347212708888,0.324132487814504,0.136971570094041,0.0774503625599431,54.5,44.2
"Pennsylvania",2009,42,0.42,0.5123153,0.421829013654074,0.321046373062366,0.0052177112940975,0.0053353031057651,0.169268086480502,0.742988746328423,0.62301584384377,-0.195897137190377,0.287941467469866,0.295672769403654,0.152560960912622,0.067392484916795,54.5,44.2
"Pennsylvania",2010,42,0.4,0.4482759,0.415431754065238,0.32173624627091,0.0054351028286489,0.0049696067591902,0.143366913228333,0.715487605581624,1.01952485678221,-0.238852384825145,0.299132941455256,0.298229358585292,0.161503407630496,0.0807290973756653,54.5,44.2
"Pennsylvania",2011,42,0.4,0.44827586,0.421141644603385,0.315454708822881,0.0057046621875418,0.0053976485690457,0.0964969841999995,0.800930140478304,0.949795949886093,-0.240571855166023,0.289003399557108,0.335833467148427,0.178025691671854,0.0931253178670158,54.5,44.2
"Pennsylvania",2012,42,0.4,0.44827586,0.423065560379334,0.311808310582992,0.0056009382377069,0.005407363664864,0.0895761140826807,0.772245981394301,1.10639162566082,-0.251308914665044,0.28974547677774,0.336957655752476,0.183997725729429,0.0803418420572873,52,46.6
"Pennsylvania",2013,42,0.46,0.45812808,0.426064647433113,0.301602314009185,0.0063159615629719,0.0058171531036499,0.099212778139952,0.638431129741357,1.23777433364222,-0.338806209942965,0.310440020892144,0.378287597311613,0.211113061540923,0.0962156652346847,52,46.6
"Pennsylvania",2014,42,0.46,0.45320197,0.430459266792442,0.296630541290691,0.0063154366092871,0.0058456474106087,0.0876351655695862,0.739021808045994,1.39046943322509,-0.280270517171177,0.312910633442969,0.376595318646333,0.245154374834759,0.0890847529332125,52,46.6
"Rhode Island",1946,44,0.3636364,0.56,0.396946508352817,0.228054659116201,0.0300710787569712,0.0291384716518525,0.994879679239764,0.756307389350762,0.327412468242319,0.212856022304136,0.472862660998296,0.265510134748737,0.157678795580998,0.0978183795659806,NA,NA
"Rhode Island",1947,44,0.3636364,0.56,0.396926997822734,0.226998827703394,0.0290706756398032,0.0272376294961009,0.913892415320321,0.759297866461869,0.253395210375789,0.16421433274754,0.477480135178104,0.276471475458575,0.157287535214936,0.10202248722839,NA,NA
"Rhode Island",1948,44,0.5,0.64,0.39579483385676,0.226099904726605,0.0268946526810033,0.0250526766579566,0.946947431956601,0.715301000811797,0.286487218143602,0.244682623641569,0.466847835270191,0.285680796358869,0.143123078150208,0.0873832905284726,NA,NA
"Rhode Island",1949,44,0.5,0.64,0.398656601066798,0.227349027057819,0.0251059431345086,0.0234934160132806,0.888222869348155,0.833698811868378,0.123693337724398,0.22607176319032,0.476499899862223,0.278444309263379,0.176658880449344,0.0800604718212583,NA,NA
"Rhode Island",1950,44,0.4772727,0.67,0.401029346548832,0.228811722104041,0.0242770149498474,0.0218857584440497,0.807470334911489,0.802287066226661,0.187314766084088,0.109403121214615,0.478006139862271,0.274273953815826,0.188469452536109,0.11170922266358,NA,NA
"Rhode Island",1951,44,0.4772727,0.67,0.404188516735594,0.230413242801851,0.0232274824925041,0.0205381958094713,0.805043814565837,0.815721878203503,-0.0390059181501318,0.0740971425142729,0.481539017403498,0.292742057397078,0.235870812685334,0.131780944413248,NA,NA
"Rhode Island",1952,44,0.4090909,0.58,0.407332628261197,0.232394710660108,0.0206159387904798,0.0188714457565079,0.822432514732453,0.761669666853041,-0.0323789336341119,0.112448245606705,0.492112404640299,0.297346694407669,0.169138961853551,0.100773033417972,NA,NA
"Rhode Island",1953,44,0.4090909,0.58,0.403392728736581,0.235989036500781,0.0188269368141842,0.0171966130185934,0.783482449722941,0.940652306051382,-0.158380181852905,0.0982178888172274,0.480048835752111,0.289304974234395,0.158444450169485,0.107384827952647,NA,NA
"Rhode Island",1954,44,0.5,0.67,0.407919117539567,0.235846964945704,0.018953738646416,0.0171167736902087,0.731633821107827,0.492215177746869,-0.0238311832797449,0.113655797009688,0.485477798102693,0.298657671297474,0.180858677595532,0.112100550422063,NA,NA
"Rhode Island",1955,44,0.5,0.67,0.41467405195331,0.234325391271859,0.0182828072067473,0.0167365222526283,0.692284506744216,0.838539811849035,0.211199229404916,0.0875403259943552,0.457993032874754,0.290155022977082,0.192666903077607,0.0951896340176529,NA,NA
"Rhode Island",1956,44,0.4318182,0.64,0.418205976938741,0.231622491331127,0.017999475088019,0.0162135917699644,0.705777726678861,0.926615884613622,0.0489893081888009,-0.0320029580413371,0.498648251943126,0.282914666889228,0.171444139674242,0.135632104996643,41.7,58.3
"Rhode Island",1957,44,0.4318182,0.64,0.426091271070209,0.224361493958642,0.0183352329432325,0.0162627299361909,0.714678158223616,0.86396396692534,0.105604905538646,0.157554682260783,0.47736202934304,0.289624770604769,0.163679695615991,0.109312355356785,NA,NA
"Rhode Island",1958,44,0.5227273,0.71,0.438533487086191,0.216891017781151,0.0191005441875946,0.0170386338230082,0.666404599271494,0.843387370247468,0.104431539618726,0.0062103524838619,0.504008903052712,0.288938071028837,0.154130555369368,0.13665775332605,NA,NA
"Rhode Island",1959,44,0.5227273,0.71,0.452146493287265,0.207776243990216,0.0185359783032585,0.0164686065671611,1.69104675073549,0.832018059966934,0.15478924060804,-0.0015149479768583,0.384075567587197,0.288206913950807,0.171693460320707,0.129497982608353,NA,NA
"Rhode Island",1960,44,0.6363636,0.8,0.457489501986477,0.200393069153537,0.0188207148464962,0.0170346174235751,1.64153605452673,0.759182347421679,0.0321409464046009,0.207476299546116,0.410849789172329,0.279117383620187,0.196197446645094,0.145297089353805,63.6,36.4
"Rhode Island",1961,44,0.6363636,0.8,0.459850642617121,0.193193145925127,0.0191355288787573,0.0163046370738546,1.58288385573545,0.806569417283794,0.038932042425173,0.35390421087746,0.394331249744005,0.276453361705541,0.174029926244628,0.130302781116828,63.6,36.4
"Rhode Island",1962,44,0.5869565,0.75,0.459084271468719,0.187598328444426,0.0193227784106649,0.0170594889391646,1.52749440775207,0.652735634544287,-0.120333967082203,0.137908556546462,0.372744097659783,0.27857164373351,0.214281372546683,0.144160910021822,63.6,36.4
"Rhode Island",1963,44,0.5869565,0.75,0.456261438484662,0.183495516256044,0.0186544656877101,0.0171137729568025,1.52153024266498,0.678020535921007,-0.0382590958323454,0.238974237136613,0.387466901032286,0.286203623884693,0.181605340505002,0.165876297440569,63.6,36.4
"Rhode Island",1964,44,0.6521739,0.76,0.452722777222765,0.179047872648931,0.0185154547436801,0.0161292243754115,1.45419000155066,0.478249466657758,-0.0764710524495359,0.237320253007293,0.369997330848262,0.271109377647298,0.206302605296324,0.16132453382615,80.9,19.1
"Rhode Island",1965,44,0.6521739,0.76,0.449399941768627,0.174091827660803,0.017943823384716,0.0153329955725296,1.16069870435213,0.762161659749582,-0.11508417117313,0.257458007277291,0.319153016117624,0.300369141255858,0.15845282639046,0.136379834219261,80.9,19.1
"Rhode Island",1966,44,0.7,0.67,0.443803158022765,0.169623749248703,0.0174320832765239,0.0152325813096191,1.11709988208509,0.826954448294334,-0.158121118963408,0.120327430642672,0.353850914659578,0.302509389611353,0.144146917539476,0.137668344743504,80.9,19.1
"Rhode Island",1967,44,0.7,0.67,0.438641447898264,0.164608704989266,0.0174680312632126,0.0144819712535305,1.04556511836872,1.02947781635049,-0.200127518247382,0.0347306831671534,0.348418758688262,0.314635553043454,0.161096122451505,0.154367593720695,80.9,19.1
"Rhode Island",1968,44,0.74,0.76,0.431907293228542,0.15975483236031,0.0179581850689153,0.0141504699015078,0.959567537150125,0.867418828467486,-0.34512013179936,0.126620694687125,0.33139224012609,0.318082994881632,0.125407540682848,0.134333093532478,64,31.8
"Rhode Island",1969,44,0.74,0.76,0.423915501228612,0.154696396659388,0.0181097984763245,0.0141559900187606,0.927840170371152,0.847049096612385,-0.29066841054064,0.287674338439884,0.347675843761258,0.312073150021348,0.163758908741104,0.139841999755699,64,31.8
"Rhode Island",1970,44,0.82,0.7575758,0.41474176117866,0.151162462093931,0.0177281296992573,0.013958198811701,0.815868331447201,0.951196059605888,-0.149954887845711,0.300560922008006,0.339455330574771,0.320175864973898,0.180854468021308,0.163036117513552,64,31.8
"Rhode Island",1971,44,0.82,0.7575758,0.405765056213767,0.147831241220857,0.0175905450293719,0.0132267926661533,1.08066690471006,1.01963916182349,-0.0913090850028651,0.268763085046981,0.36417325363682,0.331276262690416,0.182502137689326,0.155960010968623,64,31.8
"Rhode Island",1972,44,0.74,0.73,0.39731893546476,0.144728039396594,0.017039813376242,0.0128938493984242,1.06289290704798,0.865110340858127,-0.114688125852694,0.288538761237247,0.353253718250205,0.325143143201252,0.169684168149706,0.168573382585264,46.8,53
"Rhode Island",1973,44,0.74,0.73,0.389209118798105,0.142395849313389,0.0159789425579215,0.0119727347309714,1.0212494164452,1.2400201818039,-0.137475780175224,0.427577747326762,0.347639159593682,0.344843148152874,0.189080185813864,0.156269920667097,46.8,53
"Rhode Island",1974,44,0.92,0.82,0.381792777116443,0.140984409169963,0.015715363277046,0.011567889311901,1.06806081611373,1.36950011685694,-0.0374911295947826,0.189344234273316,0.332639526840602,0.360262139516227,0.167094355916067,0.174552635848197,46.8,53
"Rhode Island",1975,44,0.92,0.82,0.375064834113778,0.137004613149788,0.0152403321951071,0.0107072337415682,1.05966777804534,1.17221026171913,-0.0120306852441794,0.337875794353276,0.327502279788412,0.373333647683915,0.16921703032933,0.201269420275323,46.8,53
"Rhode Island",1976,44,0.9,0.83,0.36925264346875,0.133166649327888,0.0145997545800568,0.0102816666837437,1.01086093445888,1.07930242452026,0.0297159399135475,0.297299838990355,0.329415281361627,0.330572617274368,0.162180717601609,0.194397867160687,55.4,44.1
"Rhode Island",1977,44,0.9,0.83,0.364456529650563,0.130964493055304,0.0144422923704539,0.0106040311884135,1.31937482302865,1.13608132760304,-0.0547596805204641,0.164915066338954,0.317087337210927,0.357062377559271,0.159587726953297,0.228206811460702,55.4,44.1
"Rhode Island",1978,44,0.9,0.84,0.36024140269308,0.129854760816444,0.0143730669520136,0.010429749247834,1.2565174070798,1.15208278081629,-0.0083200555974785,0.124168889273223,0.290185001426066,0.324770057245228,0.159690076167706,0.180122372795193,55.4,44.1
"Rhode Island",1979,44,0.9,0.84,0.354797256297315,0.131648828168131,0.0141926120890542,0.010019640220032,1.23793072320013,1.01326026177181,0.199028159812731,0.179857625742021,0.301528276181551,0.3377468251648,0.167055580923219,0.241500508314645,55.4,44.1
"Rhode Island",1980,44,0.86,0.82,0.349640102712198,0.133616129427886,0.0133738039122968,0.0099030664986708,1.2044243800941,0.984622190119697,0.0519631958767257,0.0908822288650759,0.323679308854095,0.311680355714258,0.163801754277959,0.190779566886531,47.7,37.2
"Rhode Island",1981,44,0.86,0.82,0.343475809496554,0.137712069053499,0.013151561599186,0.0099718016395639,1.07253189713879,1.11694831046964,0.289486307815186,0.277367689572833,0.31025959158224,0.355074676535172,0.18187297845251,0.244398949305615,47.7,37.2
"Rhode Island",1982,44,0.86,0.85,0.33920978302358,0.140865903584611,0.0133156899717948,0.0101433613380148,1.00091797550256,1.1740851646617,0.212310399787682,0.275370123565201,0.306033007531744,0.336046762737562,0.173521733945049,0.233847211189904,47.7,37.2
"Rhode Island",1983,44,0.58,0.85,0.33710841656244,0.143625315961371,0.013158383814437,0.0102243636690182,0.890519403986075,1.17730783769803,0.24520708522844,0.315580805706704,0.294078668716156,0.317297175759419,0.1640622741491,0.195619990197117,47.7,37.2
"Rhode Island",1984,44,0.74,0.77,0.333303775941756,0.147827018826134,0.0130733997030853,0.0101765193795522,0.892392210825938,1.27248668071704,0.339154957721392,0.381934273711311,0.296630804842649,0.344284520387907,0.159381804788426,0.183101638761244,48,51.7
"Rhode Island",1985,44,0.74,0.77,0.329573397866673,0.152478621855993,0.0125145744305148,0.0101298179378998,0.861600614504629,1.16283131426497,0.304192147175667,0.326533336498187,0.271842520152906,0.313402123112104,0.183624760440532,0.195472871125021,48,51.7
"Rhode Island",1986,44,0.76,0.8,0.322735172307983,0.153067969757417,0.0126980822285104,0.0105328411187164,0.917940240239695,1.48012003694418,0.430165252698333,0.427932412427153,0.293357091905657,0.350325042051904,0.185981729225095,0.179038707999019,48,51.7
"Rhode Island",1987,44,0.76,0.8,0.31592694572497,0.152214198553015,0.0123540308988128,0.0101328061136899,0.861913682062574,1.49024988743349,0.426636198317222,0.443812046569986,0.283916675784503,0.335375735296034,0.167925696030952,0.170391102136442,48,51.7
"Rhode Island",1988,44,0.82,0.83,0.312540789130852,0.152384450142384,0.0125353315465118,0.0103693830135218,0.839637524025236,1.6947832336269,0.493718621153961,0.457458825628771,0.292268672693021,0.365947065376047,0.196604473702963,0.146861482462016,55.6,43.9
"Rhode Island",1989,44,0.82,0.83,0.311926459440287,0.15227448265592,0.0120070828581522,0.0100813610874288,0.769225476223142,1.70241445388108,0.536089164276367,0.601352263817374,0.291299426245517,0.33536795471835,0.206940944055596,0.148696778332628,55.6,43.9
"Rhode Island",1990,44,0.9,0.89,0.309944875091845,0.152702904751552,0.0123403291209016,0.0101875420868932,1.18393241100801,1.76293954665794,0.643150398245696,0.478346297101942,0.270132853089553,0.337457665314199,0.207613161270448,0.147002616373801,55.6,43.9
"Rhode Island",1991,44,0.9,0.89,0.31290559039699,0.154078282441435,0.0123881733821748,0.0104018993186352,1.13204193112617,1.69506760167739,0.738384643595662,0.472625407196972,0.276972648316695,0.353960160098846,0.232029724835117,0.152270834632566,55.6,43.9
"Rhode Island",1992,44,0.78,0.85,0.316112638211458,0.155674736878836,0.0123687767952757,0.0103173673739055,1.11164359722718,1.74976465341327,0.822773009050013,0.367912186475664,0.261517082953654,0.357957912893969,0.219466064102179,0.13458943833518,47,29
"Rhode Island",1993,44,0.78,0.85,0.31844042381822,0.158365453059576,0.0125456159704663,0.0102855843215442,1.05094973086033,1.86868962414573,0.996375540177379,0.220334451350269,0.255399025251944,0.397830055423699,0.240044698152228,0.1257805044094,47,29
"Rhode Island",1994,44,0.8,0.84,0.31892829033842,0.158700017213663,0.0125007477087663,0.010464214794766,0.873769393656295,1.87736371186292,0.894821815078504,0.174893571479763,0.313993438091789,0.417587294297888,0.207292283245826,0.170616024769013,47,29
"Rhode Island",1995,44,0.8,0.84,0.32091337713266,0.157769772845752,0.0129369708921216,0.0102484034299988,1.1651383217234,1.95714602851451,1.04271661399846,0.0279369956730239,0.225933246315843,0.379458479410743,0.238435885017331,0.14284540828806,47,29
"Rhode Island",1996,44,0.82,0.84,0.322368219548334,0.15702023733083,0.0127443289805345,0.0103424221523332,1.13499595557576,2.06847379795811,0.982297920874669,0.178440765555852,0.216816739914604,0.385661009158912,0.20536348058489,0.144361701035794,59.7,26.8
"Rhode Island",1997,44,0.82,0.84,0.324177429899845,0.157512417391215,0.0129172642588348,0.0107231109406252,1.0973273080892,2.03022605840224,0.990058399320585,0.124256879088934,0.213459221195115,0.39689570200813,0.227170602879861,0.167588733673044,59.7,26.8
"Rhode Island",1998,44,0.84,0.8686869,0.326925657328979,0.157957841986656,0.0124251450219874,0.0106839910896159,1.12614962474199,1.95942394824972,0.986834505931166,0.161222693643986,0.19475100456261,0.355880039920994,0.208291461970812,0.145457780167665,59.7,26.8
"Rhode Island",1999,44,0.84,0.8686869,0.330289321464362,0.157780907026994,0.0123685046293394,0.0100987826336707,1.09725343273158,2.04552048672712,0.970611975909452,0.318083122041111,0.20175468399435,0.361281125109176,0.210975308362483,0.197689702114792,59.7,26.8
"Rhode Island",2000,44,0.88,0.84,0.334012631824495,0.158063687427451,0.012261832966893,0.0095654337844351,1.06506481571245,1.98783502901144,1.02699729305872,0.0950572026092361,0.201281215132604,0.369388952191595,0.201892404477677,0.129235561856736,61,31.9
"Rhode Island",2001,44,0.88,0.84,0.336735169782988,0.155921786895935,0.0120969565897187,0.0093117786682397,1.09491112896658,2.04444857522655,1.17542654307044,0.262586106884718,0.202016456273175,0.379987791816281,0.240572845751924,0.169566537510023,61,31.9
"Rhode Island",2002,44,0.8421053,0.8513514,0.335995823922601,0.155544323559483,0.0122242771187104,0.0096356204743328,1.10765361225488,1.93596455884372,1.33431251675027,0.126315994601688,0.19169096033932,0.374598158624347,0.247010138081764,0.143384759812853,61,31.9
"Rhode Island",2003,44,0.8421053,0.8513514,0.335092432346718,0.155631793800466,0.0123323381125609,0.0094869044175288,1.09752665548864,1.90199697822376,1.24673290149244,0.421684634676271,0.197070814966335,0.342936159956819,0.225571858625909,0.177938977207963,61,31.9
"Rhode Island",2004,44,0.8684211,0.8,0.333846014530849,0.156629034789263,0.0116804868160242,0.009249243623702,1.08112559758974,1.8945602208955,1.23036022879398,0.240092242488234,0.215365932675845,0.379236387318966,0.209520120465608,0.15509131880061,59.4,38.7
"Rhode Island",2005,44,0.8684211,0.8,0.334466180165613,0.154851238311101,0.0113753002703738,0.0094857413799973,1.13625157318632,2.03093376052389,1.13822119469311,0.23001362841152,0.19198405566467,0.368884228035691,0.21363556618337,0.151341504703566,59.4,38.7
"Rhode Island",2006,44,0.8684211,0.8266667,0.334279918795002,0.154992101380986,0.0115255458340357,0.0093838844561163,1.18183396047734,1.66869621797202,1.29114773824947,0.212363176456538,0.197343525606599,0.31615530564763,0.207226936345794,0.14306118510353,59.4,38.7
"Rhode Island",2007,44,0.8684211,0.8266667,0.334580083868518,0.153176952374985,0.0114693563260944,0.0094197921473223,1.20850708989159,1.7985858106526,1.53535113420509,0.20563022599326,0.198750636244407,0.337947616024679,0.232545623474843,0.128062193194402,59.4,38.7
"Rhode Island",2008,44,0.8918919,0.92,0.333971410915109,0.153642590549175,0.0111475928718301,0.0089667107216928,1.18755175092643,1.93175003592,1.76124601251562,0.172331945559231,0.211106564576702,0.358359361401977,0.265768577799891,0.11651606882556,62.9,35.1
"Rhode Island",2009,44,0.8918919,0.92,0.331801509996899,0.15182432824264,0.0113587430902338,0.0090577328024404,1.17390666984162,1.98149697933608,1.64867236714229,0.0210633369911231,0.218681298625883,0.355091486917543,0.269046860867618,0.114518713536839,62.9,35.1
"Rhode Island",2010,44,0.7837838,0.8666667,0.334217994605042,0.15039463044045,0.011586162614614,0.0090547099749732,1.1664468921294,1.94705749610461,1.90930788287977,-0.0862096734146913,0.224730514477348,0.346290658700443,0.277412785325196,0.110128295521867,62.9,35.1
"Rhode Island",2011,44,0.76315789,0.86666667,0.337038790175742,0.1470824069041,0.0121851506592069,0.0091470789281285,1.20763470349988,1.92243674725969,1.92750546064057,-0.0600142151608072,0.221178740407976,0.356904360690095,0.275116969283865,0.11582440116511,62.9,35.1
"Rhode Island",2012,44,0.76315789,0.86666667,0.34122068002738,0.143267567713254,0.0123647163705016,0.0090384323045692,1.27680676056408,1.89660756986121,2.23443986303259,-0.073636009111192,0.232098053339807,0.362965091809383,0.337190259863318,0.108720150291914,62.7,35.2
"Rhode Island",2013,44,0.84210526,0.92,0.342138317243483,0.142105739670082,0.0139657182302205,0.009660782446792,1.30634761715104,2.00190711357192,2.48331455995962,-0.106051211666349,0.213619114552733,0.429177428925011,0.40525089540337,0.127797301138694,62.7,35.2
"Rhode Island",2014,44,0.84210526,0.92,0.344895925634675,0.143111845009976,0.0152126897958043,0.0104677410902629,1.31367445874415,2.1116419613837,2.87095168263917,-0.102722556775401,0.220607540998914,0.449992097844012,0.524862332618648,0.163934985258537,62.7,35.2
"South Carolina",1946,45,1,1,0.654018805788593,0.155179725967152,0.0277864183084802,0.0196657305448411,-0.84911017309806,-0.611338643201855,-0.641157591640628,-0.123370830071015,0.75478998012562,0.31473944404565,0.167816581989895,0.0920784549604533,NA,NA
"South Carolina",1947,45,1,1,0.656336292856859,0.153050281314247,0.0262016405128868,0.0185863902835801,-0.868213485814835,-0.784861056169371,-0.507599241085328,-0.019536792455376,0.800234612072442,0.32901933755768,0.165029727252849,0.0913344286435748,NA,NA
"South Carolina",1948,45,1,1,0.659900254157195,0.150370326296619,0.0247078887289789,0.0175728828992354,-1.00121150547208,-0.654910199974964,-0.657606569274601,0.0339508164546361,0.805540416250079,0.305489127610292,0.141961575638379,0.0857225527646842,NA,NA
"South Carolina",1949,45,1,1,0.662863273460528,0.147977577718105,0.0233545331339112,0.0168263289475736,-0.972218239564412,-0.812507675400742,-0.552460869794674,0.0067917436940482,0.758783485735278,0.317357899707185,0.147934178190349,0.111963296931306,NA,NA
"South Carolina",1950,45,1,1,0.667156280678449,0.144819193969534,0.0213190232364352,0.0156033915476916,-1.02854027827735,-0.873450454964879,-0.453056088739682,-0.0917435809545787,0.775954753318622,0.321785850516293,0.167211362410594,0.119202723834568,NA,NA
"South Carolina",1951,45,1,1,0.670231284427243,0.143434818731603,0.0200351277878993,0.0147539000086378,-1.09639006046871,-0.659858474574889,-0.599039224408441,0.0272676686421842,0.78848266377309,0.310084424145256,0.220057484564317,0.132065389329426,NA,NA
"South Carolina",1952,45,1,1,0.673398427014737,0.14184987277493,0.0185732343841953,0.0138934344134901,-1.11808723906158,-0.681662552302935,-0.639478642947882,0.0307050480922515,0.769079489356345,0.312101238597876,0.16683005991225,0.100090893915619,NA,NA
"South Carolina",1953,45,1,1,0.668890169364312,0.142826222152713,0.0169879338844395,0.0122913818061394,-1.11517595896831,-0.462398934051541,-0.442407236039515,0.0954148987388925,0.775167083981358,0.303023666730829,0.158058052622405,0.109315200157502,NA,NA
"South Carolina",1954,45,1,1,0.667116367381461,0.143981186366129,0.0158673331479159,0.0117736145634157,-1.17669416699421,-0.58176589751994,-0.441261745342918,0.089421686607266,0.795323271491756,0.308158900124324,0.138773934237426,0.0963995844795863,NA,NA
"South Carolina",1955,45,1,1,0.667789958027631,0.145655102826652,0.0155300408854014,0.0113231855012639,-1.16291050581919,-0.866296126673344,-0.369956315612194,0.223997893658093,0.762169302249114,0.310565471612929,0.158449486570351,0.0972387549592176,NA,NA
"South Carolina",1956,45,1,1,0.668618046949541,0.146257908123008,0.0147672619050019,0.0104987218266017,-1.16887168171409,-0.76449264422865,-0.513490672261815,0.0396601628482123,0.730068696169872,0.303645027168634,0.122705417292356,0.105820615911259,45.4,25.2
"South Carolina",1957,45,1,1,0.670408581311548,0.144043595738388,0.0142305212575971,0.0104180947339886,-1.23653024286972,-0.912940146671893,-0.71376413337812,0.171770585709665,0.76125927265762,0.336176991743803,0.135765483741809,0.0999586965113922,NA,NA
"South Carolina",1958,45,1,1,0.664080083499142,0.145342720157267,0.0139591757156216,0.0104002849594437,-1.24733465573163,-1.02192035059051,-0.592490592817739,-0.0377697065303782,0.777254218955338,0.308970555342518,0.13447274405144,0.115450248481118,NA,NA
"South Carolina",1959,45,1,1,0.654857837802494,0.148521835269671,0.0137749393756329,0.0102263496592043,-1.14653457076239,-1.05569316582766,-0.748836690264865,0.0352480359291553,0.70399863282445,0.340023215137574,0.121341960342633,0.125324668759678,NA,NA
"South Carolina",1960,45,1,1,0.6426009475936,0.15267443790792,0.0138800358933358,0.0104982358792227,-1.24511797066846,-0.981535121942062,-0.678256110210861,0.216056366670404,0.715942156395187,0.303058363134464,0.132514560176618,0.122276826729326,51.2,48.8
"South Carolina",1961,45,1,1,0.63261829749762,0.154687928648755,0.0134522630452335,0.0099644616292067,-1.20089940595365,-1.15584287799145,-0.712055321476366,0.20331953496574,0.758490952393141,0.31626676618701,0.121304824289909,0.121986667750625,51.2,48.8
"South Carolina",1962,45,1,1,0.622223321540367,0.154806400737816,0.012653123157814,0.009520901443154,-1.21888659785872,-1.15238385280139,-0.75182926621724,0.0345201931349629,0.716214490641987,0.337908209382274,0.178846495983455,0.111826850256576,51.2,48.8
"South Carolina",1963,45,1,1,0.61212988132407,0.154606091618325,0.0120701623782978,0.0093078299328486,-1.18758854902443,-1.0714677160296,-0.311724659917426,0.100625598004864,0.740983511038404,0.326403763663658,0.138038751413431,0.120418566311629,51.2,48.8
"South Carolina",1964,45,1,1,0.600102192285676,0.156235006540547,0.0118815735206005,0.0092744779354775,-1.20230869811075,-1.10222032163902,-0.7287703759045,0.147887166810137,0.70048712829372,0.339992542437584,0.160320591186515,0.0960907417012447,41.1,58.9
"South Carolina",1965,45,1,1,0.585223720993482,0.158242680887641,0.0117129367511331,0.0088201095020016,-0.907042714892627,-1.02170357459234,-0.428131955659045,-0.0248707522978395,0.615953496654346,0.31428233424852,0.126014529601032,0.120055257438787,41.1,58.9
"South Carolina",1966,45,0.88,0.8709677,0.571352373898183,0.161034662329095,0.0115845403333098,0.0084672478088621,-0.92712518688831,-1.29856455330883,-0.604500680950506,-0.0258360201489693,0.578408247938703,0.368906510154597,0.117461687855391,0.116626086244942,41.1,58.9
"South Carolina",1967,45,0.88,0.8709677,0.557542496710747,0.163046986860845,0.0115861227287262,0.0085575168455589,-0.646945458808834,-1.36935379174802,-0.352868837496626,-0.0383291438784279,0.569666306202961,0.381641965675809,0.134310744050506,0.124255144890271,41.1,58.9
"South Carolina",1968,45,0.9347826,0.9596774,0.54580699848269,0.165522202270403,0.0115749720316624,0.0086315675698578,-0.788172197305429,-1.340178786779,-0.440140920216699,0.0269010383243748,0.571791403356143,0.398759833971076,0.114620035227193,0.113752967431833,29.6,38.1
"South Carolina",1969,45,0.9347826,0.9596774,0.537367299953501,0.169570550741428,0.011750154662402,0.0087322428423429,-0.813222145963559,-1.3367451970404,-0.396445456051666,0.233811427766527,0.547706363979223,0.388995708284766,0.134109750775611,0.141144714512277,29.6,38.1
"South Carolina",1970,45,0.9347826,0.9112903,0.532419945638014,0.172238551493926,0.0120721614209373,0.0092637545049277,-0.919389073579717,-1.5058939473843,-0.277747967182522,0.224278514533359,0.553794299815566,0.387416802313346,0.154341408888966,0.173922102187085,29.6,38.1
"South Carolina",1971,45,0.9347826,0.9112903,0.528152980158476,0.172766363492683,0.0118225843345763,0.0096610219479078,-0.996920936372262,-1.55245880242767,-0.199430061012592,0.227874939442956,0.554412809069179,0.396408341127835,0.151697843976444,0.143593401454616,29.6,38.1
"South Carolina",1972,45,0.9347826,0.8306451,0.522192119351575,0.172580843907738,0.0116665346715748,0.0094881178884821,-1.14559287645832,-1.6167777542588,-0.190288818936266,0.194715944816515,0.470079366204254,0.387395770596067,0.131979362184003,0.147700844555926,27.9,70.6
"South Carolina",1973,45,0.9347826,0.8306451,0.518395935312338,0.173028653809302,0.0113967117996439,0.0092373518343877,-1.01083763470701,-1.44284393824474,-0.252234872052316,0.216625590159492,0.548439523822608,0.415825615164645,0.157891927953932,0.127682043596361,27.9,70.6
"South Carolina",1974,45,0.9347826,0.8629032,0.514257950003385,0.173115586369432,0.0111986154246199,0.0090400188301572,-0.678508374168491,-1.3049293505184,-0.194851884123139,0.175030259919849,0.450465565604613,0.394770977171846,0.130742201445735,0.131335344452963,27.9,70.6
"South Carolina",1975,45,0.9347826,0.8629032,0.510282284580647,0.173517703898525,0.0107678367300232,0.00892724344986,-0.703441823122267,-1.41282785310924,-0.220214532843063,0.112383486313729,0.418425630195996,0.390364013367168,0.140614673119497,0.139305945895178,27.9,70.6
"South Carolina",1976,45,0.9347826,0.9032258,0.506232844776512,0.177686552129661,0.0107546961660406,0.0091850661594059,-0.71276613212711,-1.47798057199855,-0.111512317817472,0.055406510765805,0.437995529829201,0.392622125856526,0.12363797307145,0.14109330250662,56.2,43.1
"South Carolina",1977,45,0.9347826,0.9032258,0.499796606287461,0.1837637318688,0.0105314782914287,0.0089632616604587,-0.744059773964414,-1.41248187731409,-0.226508327958902,-0.0662128612639923,0.456053394175198,0.34354611639118,0.13796471826963,0.16139949683686,56.2,43.1
"South Carolina",1978,45,0.9347826,0.8709677,0.491297462016042,0.192109468582504,0.0100912048745845,0.0087692414136654,-0.782008387908983,-1.40811693572756,-0.278818727990018,-0.138901522048011,0.438564546759337,0.349945196859118,0.145706673413456,0.170151245239497,56.2,43.1
"South Carolina",1979,45,0.9347826,0.8709677,0.478656415726853,0.200529053673777,0.0097114494084187,0.0084526206133585,-0.746617126314066,-1.23833228667839,-0.195294602077436,-0.188605293919133,0.446307485493049,0.364848878532283,0.135551510895054,0.214219658916144,56.2,43.1
"South Carolina",1980,45,0.8913044,0.8629032,0.465988612182486,0.211948460437252,0.00959782261474,0.0083587913655664,-0.803381051479296,-1.25415467875886,-0.454336229645019,-0.231102402990592,0.44838804271,0.357215331805523,0.127196688845177,0.170609335159394,48,49.6
"South Carolina",1981,45,0.8913044,0.8629032,0.453425828730124,0.223557178128333,0.0095267283246634,0.0083400428178004,-0.836279100648667,-1.12917777663391,-0.427038174065451,-0.22821934979976,0.422474379460941,0.359731752024035,0.129246371764691,0.208135670273627,48,49.6
"South Carolina",1982,45,0.8913044,0.8387097,0.442334350097087,0.233119551589053,0.0092354240842661,0.0083047613314651,-0.841758215274458,-1.10317471728296,-0.447498104574038,-0.316864686374656,0.445834612119627,0.372698892602517,0.14466052032335,0.201088619339695,48,49.6
"South Carolina",1983,45,0.8913044,0.8387097,0.431260371978632,0.24254734332093,0.0093019754249275,0.0083743315426158,-0.824005796346423,-1.0555143859593,-0.280070280115857,-0.333404444801787,0.462031066349986,0.355434799970863,0.139924093639708,0.168571973048144,48,49.6
"South Carolina",1984,45,0.7826087,0.7822581,0.418620011577683,0.255484134957702,0.0092416094025681,0.0087198391775351,-0.799255170206377,-1.06000520225061,-0.332403072848066,-0.188605159955435,0.412858372095027,0.343651270052682,0.132521970854633,0.213240492532037,35.6,63.6
"South Carolina",1985,45,0.7826087,0.7822581,0.407805353300144,0.267052137632655,0.0085644043357614,0.0086189904651244,-0.884148412917437,-0.843258182912736,-0.230482565997279,-0.0898922096751045,0.401987665258028,0.317846172213163,0.149221884696213,0.163592227631547,35.6,63.6
"South Carolina",1986,45,0.7826087,0.7419355,0.397250988119052,0.275371358592087,0.008867591540556,0.0087947944568124,-0.847481412116776,-0.948421639598609,-0.159426031399559,-0.0641201296381862,0.416071385473959,0.334089958068952,0.166610892605712,0.167276248022845,35.6,63.6
"South Carolina",1987,45,0.7826087,0.7419355,0.3895955506838,0.281629711357606,0.0082630804099148,0.0084300659135476,-0.972182967835143,-1.00995122200662,-0.281307297439134,0.0526552930459731,0.444825732615875,0.329147729030376,0.149441363135178,0.135018168947714,35.6,63.6
"South Carolina",1988,45,0.7608696,0.7016129,0.381885542319552,0.288290319592099,0.0081882306723287,0.0085669748753009,-0.971877930625274,-1.07507136977082,-0.191853205029953,0.115849414058006,0.408796999575715,0.3310818047095,0.178396842473795,0.127238123009715,37.6,61.5
"South Carolina",1989,45,0.7608696,0.7016129,0.373967105305486,0.296691622185623,0.0084398625058036,0.0091132015565423,-1.03440664210879,-0.889082302671382,-0.1721386303482,0.231477827384148,0.432327952308255,0.337893582504595,0.181746049303613,0.143436335986843,37.6,61.5
"South Carolina",1990,45,0.7608696,0.6528926,0.367543939626281,0.304763581915559,0.0086243591059273,0.008742018269029,-1.17624300091707,-0.921876624484056,-0.104433567164581,0.156932801972462,0.431626724715506,0.331242611346414,0.188499161411422,0.133697234693733,37.6,61.5
"South Carolina",1991,45,0.7608696,0.6528926,0.36309811631306,0.31119515424684,0.0081949608709894,0.0085235391547673,-1.19456019278356,-1.23063109839657,-0.0324432109789197,0.115094073929932,0.456758573197409,0.375484991104881,0.187666316901455,0.120476710697878,37.6,61.5
"South Carolina",1992,45,0.6521739,0.5934959,0.358165986328142,0.316792725929274,0.0078575123453135,0.0084137434485209,-1.13106952928537,-1.26665784650415,-0.0086233192079656,0.202186177293995,0.415349356244271,0.372014746461502,0.183520226108738,0.105155845560193,39.9,48
"South Carolina",1993,45,0.6521739,0.5934959,0.355818821292405,0.321054130286412,0.0081434967824668,0.0086812605618729,-1.1442403510742,-1.28640227071184,0.135934444306139,-0.108930593713737,0.410074668835294,0.407676369775375,0.191351611620762,0.108229650136274,39.9,48
"South Carolina",1994,45,0.6521739,0.5041322,0.353726019865437,0.327930473155796,0.0084368488583565,0.0084409685375476,-1.07160283730896,-1.3417830542562,0.0705032853013744,-0.0249999540467747,0.410108543594673,0.407433845649557,0.16916388090569,0.13179186185369,39.9,48
"South Carolina",1995,45,0.6521739,0.5041322,0.353047280195359,0.332039535452322,0.0083292533053178,0.008723783525391,-1.30556995869576,-1.38834180254128,0.122274591638973,-0.277150060962572,0.437800178105662,0.431911470471905,0.197320575382813,0.118918257905924,39.9,48
"South Carolina",1996,45,0.5652174,0.4308943,0.352948598815341,0.336224893432817,0.0078133539195209,0.0088014113216774,-1.29150061785582,-1.40670167866582,0.260502542526952,-0.0210361833271706,0.388243561782049,0.410701576573743,0.14889248702565,0.135099952859289,43.9,49.9
"South Carolina",1997,45,0.5652174,0.4308943,0.351374538417353,0.340354611208345,0.007938221733241,0.0085169609763335,-1.57059116232687,-1.2828957230349,0.267920266426152,-0.113992259589041,0.434521079040078,0.429685721463918,0.190651598593186,0.129435978298685,43.9,49.9
"South Carolina",1998,45,0.5652174,0.4516129,0.352228191804244,0.343505316899971,0.0076643973427501,0.0084531099235871,-1.52746559286221,-1.26988029800304,0.298396517019907,-0.0845024852020111,0.419472893486706,0.392712376933324,0.163039933912512,0.133196685784459,43.9,49.9
"South Carolina",1999,45,0.5652174,0.4516129,0.352912098767353,0.347902428073549,0.0073735987842329,0.0080150379057025,-1.57614780091753,-1.35906187346372,0.300463548625933,0.0564717071078326,0.424643522075578,0.376982524539209,0.184969469610252,0.134553228019622,43.9,49.9
"South Carolina",2000,45,0.4782609,0.4354839,0.351161531340729,0.355372281321739,0.0070765794269341,0.0068969095779503,-1.41121530772865,-1.2206823789345,0.306770319502725,-0.116141332751074,0.38833896880881,0.387579173708532,0.161096652820194,0.109119949234211,40.9,56.8
"South Carolina",2001,45,0.4782609,0.4354839,0.350418814392328,0.359395492052901,0.0071631970810201,0.0077612475042311,-1.20797486422575,-1.2572062688115,0.269424277870541,-0.0707573652017454,0.378106292013737,0.406367744767278,0.187541180455659,0.142939019165126,40.9,56.8
"South Carolina",2002,45,0.4782609,0.4112903,0.34907917427764,0.361200317042526,0.0071620694369808,0.0075206116940935,-1.22513786963325,-1.44900639163898,0.242011866611043,-0.112879347083149,0.390023048060645,0.431348460179863,0.190883822021956,0.135701764811143,40.9,56.8
"South Carolina",2003,45,0.4782609,0.4112903,0.35019332224205,0.362432390951445,0.0067751384750801,0.0075745454970788,-1.218465148271,-1.36903259742048,0.095795274898034,-0.04407376999763,0.388580125313222,0.417012278713267,0.173795157021989,0.155329725077602,40.9,56.8
"South Carolina",2004,45,0.4347826,0.4032258,0.350197597956775,0.358829221512225,0.0066530247954828,0.0069476563086113,-1.14630590296661,-1.50179061376449,0.0013971903958343,-0.0298174001031287,0.402564208268306,0.408383734531678,0.13578402470684,0.119660662938141,40.9,58
"South Carolina",2005,45,0.4347826,0.4032258,0.349901822026485,0.352973539461502,0.0067093668184707,0.0069607877763235,-1.16673141906108,-1.52354415367344,0.063695700797648,-0.115714567961126,0.37309572967247,0.419122178115218,0.123067408436863,0.132330088800122,40.9,58
"South Carolina",2006,45,0.4347826,0.4112903,0.35265001458161,0.34659321390332,0.0067508505428565,0.0068673922031996,-1.34846895927946,-1.57713187551194,0.14370535174279,-0.11972854210595,0.392277870195491,0.398410171887266,0.119067238899883,0.119289115777782,40.9,58
"South Carolina",2007,45,0.4347826,0.4112903,0.353705656309747,0.341983686495198,0.0068786480795195,0.0069985393819762,-1.36242387690648,-1.59923079139904,0.198427052370305,-0.0524762708363154,0.415219201493488,0.392130276486971,0.13542649430673,0.124068812997143,40.9,58
"South Carolina",2008,45,0.4130435,0.4274194,0.354571501051584,0.336504682680035,0.006729344984248,0.0069870819820006,-1.35017500613307,-1.46805508206664,0.107557579186059,-0.199803252952866,0.400337355569451,0.418539274490033,0.147810941168965,0.0957374257412584,44.9,53.9
"South Carolina",2009,45,0.4130435,0.4274194,0.355160510670929,0.327964822958177,0.0061666177292437,0.0071421700156064,-1.36163611790235,-1.50748407595966,0.0302709242790696,-0.232405320474667,0.384159601055214,0.40331305862882,0.182408513365312,0.0878651081253066,44.9,53.9
"South Carolina",2010,45,0.4130435,0.3902439,0.355619799155611,0.32262471043423,0.0062695198196482,0.0069504939336391,-1.37658496377656,-1.47105201613941,0.323739314525512,-0.451729967764166,0.390553495671339,0.41156125613498,0.175318848480201,0.109256132568635,44.9,53.9
"South Carolina",2011,45,0.41304348,0.38709677,0.35428149849756,0.317145808012754,0.0062760953730036,0.006923387400755,-1.38531797221137,-1.39130933326805,0.436194958940939,-0.419263429335502,0.4092578005591,0.425236206668694,0.191318127585337,0.101637559771842,44.9,53.9
"South Carolina",2012,45,0.41304348,0.38709677,0.352146955287708,0.316692625571096,0.0064688862609076,0.0072785029525623,-1.83709695792959,-1.43450539978229,0.497274964641371,-0.425708263534415,0.447966484414862,0.408496519691843,0.192029666976621,0.110540925804885,44.1,54.6
"South Carolina",2013,45,0.39130435,0.37096774,0.351702332929479,0.312213720850089,0.0069164397135807,0.0080889152929405,-1.8001489336565,-1.549704623235,0.607406874388181,-0.474135264503991,0.469435930641092,0.504651699802002,0.235998301173763,0.0991495871677966,44.1,54.6
"South Carolina",2014,45,0.39130435,0.37096774,0.349543442790533,0.310049800509692,0.0077773146733039,0.0093941743613868,-1.92460958766634,-1.71662273213998,0.657690618132729,-0.469364371567756,0.469654246106866,0.573894340262534,0.274791086067506,0.125296603801804,44.1,54.6
"South Dakota",1946,46,0,0.0533333,0.379029382921312,0.458437299521564,0.032279010933455,0.0311879263238121,0.386153720742906,-1.09384425657829,-0.265252000013338,-0.135016190120433,0.535963975103939,0.262013454818438,0.155561157698225,0.0911665335083246,NA,NA
"South Dakota",1947,46,0,0.0533333,0.379305601412684,0.459501894515839,0.0308742163255686,0.0294945627730221,0.597600876992188,-1.07802986083802,-0.102393495373796,-0.0346007902776209,0.544863563730722,0.257684702353331,0.155081820230514,0.0966030819642156,NA,NA
"South Dakota",1948,46,0.2285714,0.1466667,0.378896894369664,0.460844021863938,0.0296099484135397,0.0279088730451826,0.542805031438719,-1.15083199256266,-0.0856513312692604,-0.0309887289092857,0.549259361964476,0.323067033343142,0.136449485675128,0.0792429162524105,NA,NA
"South Dakota",1949,46,0.2285714,0.1466667,0.37976503952426,0.462957802394125,0.0278513782328905,0.0268948091652348,0.552610210280039,-1.07116867171382,-0.115715404091802,-0.0237052114131682,0.482464929594229,0.32058732872204,0.159854566509942,0.088692070406602,NA,NA
"South Dakota",1950,46,0.1714286,0.12,0.380412053104462,0.464568395610848,0.0263407195704294,0.0258811355211097,0.515301642345402,-1.0862235809681,0.0970318127108592,-0.110672916016476,0.516184282400396,0.293011343972291,0.175189255138864,0.117730830591232,NA,NA
"South Dakota",1951,46,0.1714286,0.12,0.381296045059565,0.46592980023159,0.0242669110095923,0.0243019049802887,0.452532986539552,-1.09447052464506,-0.0920180411644012,0.0127035131390059,0.520488648547281,0.299515556436583,0.214900184445958,0.121219698256318,NA,NA
"South Dakota",1952,46,0,0.0266667,0.381751956417165,0.466988454805288,0.0231150803792986,0.02268544156072,0.458643649741496,-1.08646539733976,-0.0515571636590719,0.0704583588337999,0.5180444573259,0.304571112424601,0.167973345901055,0.107963993032086,NA,NA
"South Dakota",1953,46,0,0.0266667,0.381047232290974,0.467287149092464,0.0214061597523501,0.0213079899292815,0.393975044648147,-1.10777937667984,-0.324525363111672,0.020980332705526,0.545027025464556,0.338334332926376,0.158842083158049,0.118871203970684,NA,NA
"South Dakota",1954,46,0.1714286,0.24,0.38337774303181,0.46563642497739,0.0205716222618647,0.0203158230037019,0.423912872483116,-1.08215699017038,-0.363962311337891,-0.130448125406063,0.520568649382901,0.316152579041481,0.139577774049581,0.0977901975131822,NA,NA
"South Dakota",1955,46,0.1714286,0.24,0.3879710347593,0.45846130135833,0.0194713735900011,0.0194339515246447,0.385761993016477,-1.17451260178598,-0.248884173230091,-0.0272541025431411,0.482526125695762,0.314214136871574,0.159270794122458,0.111728056729631,NA,NA
"South Dakota",1956,46,0.4857143,0.36,0.389917904607588,0.453681627718152,0.0180308832917534,0.018777710344189,0.35122117907234,-1.24761952742695,-0.467308238853347,-0.126213950729831,0.524509469648861,0.31575162789832,0.133766538233206,0.119234157912956,41.6,58.4
"South Dakota",1957,46,0.4857143,0.36,0.389854915760841,0.450523649902306,0.0171478183829116,0.0179752876005481,0.326589448887748,-1.32554860498034,-0.260835343728818,0.0105081524860522,0.529511886075441,0.324360181991444,0.17258143597381,0.107530384581687,NA,NA
"South Dakota",1958,46,0.5714286,0.4266667,0.390663139658601,0.446964754310703,0.0166270123328039,0.0173932613608044,0.361503141330275,-1.29555893457682,-0.124414489795694,-0.0944765365864984,0.487600303345646,0.325108726341029,0.135547125638777,0.135137357853378,NA,NA
"South Dakota",1959,46,0.5714286,0.4266667,0.39012886780367,0.445081167953044,0.0170083254135196,0.0179304448056253,0.260025621226896,-1.22442203184183,-0.327865895186247,-0.0219543933260356,0.510269351007117,0.32747643692692,0.142075647421151,0.12069411354177,NA,NA
"South Dakota",1960,46,0.3714286,0.24,0.385273391860234,0.447625201378921,0.0183620060454735,0.0187667589974096,0.277922103446175,-1.21554465157668,-0.165219059508282,0.0045661168014633,0.491396363674228,0.307323193162214,0.157337398628387,0.146578944863642,41.8,58.2
"South Dakota",1961,46,0.3714286,0.24,0.381306227444617,0.449639808947363,0.0177684143620257,0.0181257154511923,0.223918010941632,-1.13794033943525,-0.460645493999591,-0.0103635840931115,0.484979528472726,0.308029464102152,0.135083477352899,0.128429250736471,41.8,58.2
"South Dakota",1962,46,0.2571429,0.2266667,0.377307865516907,0.453505709604177,0.0180942097236838,0.017831763392683,0.201371594929098,-1.10447266766693,-0.274590447695084,-0.172341588767953,0.507149143900974,0.309160001986615,0.182374470394066,0.119967099896567,41.8,58.2
"South Dakota",1963,46,0.2571429,0.2266667,0.378577419712819,0.45514119275167,0.0176195380326714,0.0180587734888428,0.181844276208614,-0.967312947152882,-0.369264800399146,-0.019553280430943,0.471536480128294,0.313918992138536,0.158803053887316,0.151865614200459,41.8,58.2
"South Dakota",1964,46,0.4705882,0.4,0.378974833225552,0.45703134268121,0.0179383865513898,0.0184397733375823,0.0888588821912154,-0.929308592748904,-0.127117380486304,-0.0641781953460791,0.491178889701273,0.320204192991727,0.146865197325603,0.122631209544731,55.6,44.4
"South Dakota",1965,46,0.4705882,0.4,0.378569723862025,0.458531618378959,0.0172088488030803,0.0171183542623311,-0.0364407807465951,-0.994552642466042,-0.436226989916666,-0.0197041865206148,0.486723974423508,0.305219479987533,0.169107743053085,0.15615328065085,55.6,44.4
"South Dakota",1966,46,0.1714286,0.16,0.378222738668699,0.459877873450239,0.0166247186789986,0.0166181075722612,0.289684537933062,-1.07289824649335,-0.356677368668389,-0.0743712245586861,0.465576560992915,0.329659101969823,0.139281134869855,0.144603760669405,55.6,44.4
"South Dakota",1967,46,0.1714286,0.16,0.379500305281157,0.459293760070674,0.0158563206380234,0.0156714275884492,0.262897074569802,-0.940374749703773,-0.365472228506563,-0.0948625249511482,0.430838165058626,0.34495203325266,0.156577123854732,0.135863464083972,55.6,44.4
"South Dakota",1968,46,0.2285714,0.2133333,0.380799450721449,0.458184618500822,0.0147609682533649,0.0146037788304417,0.195560368183306,-0.742960331759489,-0.469456474510594,-0.028380624422158,0.434028481016433,0.327344611098812,0.0844123009705141,0.0963763583077641,42,53.3
"South Dakota",1969,46,0.2285714,0.2133333,0.382521070816301,0.45630448776122,0.016128654751383,0.0152568111400692,0.114987632753556,-0.941859013215385,-0.325036646034994,0.0267036831328427,0.44870649062492,0.343160437079957,0.161069890395046,0.154917735513974,42,53.3
"South Dakota",1970,46,0.3142857,0.3866667,0.388292350121619,0.449069833118111,0.0163424563608081,0.0153271740967743,0.0540112416779901,-0.849840491234749,-0.297150084981961,0.0223821743254447,0.403151668778627,0.353155224141999,0.163963850778228,0.20330012531747,42,53.3
"South Dakota",1971,46,0.3142857,0.3866667,0.390894978425819,0.443372117006174,0.0165705213104561,0.016198324494907,-0.145879757390977,-0.560165689492989,-0.313222154025719,0.152748520868308,0.417653791431413,0.294245585680157,0.176863823979286,0.181711977395583,42,53.3
"South Dakota",1972,46,0.5142857,0.5,0.393605905210174,0.438075392966721,0.0164895623833253,0.0162692229407562,0.0518310380854125,-0.600495445664114,-0.387947442333755,-0.0213707847387678,0.397319269084181,0.321218775136713,0.150365632900489,0.178440720341431,45.5,54.2
"South Dakota",1973,46,0.5142857,0.5,0.396601551650202,0.431370559594971,0.0162776344040134,0.0167568774832123,0.284315769917628,-0.526478690272704,-0.463317331613269,0.13118626548712,0.359248212059277,0.32197352176318,0.191451918501216,0.139571830018816,45.5,54.2
"South Dakota",1974,46,0.5428572,0.4714286,0.398960530335182,0.424646310226988,0.01543693449998,0.0161948428301242,0.248909991679521,-0.547174404631922,-0.373876528045414,-0.100036497179585,0.423203756754555,0.328279325833836,0.166606935689862,0.1647680965795,45.5,54.2
"South Dakota",1975,46,0.5428572,0.4714286,0.399067577546744,0.419682327181128,0.01533790452083,0.0158785164737034,0.243991614230572,-0.560314771877501,-0.485791267833556,-0.166076415267647,0.390198950106455,0.31681647799085,0.184703567454127,0.170072263753996,45.5,54.2
"South Dakota",1976,46,0.3142857,0.3142857,0.399145105211613,0.414438617533294,0.0150967113601593,0.015268206139236,0.175674266418669,-0.562826256081057,-0.347198532620652,-0.344809535202608,0.387315299546082,0.301615404005258,0.167114470919038,0.161617874485192,48.9,50.4
"South Dakota",1977,46,0.3142857,0.3142857,0.396869515529853,0.412948649519147,0.0149778902996569,0.0150519625527031,0.390909038156068,-0.645698964068167,-0.512332127914635,-0.326625339862697,0.393431642581869,0.311722870074729,0.181950976081695,0.198074088388844,48.9,50.4
"South Dakota",1978,46,0.3142857,0.3142857,0.39625695595089,0.411564533232854,0.0146121167891723,0.0144336561798128,0.333744887565325,-0.767374153957865,-0.538283474609895,-0.447374557844949,0.371534250739401,0.323148567685478,0.178137609723017,0.189930655223403,48.9,50.4
"South Dakota",1979,46,0.3142857,0.3142857,0.39464393599744,0.409059435417108,0.0148042560645341,0.0150074276120799,-0.0273218313362613,-0.792614093509694,-0.409198757331041,-0.315115871086033,0.383983540930254,0.305012670235805,0.170785020995977,0.239227652538541,48.9,50.4
"South Dakota",1980,46,0.2857143,0.3,0.389246325694029,0.410157257516468,0.014528647945207,0.0152610105140976,-0.0090341499648914,-0.827788205110814,-0.543774153094751,-0.531508901949854,0.381550251189589,0.309184438473349,0.190565502711627,0.19664041494187,31.7,60.5
"South Dakota",1981,46,0.2857143,0.3,0.383578243185848,0.411583164268517,0.0149380313729736,0.0155989256107302,-0.0885049958760351,-0.920136779976812,-0.36398289762173,-0.487243773715768,0.389962766408734,0.329730085681819,0.182614150044637,0.241716993770423,31.7,60.5
"South Dakota",1982,46,0.2571429,0.2285714,0.381628848673112,0.409019891831189,0.0154288385618071,0.0157007339651976,-0.132541378594739,-0.91321821875821,-0.473874076562707,-0.617482040406541,0.362008943165946,0.322253967516278,0.174206347891213,0.224013688647784,31.7,60.5
"South Dakota",1983,46,0.2571429,0.2285714,0.380160122202172,0.407286373553623,0.0157229945957204,0.0161613402372464,-0.109084436797916,-0.948438210113368,-0.307548709423624,-0.610979192309184,0.364540003560529,0.329168506158361,0.164676789274601,0.226856747364819,31.7,60.5
"South Dakota",1984,46,0.2857143,0.1857143,0.381047533100619,0.404294615051607,0.0156807162365183,0.0161502623738935,-0.100110552418189,-0.973799455529748,-0.348931588154728,-0.493984740016813,0.353246255102436,0.314087018789176,0.169274749516734,0.236038768515008,36.5,63
"South Dakota",1985,46,0.2857143,0.1857143,0.379950347142412,0.401157836727109,0.0151678534580375,0.0157521048586729,-0.493257235782199,-1.08916370297992,-0.330441961491007,-0.528343746954747,0.391216104024578,0.332214651619771,0.184860725204279,0.225278540646838,36.5,63
"South Dakota",1986,46,0.3142857,0.3142857,0.378455770583091,0.399725325529625,0.0151627717117439,0.0157355851765572,-0.329729416818589,-1.0298840405698,-0.213638354160558,-0.474369236578448,0.380556831108352,0.319395271295321,0.187066203617167,0.207997087389671,36.5,63
"South Dakota",1987,46,0.3142857,0.3142857,0.377061943532973,0.398714871030076,0.0146808279756925,0.0150795145971093,-0.385351199604843,-1.06350940670201,-0.194377218296004,-0.494436680359444,0.384167574273897,0.340628252021121,0.165495614282429,0.177144886945769,36.5,63
"South Dakota",1988,46,0.4285714,0.3428572,0.376097719032055,0.398637360934178,0.014750104610011,0.0146221234801837,-0.395155304871373,-1.11598543366879,-0.223425711998787,-0.342669543778568,0.381024288906387,0.324833779454018,0.173812074465758,0.174817195007794,46.5,52.8
"South Dakota",1989,46,0.4285714,0.3428572,0.373119005399702,0.397606549040677,0.015066017835002,0.0150226546025069,-0.377475341409363,-1.19242349890021,-0.227712746725048,-0.236174430345692,0.37766353869571,0.314053202664954,0.194795314141726,0.161567716078206,46.5,52.8
"South Dakota",1990,46,0.4857143,0.3428572,0.369337620535139,0.397895509412675,0.0149332929560467,0.0152959127740949,-0.407515298475073,-1.26985593678344,-0.143043691845433,-0.213333133358038,0.385908811598161,0.316366993786946,0.195059533315806,0.162942165306268,46.5,52.8
"South Dakota",1991,46,0.4857143,0.3428572,0.366071727623394,0.398211551963146,0.0152635612164815,0.0154302364414156,-0.361626172014732,-1.31477311230982,-0.115880905725124,-0.135697178606545,0.371772597191399,0.321161307170241,0.211278116608527,0.151939019050714,46.5,52.8
"South Dakota",1992,46,0.5714286,0.4142857,0.362869420302182,0.400060073185806,0.0150946007190328,0.0150833405258318,-0.542455662796961,-1.29024616250904,-0.0376504487926298,-0.199599473590642,0.347618289181954,0.333155907798363,0.200401293188284,0.136372273373464,37.1,40.7
"South Dakota",1993,46,0.5714286,0.4142857,0.359327836684549,0.401342776695251,0.0151332351208596,0.0149673718220795,-0.523733419264761,-1.15082366141341,0.0597990922540746,-0.352096132787266,0.341014013086176,0.355252290757006,0.206303519711268,0.145536383461256,37.1,40.7
"South Dakota",1994,46,0.4411765,0.3478261,0.356477629068054,0.402694330770342,0.0145372942677013,0.0147866694263542,-0.491544471598856,-1.23084509019706,-0.0527554886784627,-0.489788049703439,0.364164565614593,0.372836330823543,0.198349969295843,0.160272781710704,37.1,40.7
"South Dakota",1995,46,0.4411765,0.3478261,0.352288207660179,0.404618850190524,0.013790310227285,0.0139476965081713,-0.559137284493667,-1.23499926409264,-0.075959946095751,-0.58553602612385,0.377170960868421,0.344683752561016,0.224060688802108,0.153296990656414,37.1,40.7
"South Dakota",1996,46,0.3714286,0.3,0.347961242783441,0.408400165723955,0.0143818685745648,0.0135929038632323,-0.521845369504416,-1.23212457582036,0.0458071866667326,-0.487607269200152,0.359350032323941,0.366246895714179,0.179531658712616,0.184223286069017,43,46.5
"South Dakota",1997,46,0.3714286,0.3,0.34333305705135,0.410809806673865,0.0138351066390001,0.0135416607403498,-0.81181962453768,-1.94248809443634,-0.0033269625249386,-0.526542900327048,0.361788334884667,0.43625589849966,0.203736178757401,0.186853738711081,43,46.5
"South Dakota",1998,46,0.3714286,0.2714286,0.340339410695565,0.413125057060724,0.0136400602874796,0.0132121284655433,-0.922509965488862,-1.9901883430202,-0.0726670841812937,-0.543081512240526,0.36328928071332,0.387417701321155,0.194369460269509,0.163889574198882,43,46.5
"South Dakota",1999,46,0.3714286,0.2714286,0.335123048807655,0.415508471667615,0.0131670393873673,0.0128741151028686,-0.943728968001583,-2.01112818050729,-0.0848535196532971,-0.39531166008076,0.374486123250338,0.401671970137748,0.235354207061288,0.159090181433679,43,46.5
"South Dakota",2000,46,0.3142857,0.2857143,0.330231639207826,0.418625355731331,0.0128034148338638,0.0126057942338952,-1.0090094371199,-1.45974287367543,-0.166165120055949,-0.604166570497072,0.357446911190092,0.40106046808039,0.210385910191897,0.155326211511842,37.6,60.3
"South Dakota",2001,46,0.3142857,0.2857143,0.329012999710441,0.416062209054441,0.0129514915951967,0.0131207156049233,-0.881905325096693,-1.51364832376369,-0.129858462791149,-0.515178888105645,0.373134442881342,0.436153988310214,0.246732488537586,0.18852375587931,37.6,60.3
"South Dakota",2002,46,0.2571429,0.3,0.326743852068421,0.415460337217809,0.0133562995949309,0.0131259988161278,-0.771803600655196,-1.37549043702811,-0.0942771525425181,-0.530436719955899,0.355473743144603,0.387897399495674,0.239436283748741,0.177456933560616,37.6,60.3
"South Dakota",2003,46,0.2571429,0.3,0.325748549821785,0.414192115808965,0.0131720767834047,0.0129433283103924,-0.825511323737285,-1.4136067269428,-0.14388268195685,-0.339734898743921,0.36160616926446,0.414621662331578,0.208790691921813,0.159433697369655,37.6,60.3
"South Dakota",2004,46,0.2857143,0.2714286,0.32730054745272,0.409561736521416,0.0126137846922829,0.0121342126270948,-0.92146613173765,-1.4345796421293,0.0470566901911834,-0.313797635841368,0.402154607702045,0.422820112307995,0.180020134265945,0.158260679523258,38.4,59.9
"South Dakota",2005,46,0.2857143,0.2714286,0.327653770527125,0.40584131703746,0.0123780903919767,0.0127861993578763,-0.986053997936432,-1.41927130270158,0.117350927299373,-0.427965255580559,0.399281329785428,0.421358749874334,0.172346391458621,0.143479802019483,38.4,59.9
"South Dakota",2006,46,0.4285714,0.2857143,0.327776724020949,0.401279364791143,0.0119521676139627,0.012234495870965,-1.18856853774429,-1.405054869171,0.327273847674608,-0.353662201029025,0.384980200052707,0.385672489430965,0.162092266956057,0.143958252317385,38.4,59.9
"South Dakota",2007,46,0.4285714,0.2857143,0.329445637936249,0.393981702726956,0.0118939170441772,0.0121314905671601,-1.16856137124997,-1.52719773206868,0.40375082580057,-0.364874326933037,0.370096925684619,0.404241831028383,0.206188040270228,0.129263970573062,38.4,59.9
"South Dakota",2008,46,0.4,0.3428572,0.330451289437155,0.388374437997305,0.0119483269045545,0.0125893532246543,-1.21136271387411,-1.52569642159798,0.518612743099414,-0.303265221819199,0.396465110462797,0.41673321587753,0.226671440557451,0.140862797855128,44.7,53.2
"South Dakota",2009,46,0.4,0.3428572,0.326613144038823,0.385555542147565,0.0125440549768102,0.0127197098699385,-1.43082112030099,-1.36141174928344,0.329821883224351,-0.539890225250689,0.422167322182414,0.434309829376891,0.229745431522278,0.114474719924609,44.7,53.2
"South Dakota",2010,46,0.1714286,0.2753623,0.323809183374065,0.382277059237756,0.0122221655158769,0.0127631447390802,-1.46729689534545,-1.35403081885932,0.677795986136496,-0.570873950453061,0.410115374924514,0.398188214879,0.24002599938868,0.144795157615503,44.7,53.2
"South Dakota",2011,46,0.14285714,0.27142857,0.324550009288151,0.379394907000449,0.0129309015542361,0.0126523547536263,-1.31072001258387,-1.40707102180586,0.641838091141456,-0.553618098564785,0.3834129720274,0.421600990178509,0.245120077577035,0.13981670085346,44.7,53.2
"South Dakota",2012,46,0.14285714,0.27142857,0.323434903855842,0.377773434154084,0.0133206523507478,0.012701791733766,-1.36026222227814,-1.44269412192594,0.816331392140633,-0.51168550234039,0.38495579994365,0.434425043273868,0.283945340245053,0.143799606886367,39.9,57.9
"South Dakota",2013,46,0.2,0.24285714,0.320058770949275,0.376460427432544,0.0144452114788262,0.0139497051822323,-1.33794401959829,-1.11798855353326,0.889358883854837,-0.577360434216789,0.41098003083362,0.458453950702886,0.31505230824528,0.153922184738481,39.9,57.9
"South Dakota",2014,46,0.2,0.24285714,0.317440362433328,0.378385189899312,0.0159770910089536,0.0153748355957385,-1.24166668607732,-1.28485275770731,1.06015889966243,-0.668859894783828,0.396895117319607,0.50577008162738,0.380659118254204,0.166587237946745,39.9,57.9
"Tennessee",1946,47,0.8787879,0.8181818,0.63116137458204,0.233742645138803,0.0266176749159004,0.0246734341091672,-0.933757135500213,-0.77690136772672,-0.811103827531651,0.0254760645574845,0.786381462975196,0.310227566018255,0.164471119123218,0.0932130864477572,NA,NA
"Tennessee",1947,47,0.8787879,0.8181818,0.631803268862031,0.233168054219876,0.0246995263597675,0.0226250498961759,-0.906676868404327,-0.856012695117506,-0.691883886894009,-0.10011453297584,0.756366098076678,0.309801221740345,0.161612196440367,0.0848402418347429,NA,NA
"Tennessee",1948,47,0.8787879,0.8080808,0.632828283869947,0.232254525216145,0.022602610517864,0.0208940612007159,-0.953868716642002,-0.774817238196398,-0.669141243078231,0.0085959804918491,0.781479670446869,0.298369888975081,0.124161073024199,0.0816600498027036,NA,NA
"Tennessee",1949,47,0.8787879,0.8080808,0.631419956070006,0.23236923484249,0.0207713368925647,0.0185329449571969,-0.943265578678104,-0.700948089322614,-0.707658515508319,0.0043865657058726,0.767841555130495,0.305324130072305,0.145886024814984,0.0794293800230855,NA,NA
"Tennessee",1950,47,0.8787879,0.8080808,0.627810830623212,0.234283420243285,0.0191694373170913,0.0171146302663711,-0.987811652746464,-0.677964291412769,-0.446738586154812,-0.17041412389251,0.798984425369667,0.294798780728395,0.151440330820219,0.0988253026828708,NA,NA
"Tennessee",1951,47,0.8787879,0.8080808,0.622370875510689,0.239414950688944,0.0176713122033888,0.0157885011813106,-0.586813487407956,-0.933587059229229,-0.552541669442574,0.021530290019801,0.718320714358623,0.298462295601994,0.199422286424823,0.111294306280192,NA,NA
"Tennessee",1952,47,0.8484849,0.8181818,0.618533944339602,0.244105250764944,0.0155889938969584,0.014284721199286,-0.606991434950713,-0.953599755275386,-0.62079855522187,0.018601315060467,0.706036425246923,0.312032300754475,0.153228921757844,0.0886668826234361,NA,NA
"Tennessee",1953,47,0.8484849,0.8181818,0.613506577862868,0.248054265660002,0.0138687402279412,0.0131426857127816,-0.614904600803224,-0.415030886783142,-0.68208801198665,0.0072091562842997,0.762864540931975,0.308836663639038,0.160631396457872,0.0942933692743197,NA,NA
"Tennessee",1954,47,0.8484849,0.8080808,0.607785312180323,0.247858336306472,0.0126753225019666,0.0115926538029934,-0.649467665786421,-0.479619251338289,-0.763839430968303,-0.0255718560633547,0.738472736365591,0.318264169521583,0.128211927867849,0.0879849590249963,NA,NA
"Tennessee",1955,47,0.8484849,0.8080808,0.598199746199643,0.251162344213309,0.0122211978922409,0.0107744437066957,-0.702538469116029,-0.622251692868824,-0.578458001929594,0.176684095406084,0.708068767966619,0.314089099841732,0.116207976488378,0.076307802995537,NA,NA
"Tennessee",1956,47,0.8181818,0.7878788,0.581905712050811,0.254903920424493,0.0118706963586256,0.0103838913427812,-0.700284863749735,-0.739330670101205,-0.663437571469283,0.190186709383528,0.721375564103504,0.323020935261588,0.108852553342237,0.107441035419365,48.6,49.2
"Tennessee",1957,47,0.8181818,0.7878788,0.559303820974993,0.263842016873522,0.0115387935685613,0.01044213615862,-0.698810884931907,-0.829913525921282,-0.701284263081148,0.119522077043725,0.702973489278223,0.31630553814031,0.125155235852794,0.082626490678558,NA,NA
"Tennessee",1958,47,0.8484849,0.8282828,0.546206996267018,0.27089864959204,0.0119180675910569,0.0104828615728046,-0.682123646812161,-0.703960720918546,-0.728559118905374,0.193454746226738,0.71747749268958,0.327237727361466,0.113712081386746,0.103629240341007,NA,NA
"Tennessee",1959,47,0.8484849,0.8282828,0.53750548810738,0.266621485807579,0.0120515958080631,0.0103925102077777,1.00599087093514,-0.762740215140882,-0.774908121256233,0.153470890575617,0.372033029251207,0.296394539147907,0.107488999791875,0.089535533333429,NA,NA
"Tennessee",1960,47,0.8181818,0.8080808,0.532889686898775,0.258132194826799,0.0125586000672459,0.0104844388378678,0.949916027620643,-0.790740007312383,-0.747731200659991,0.178161761729081,0.350002707859336,0.313307881135774,0.118392636846292,0.114868435341359,45.8,52.9
"Tennessee",1961,47,0.8181818,0.8080808,0.529739748137037,0.250662131206901,0.0124943684996421,0.0104680353261718,0.911733475119364,-0.922663699918741,-0.743995773378992,0.222468438102853,0.363812716505683,0.30566885035465,0.100732692985705,0.107757108988094,45.8,52.9
"Tennessee",1962,47,0.8181818,0.7878788,0.522498971876311,0.248724600176026,0.0117233765351414,0.0097582912886383,0.858819064640934,-1.02781281319191,-0.70872350180819,0.0316863746289876,0.377869998507428,0.307971269310463,0.17475864401931,0.0992229789924144,45.8,52.9
"Tennessee",1963,47,0.8181818,0.7878788,0.515321764728908,0.244306469761579,0.0114567260025708,0.0100687071137773,0.819468061433106,-0.997062070638037,-0.331758403931857,0.0643384276550103,0.37475081358265,0.320304751448408,0.135606749572845,0.10873920909686,45.8,52.9
"Tennessee",1964,47,0.7575758,0.7575758,0.505925928806535,0.244344806136374,0.0116055832690432,0.0099460873196702,0.747340522765902,-0.906540182920867,-0.60374904280687,0.265783691526265,0.366867977973662,0.331921113780759,0.141547427986272,0.0842273633062997,55.5,44.5
"Tennessee",1965,47,0.7575758,0.7575758,0.488250156777773,0.252216911938193,0.0106262083384537,0.0094960155218818,0.612348911188648,-0.732466350391041,-0.455306280992968,0.128517039408916,0.340118236204644,0.312604587718246,0.119861839855865,0.119302938488455,55.5,44.5
"Tennessee",1966,47,0.7575758,0.5858586,0.4759394401728,0.257781473586946,0.0115926095738599,0.0104355507462345,0.519920187983229,-0.63292999920405,-0.553379040173751,0.0503583006871673,0.354075175855779,0.325604796738724,0.10783172394488,0.107201757692389,55.5,44.5
"Tennessee",1967,47,0.7575758,0.5858586,0.466946978654962,0.265288399908971,0.0117814402985508,0.0102913779106938,0.43160655711027,-0.705250886705167,-0.412337216383657,0.0176169865121605,0.345011569078948,0.345464408974185,0.129301244068868,0.112910543022982,55.5,44.5
"Tennessee",1968,47,0.6060606,0.5,0.455577022647865,0.265842661523278,0.0117066608350621,0.0099995273315993,0.381072542288436,-0.932000913726917,-0.553820292754085,0.214025780516094,0.32233588577027,0.343785483959963,0.119133889286005,0.108752659122334,28.1,37.8
"Tennessee",1969,47,0.6060606,0.5,0.445731345293141,0.268284488022764,0.012050110351078,0.0101399718746375,0.266673127010537,-0.899894095897378,-0.405663999835961,0.38871372108714,0.328925808036504,0.339255978023713,0.138600419430312,0.130005149408298,28.1,37.8
"Tennessee",1970,47,0.59375,0.5656565,0.44119751138504,0.268089030063462,0.0118419234948483,0.0102143786922711,0.203468524168173,-1.00718860186492,-0.43259061605301,0.271653512924507,0.346426499645473,0.368899000852557,0.145887159201226,0.170524493506936,28.1,37.8
"Tennessee",1971,47,0.59375,0.5656565,0.438224672908658,0.26736873307448,0.0122806829970102,0.0103688839283234,0.0968050917670128,-1.1239969270371,-0.295083615548013,0.352037167411447,0.34386320551044,0.376841005419545,0.15111756006482,0.145882695096523,28.1,37.8
"Tennessee",1972,47,0.59375,0.5151515,0.435746356536147,0.266323705832909,0.0119616117478121,0.0107972816484453,0.13884495366771,-1.2088356867261,-0.33875585452996,0.250238767257633,0.299731651741786,0.372668247504364,0.127843455087636,0.174719405612262,29.7,67.7
"Tennessee",1973,47,0.59375,0.5151515,0.439295363910708,0.258240767382633,0.0115971841697719,0.0106882595728486,0.327139797634327,-1.18946067707703,-0.378146786296547,0.264625793505143,0.302296436420631,0.392087715743771,0.150583232513268,0.127081354101162,29.7,67.7
"Tennessee",1974,47,0.625,0.6428571,0.443016368312939,0.249546267250215,0.0116841505120495,0.0100887595108244,-0.0376895180998549,-1.25499901746995,-0.436972030533458,0.0404929308830314,0.330967682078672,0.38119156069301,0.129259838737234,0.125873634478802,29.7,67.7
"Tennessee",1975,47,0.625,0.6428571,0.445450114434439,0.240523886605629,0.011293708426012,0.0094362461660113,-0.0802747887585616,-1.39469985123989,-0.488884360777096,0.0355336457869826,0.325914274295233,0.384051035034597,0.133535710924794,0.168001861570877,29.7,67.7
"Tennessee",1976,47,0.71875,0.6734694,0.441321781909652,0.236258698407005,0.010991125690663,0.0089484131779139,-0.0906558552664098,-1.30363062965319,-0.416112228788067,-0.0698132665230344,0.32073735097745,0.373765027039783,0.120309910973817,0.144687451134008,55.9,42.9
"Tennessee",1977,47,0.71875,0.6734694,0.443845146832961,0.230204358225767,0.0100541891660393,0.0083882440124626,-0.108689588289665,-1.3812862898441,-0.530727020569075,-0.206380003584202,0.295682943281904,0.376059692336819,0.12864968795598,0.179267187409014,55.9,42.9
"Tennessee",1978,47,0.625,0.6122449,0.446024199649772,0.226546073948328,0.0094488163302144,0.008105344044048,0.192961088198852,-1.35580426042128,-0.605032375130428,-0.251385646557725,0.326775055062128,0.355223413534024,0.136359968299531,0.16077763745102,55.9,42.9
"Tennessee",1979,47,0.625,0.6122449,0.444341492948323,0.226561672043985,0.0100290974197675,0.0079642092313582,0.149669637716119,-1.22889234519547,-0.415114809709328,-0.208011599990924,0.334117916487584,0.339653736372866,0.131842378155679,0.230161645735685,55.9,42.9
"Tennessee",1980,47,0.625,0.5979381,0.442497060549132,0.229779963018991,0.0095495650995891,0.0076613777840573,0.118278843889225,-1.15230060583106,-0.564173437247654,-0.207904926744242,0.32468250570853,0.328161561864964,0.126202866234804,0.160080986958522,48.4,48.7
"Tennessee",1981,47,0.625,0.5979381,0.437031445107984,0.235211779745567,0.0098539853372761,0.0077464151310733,0.0411311631844374,-1.04995005680854,-0.335540554313997,-0.159307437059605,0.336569786058748,0.356823676577557,0.128378740729464,0.194043622830707,48.4,48.7
"Tennessee",1982,47,0.65625,0.6122449,0.434298424727187,0.237260128894635,0.0097167938423991,0.0080425041999387,0.0192852784125575,-1.01971819093452,-0.424257514814136,-0.22359829117027,0.318873440056795,0.343057011568026,0.139902422617399,0.172848113537615,48.4,48.7
"Tennessee",1983,47,0.65625,0.6122449,0.431180371405828,0.241443844738202,0.0094422281999857,0.0082028993020626,0.0226604403675165,-1.11445625439787,-0.273746341831342,-0.282315031244128,0.327801400988635,0.328689147379062,0.133793688861643,0.157371355236505,48.4,48.7
"Tennessee",1984,47,0.6969697,0.6262626,0.423420317956404,0.245700050470894,0.0090511755948468,0.0077682412497536,-0.0536295196416863,-1.15386155989452,-0.372547012082138,-0.0685223173657163,0.313366230066943,0.326590658282955,0.124654338637614,0.168669259924932,41.6,57.8
"Tennessee",1985,47,0.6969697,0.6262626,0.41521518259562,0.24891990266899,0.0085969454529875,0.00747035223616,-0.0913950779132954,-1.12246753057326,-0.288287625246491,-0.122303257878105,0.308868325437528,0.343688904108491,0.148029115556734,0.179899785226661,41.6,57.8
"Tennessee",1986,47,0.6969697,0.6161616,0.40763730217507,0.249076784075924,0.0085044659937574,0.0075183992092395,-0.0757638889287917,-1.0228302586496,-0.18026196505988,-0.120176880585961,0.321870485546344,0.360991282831532,0.153923090860167,0.159592506152865,41.6,57.8
"Tennessee",1987,47,0.6969697,0.6161616,0.399108350034482,0.251385078659063,0.0081830451310994,0.0075226975571406,-0.17280352966952,-0.99423645919887,-0.339985655793978,-0.0543998008027341,0.318115244883609,0.336280489000637,0.131991219327135,0.119741733993465,41.6,57.8
"Tennessee",1988,47,0.6666667,0.5959596,0.387197362504436,0.255534607648997,0.0083754309228278,0.0072883405853935,-0.173070916645398,-0.98952391146876,-0.241424535964875,-0.0814787230486878,0.288937714171867,0.34292091119559,0.162732293527924,0.113330333182134,41.5,57.9
"Tennessee",1989,47,0.6666667,0.5959596,0.377655738995806,0.261603862674847,0.0085314429624723,0.0076995641988019,-0.204417753994283,-0.863515785440483,-0.270126046605481,0.162164618028289,0.309645712065493,0.343136548469098,0.161449589012913,0.11147351760452,41.5,57.9
"Tennessee",1990,47,0.6060606,0.5757576,0.37168484867785,0.265972822138063,0.0081627978094499,0.0076276259214202,-0.234423590438353,-0.976333803258871,-0.166536779650806,0.174765758103993,0.304508263298307,0.339086310889619,0.162059390751365,0.107653303441228,41.5,57.9
"Tennessee",1991,47,0.6060606,0.5757576,0.367131782158352,0.273330934807898,0.0080627009027951,0.0074064053012382,-0.283437150774397,-0.932447597301014,-0.155971398136371,0.173380987117203,0.308225863956829,0.357313696071593,0.181200556817537,0.110788158406387,41.5,57.9
"Tennessee",1992,47,0.5757576,0.6363636,0.369499044290667,0.280979055158357,0.0080393192568179,0.0075096123795954,-0.255362909541738,-0.923560236675747,-0.14240011059796,0.256437609210747,0.319286659301161,0.339429774618671,0.167420914419151,0.0954616889257845,47.1,42.4
"Tennessee",1993,47,0.5757576,0.6363636,0.368294048871644,0.286953148816526,0.008086349956929,0.0078946387293974,-0.359913064625026,-0.890517409035376,-0.0109367432043845,-0.0289854776142686,0.298357095377677,0.380564691685479,0.171400332632513,0.105623068192868,47.1,42.4
"Tennessee",1994,47,0.5454546,0.5959596,0.367263424275022,0.292643293964407,0.0081534750325821,0.0079169289100097,-0.715212103719754,-0.667826485846602,-0.124357780508349,-0.0546954635686291,0.357856123649974,0.367724097758882,0.142047292240502,0.122717844224782,47.1,42.4
"Tennessee",1995,47,0.5454546,0.5959596,0.364747792497342,0.296597791201052,0.0077730265135774,0.0076334245088116,-0.704288529419536,-0.793268037424028,-0.0651382244328296,-0.256608862364029,0.355210888547344,0.363485331892273,0.189479936598488,0.115672264989142,47.1,42.4
"Tennessee",1996,47,0.5454546,0.6161616,0.363704061304208,0.299533055928982,0.0079262633445677,0.007769914604458,-0.543740047822677,-0.925714837535497,-0.0008145391853573,-0.0832634338983735,0.323640197105066,0.370397742763375,0.144135632117425,0.132399823104534,48,45.6
"Tennessee",1997,47,0.5454546,0.6161616,0.3631907637005,0.300982752962689,0.0082611074992639,0.0075416036724194,-0.7409322359938,-0.470075302374281,0.0011903644243642,-0.176989531487559,0.346908473543854,0.4192766775716,0.179852584639863,0.146991474527914,48,45.6
"Tennessee",1998,47,0.5454546,0.5959596,0.366125007749486,0.300232554590481,0.0079017389133161,0.0076773072384718,-0.746266899091584,0.629755691420339,0.0145142595938435,-0.125148134815506,0.343612103561507,0.356770138285108,0.161836274109696,0.134125621386965,48,45.6
"Tennessee",1999,47,0.5454546,0.5959596,0.365676309321378,0.301458336821553,0.0074018534740341,0.0074735590577633,-1.1410416327753,0.265342709174336,0.0086890283720342,-0.0250272473311865,0.38580013371811,0.335527909533965,0.181815258737124,0.134946146948989,48,45.6
"Tennessee",2000,47,0.5454546,0.5858586,0.36937492358305,0.308463891631012,0.0066700970433222,0.0064246445685125,-1.31279734109482,-0.810290257794658,-0.0208938872046359,-0.241148566661641,0.381386498507228,0.369711034053885,0.160981676381567,0.107706975441088,47.3,51.1
"Tennessee",2001,47,0.5454546,0.5858586,0.366218410000357,0.318432721364989,0.0068009703670873,0.0073419470025652,-0.887016223681616,-0.851765235338613,-0.0626983068957339,-0.184268693113474,0.370589094350506,0.399881438787255,0.20214875903728,0.160517132909431,47.3,51.1
"Tennessee",2002,47,0.5454546,0.5454546,0.363371665292904,0.323272841104383,0.0072066210006054,0.0078310059760589,-1.00793822066491,-0.880267823275591,-0.132736295626713,-0.240022579640155,0.381940336846917,0.389185210060313,0.169206720221749,0.150073229044202,47.3,51.1
"Tennessee",2003,47,0.5454546,0.5454546,0.360223219123921,0.326677679084839,0.007074278786691,0.0073536030676815,-0.888500147095099,-1.15858600557363,-0.236638204511985,-0.0431478633289567,0.381579599152235,0.400208424267712,0.149948457840194,0.14273221622876,47.3,51.1
"Tennessee",2004,47,0.4848485,0.5353535,0.358064314036067,0.327799530454196,0.0068863716799819,0.0067832140552864,-0.913048136814734,-1.15443923694177,-0.163704856495294,-0.086318707402514,0.400880894437204,0.408065881154441,0.12169818757176,0.11536570251571,42.5,56.8
"Tennessee",2005,47,0.4848485,0.5353535,0.352079426234653,0.326711243645448,0.0067468055431296,0.007073748553521,-0.922980020420066,-1.19113752206998,-0.137428673214714,-0.216091009318182,0.379762968608653,0.366616248552082,0.132498811032595,0.121077701187875,42.5,56.8
"Tennessee",2006,47,0.4848485,0.5353535,0.347850438365801,0.321755265380686,0.0063415981795529,0.0067639619252993,-0.956868613000204,-1.35333263412612,-0.0927400287336382,-0.214867402107924,0.413327948084147,0.40452566311513,0.118225924946268,0.10140459488803,42.5,56.8
"Tennessee",2007,47,0.4848485,0.5353535,0.346580525224621,0.316955860343657,0.006236054041811,0.0068600840052307,-1.1494151452217,-0.733185836896514,-0.0274510218308688,-0.126785599107775,0.374435006298338,0.345483559011724,0.139848688407827,0.113563660619881,42.5,56.8
"Tennessee",2008,47,0.4242424,0.4949495,0.344710993469164,0.318423079165257,0.0060218134941964,0.0065664762196068,-1.1782044024872,-0.866278271021621,-0.0189032401639163,-0.276282973493167,0.378032430500528,0.366088770621062,0.143905061548757,0.0937886371331163,41.8,56.8
"Tennessee",2009,47,0.4242424,0.4949495,0.344357102376382,0.3108956944927,0.0061485916662662,0.006342087751763,-1.17097162911372,-0.582625412737554,-0.112875216705116,-0.387156693831286,0.372285291776119,0.356873708922945,0.176876244971598,0.0856138149818497,41.8,56.8
"Tennessee",2010,47,0.3939394,0.3469388,0.341990611000275,0.307395110099835,0.0061881688489208,0.0062615153212348,-1.25878784233876,-0.62119208775209,0.208658221120141,-0.404241079655388,0.386796105245308,0.354803640492054,0.167229379341473,0.0980789570562963,41.8,56.8
"Tennessee",2011,47,0.39393939,0.33333333,0.339126161422353,0.302090019080001,0.0062498300451584,0.0064728838746871,-1.24432679618679,-0.427581551046751,0.317913839746194,-0.411398333675321,0.38201522624299,0.337398420645545,0.185263733862933,0.112180802193335,41.8,56.8
"Tennessee",2012,47,0.39393939,0.34343434,0.335663870852326,0.301110724524536,0.0060837554224066,0.0065815819164946,-1.27941473379112,-0.503143823463656,0.399669513740082,-0.409545284957372,0.408109408051315,0.351608485752695,0.189874918332885,0.0975261978179434,39,59.4
"Tennessee",2013,47,0.21212121,0.28282828,0.336506814803808,0.295737939239866,0.0068505402556059,0.0071218582178519,-1.23404173006097,-0.608022981223368,0.433974387653246,-0.447031275796028,0.369683591788514,0.44209250683646,0.232319505217228,0.113622190019204,39,59.4
"Tennessee",2014,47,0.21212121,0.27272727,0.336636449838642,0.297279900625152,0.0072824344712597,0.007817321874598,-1.23829136440525,-0.570867560224617,0.410269738305177,-0.476453377135957,0.373228039016795,0.428687592088381,0.270723543291353,0.10797230708142,39,59.4
"Texas",1946,48,1,1,0.629355306733485,0.195728381309516,0.0234910073450064,0.0196088543236238,-0.828637278037175,-0.38563254275635,-0.500377055047809,-0.107776995966532,0.820040285841195,0.319770564256066,0.137454067740627,0.0790279613957639,NA,NA
"Texas",1947,48,1,1,0.631570037803109,0.194078028614777,0.022290427384769,0.0182382952857693,-0.958423508792671,-0.2708205059978,-0.55319650850869,-0.0697010245481519,0.801462255118599,0.289873847360855,0.13267784534592,0.0723496632994795,NA,NA
"Texas",1948,48,1,1,0.633251921781118,0.19314920738747,0.0202666703033456,0.0161892229690707,-0.932472929373603,-0.253132857700339,-0.528201944701479,0.0057569260104611,0.822534044623491,0.293781923073842,0.118153294820601,0.0706465841029336,NA,NA
"Texas",1949,48,1,1,0.641374909447027,0.185786777259011,0.0189935836708677,0.0149752819797715,-0.989310993794435,-0.349897729528661,-0.361172284545079,-0.0146048091921843,0.731279365681301,0.313429648499791,0.136155469311585,0.063096680493174,NA,NA
"Texas",1950,48,1,0.9933333,0.650093179044009,0.178222111112863,0.0174335977735788,0.0131528408659718,-1.03396665748442,-0.362223925187299,-0.0897827429372375,-0.143866021673009,0.738840051940633,0.303526354255006,0.15128754007778,0.0878368326140091,NA,NA
"Texas",1951,48,1,0.9933333,0.657811311618194,0.171593761498879,0.0156981585952622,0.0122842764099765,-1.02027356607737,-0.583117382862178,-0.249444885729741,0.018687469971602,0.755368500274526,0.297072542460725,0.190069832053489,0.101350545820232,NA,NA
"Texas",1952,48,1,1,0.665085503196887,0.164804288442931,0.013369683933478,0.010391030118098,-1.07151945375073,-0.55247750231666,-0.233236711308607,-0.0379033583068297,0.751185780309917,0.308554285119361,0.129381006530242,0.0813694466851906,NA,NA
"Texas",1953,48,1,1,0.656748828007796,0.169842983969185,0.0107046340577727,0.0085714714266381,-1.12132568909661,-0.507747142664589,-0.23241876823591,-0.13056363720066,0.768608322209234,0.28541126223023,0.128898660929505,0.0790948456581224,NA,NA
"Texas",1954,48,1,1,0.648775718049952,0.174634097272947,0.0098813116958089,0.0080936205993152,-0.616762390632631,-0.618272026761246,-0.574935822336956,0.0697347496789865,0.744732994644017,0.30297270310007,0.0985155327352002,0.0626388469338582,NA,NA
"Texas",1955,48,1,1,0.633206844423433,0.182049521234141,0.0099103268394156,0.0076994618801939,-0.691631410764167,-0.552985865557708,-0.354432218554051,0.0279429803426682,0.709485604153443,0.322916588990942,0.126611150902287,0.0696294063424695,NA,NA
"Texas",1956,48,1,1,0.626910542269042,0.180235316068019,0.009066712766657,0.0069434526353794,-0.648950807275429,-0.411348435747304,-0.507752217286105,0.106755566932307,0.736969195933398,0.297931469364253,0.10995342664115,0.0913219484485459,44,55.3
"Texas",1957,48,1,1,0.629433166963925,0.163620054026468,0.0092112492470188,0.0067995878576628,-0.757001381349911,-0.376846258626623,-0.431433058204261,0.188324368466097,0.714921002442689,0.298533164043647,0.108744184803363,0.0810894308455262,NA,NA
"Texas",1958,48,1,1,0.635149403603035,0.152069224422966,0.0092356598237086,0.0069057412069592,-0.708314570263994,-0.241557439211935,-0.579978743944069,-0.0307209429102954,0.694302155421057,0.311353653500241,0.090089758676587,0.112159109065841,NA,NA
"Texas",1959,48,1,1,0.630602870546834,0.142042994737396,0.0095167205707187,0.0068370311304019,-0.825015458677422,-0.294346621290856,-0.363676687542226,0.0476689532932948,0.756055482599683,0.311729378563899,0.0968211683058242,0.0770415355573962,NA,NA
"Texas",1960,48,1,1,0.62503286386513,0.137714645276671,0.0102169931817531,0.0071473626396449,-0.797824581433985,-0.344598946924786,-0.494228291890853,0.0276505280154278,0.669349747921516,0.291009302022008,0.146172991731185,0.120004561410888,50.5,48.5
"Texas",1961,48,1,1,0.614356156411611,0.137247648949864,0.0100485643007006,0.0068312525793455,-0.790901311174463,-0.367612904113435,-0.615275473508767,-0.0027269927667038,0.659112272223,0.292402582442614,0.0952216680625299,0.108153720973693,50.5,48.5
"Texas",1962,48,1,0.9533333,0.610935755799306,0.136826630858955,0.0097273155489041,0.0063598782436509,-0.81944112394096,-0.237202974587891,-0.516860474645677,-0.140236171577679,0.681316460718904,0.318691395109285,0.165461363695228,0.106566939936096,50.5,48.5
"Texas",1963,48,1,0.9533333,0.599870961569651,0.139651285897549,0.0086996121104655,0.005578606845534,-0.797759630504957,-0.26536885542491,-0.547377036164716,0.180327841161662,0.669616685997147,0.290541163297036,0.121238809775482,0.10866370093192,50.5,48.5
"Texas",1964,48,1,0.9933333,0.603047813439475,0.137584094973183,0.0080064410481575,0.0056755336407557,-0.827564115231082,-0.29393599016668,-0.436381870644917,0.176041317367355,0.647304391743344,0.301911184140905,0.0985184796682963,0.0711511505462609,63.3,36.5
"Texas",1965,48,1,0.9933333,0.595952132490199,0.140399787528287,0.0077567693308456,0.0049996280337898,-0.91829718432843,-0.33230648088801,-0.616421131476503,-0.0695983857934919,0.60868438159528,0.299440030780221,0.0945154070075911,0.0889983035331545,63.3,36.5
"Texas",1966,48,0.9677419,0.98,0.588120339918331,0.140280710775769,0.0081837948242525,0.005542887000242,-0.962211335913217,-0.36963581685668,-0.709917613332563,-0.126842103768009,0.632052062396799,0.323535963181168,0.0880490363544493,0.104804527131083,63.3,36.5
"Texas",1967,48,0.9677419,0.98,0.582004445877209,0.140406233975291,0.0082926567596012,0.0055820839120967,-1.06394265898082,-0.336588665302107,-0.455971183194492,-0.116234479036569,0.643777955149107,0.333509358118216,0.108242319548986,0.105685029013566,63.3,36.5
"Texas",1968,48,0.9354839,0.9466667,0.576356059123173,0.136439313058442,0.0082347900954368,0.0054706468239042,-1.08190159757308,-0.638418197181549,-0.407874108130677,0.0114015771486132,0.644212598241176,0.34412013279071,0.0770515597328171,0.0832284296871847,41.1,39.9
"Texas",1969,48,0.9354839,0.9466667,0.566636085547913,0.136196521560493,0.0084363344148004,0.0056812169147647,-1.2085436066841,-0.437552171389413,-0.449284765517533,0.247514528056224,0.645884870000863,0.345752462862874,0.11546590236285,0.117895485289961,41.1,39.9
"Texas",1970,48,0.9354839,0.9333333,0.56220278240726,0.134200511553656,0.0083760823225623,0.0056845265340895,-1.14693142119019,-0.398496656012062,-0.365361377205691,0.16038849442612,0.624214054695269,0.330342261673407,0.136628432283495,0.19107491089821,41.1,39.9
"Texas",1971,48,0.9354839,0.9333333,0.55336458105951,0.135009229035486,0.0085433889234963,0.0058776638591629,-1.21115764648286,-0.303595300552723,-0.355675076757317,0.268313004471406,0.590954288276651,0.327375534618684,0.122649738316443,0.129225092290739,41.1,39.9
"Texas",1972,48,0.9032258,0.8866667,0.548633938759336,0.132223335494756,0.0085543687145918,0.0059946146151428,-0.859345642188151,-0.637009424312356,-0.353422038416249,0.0141043960295084,0.428917696807268,0.338418038404718,0.108497535999429,0.141462368932892,33.2,66.2
"Texas",1973,48,0.9032258,0.8866667,0.550074641729563,0.12981344726678,0.0087607874019055,0.006204613627478,-0.475290373144908,-0.61969041368575,-0.375637779721253,0.192969658254663,0.431127783119685,0.356761297875664,0.131965062799402,0.107732421962246,33.2,66.2
"Texas",1974,48,0.9032258,0.9,0.552095388155182,0.130787436281751,0.0090540745965427,0.0059673595760451,-0.480122055496977,-0.793182997232282,-0.360442570034248,-0.0676823281998836,0.418700529907328,0.369000798564225,0.118802567230983,0.110967859256625,33.2,66.2
"Texas",1975,48,0.9032258,0.9,0.548796167980953,0.133440180261215,0.0085314264415361,0.0060796661975805,-0.49971884005071,-0.760050923613575,-0.405287758007354,-0.0719898837999605,0.416083041885023,0.33345908479593,0.118185509833656,0.140567961281379,33.2,66.2
"Texas",1976,48,0.9032258,0.88,0.543872709978269,0.13800837068308,0.0079316032803003,0.0054065323525871,-0.512678608800893,-0.803566616109997,-0.316323558265233,-0.115365818058753,0.433673818406004,0.339776179865274,0.10335583085126,0.130886417084599,51.1,48
"Texas",1977,48,0.9032258,0.88,0.53951712076013,0.147194854353682,0.0078443813344683,0.0055812050325763,-0.552235354154735,-1.04636708738507,-0.444060177975708,-0.299716276115164,0.454974199355996,0.299158218790396,0.121174093488039,0.152165888265079,51.1,48
"Texas",1978,48,0.8709677,0.8533334,0.531737362197538,0.155832200886292,0.0075827532782448,0.0055800982307577,-0.583919049621839,-1.07073421143358,-0.362492613020274,-0.290005570790548,0.430915804338301,0.345441552311929,0.118764774899327,0.179470559928568,51.1,48
"Texas",1979,48,0.8709677,0.8533334,0.516703489787896,0.167075097459715,0.0073714449724308,0.0055216160615642,-0.609575836813668,-1.14472533525648,-0.20671526004599,-0.312551826762751,0.434459479533837,0.317117843532408,0.113593112842247,0.223823080297384,51.1,48
"Texas",1980,48,0.7741935,0.76,0.4961558495828,0.183136364011399,0.006617236591096,0.0052737254060783,-0.604548109219553,-1.18084707939118,-0.329672284539502,-0.232279639733516,0.407974573007013,0.308658313776487,0.102837852338115,0.166554133734534,41.4,55.3
"Texas",1981,48,0.7741935,0.76,0.472400286449929,0.20199905343123,0.0068134088508122,0.0055600575269998,-0.668487427959141,-1.23652840491679,-0.173267465543013,-0.168719579613715,0.418334051745257,0.330601183141731,0.118896585095076,0.213111069729574,41.4,55.3
"Texas",1982,48,0.8387097,0.76,0.45665027198949,0.213459761142526,0.0072956703352078,0.006075276093176,-0.693142210290497,-1.17245527065462,-0.352512758923814,-0.274044810150268,0.393549089946111,0.348960112212065,0.114768742771257,0.181284085753296,41.4,55.3
"Texas",1983,48,0.8387097,0.76,0.436829979874869,0.226738337482573,0.0066804159327201,0.0060799798652407,-0.242267112352102,-0.793203356996848,-0.245488147627633,-0.315808194121703,0.405131765155979,0.318481503309043,0.122818319318436,0.158443130349183,41.4,55.3
"Texas",1984,48,0.8064516,0.6533333,0.410584220512886,0.247805851324841,0.0068194567027158,0.0062181688757582,-0.274659488433144,-0.804942118704603,-0.312882343331261,-0.173815781568665,0.380783909046672,0.326051834793085,0.103295775506588,0.192204173758862,36.1,63.6
"Texas",1985,48,0.8064516,0.6533333,0.39186146674265,0.268539571166319,0.0067151952272963,0.0065021624196323,-0.285301417692013,-0.804464438564105,-0.277954311761873,-0.364392345150871,0.398553669520222,0.317118442531596,0.141337718935096,0.187085480304955,36.1,63.6
"Texas",1986,48,0.8064516,0.6266667,0.379553741846347,0.270811964520286,0.0064419594448535,0.006341554681743,-0.29797522452988,-0.849991057154421,-0.228460515319129,-0.199608327225389,0.367880914657349,0.322328936107794,0.133719077424289,0.172369657305158,36.1,63.6
"Texas",1987,48,0.8064516,0.6266667,0.373700485472519,0.27183183563848,0.0060298435260404,0.0057638625236516,-0.363158191064255,-0.839815998511265,-0.184077943781158,-0.252146715894336,0.41357997729179,0.347748895793955,0.115095925103263,0.122652102268151,36.1,63.6
"Texas",1988,48,0.7419355,0.62,0.372823542613044,0.272405815037006,0.0065567503971962,0.0061777650066829,-0.394001394503145,-0.903442772593951,-0.24176259342645,-0.088520920982695,0.392320297562656,0.330605873046787,0.139713475100015,0.105430667973511,43.3,56
"Texas",1989,48,0.7419355,0.62,0.366372937983537,0.279008007816004,0.0066658537905568,0.0059800974584163,-0.374196593795286,-0.924588381841703,-0.240696126725094,-0.0271018638836711,0.364611613566962,0.317768606173356,0.14677738679184,0.111042973954489,43.3,56
"Texas",1990,48,0.7419355,0.62,0.3595546306976,0.286170897978363,0.006398199827152,0.0062427711171638,-0.426259329826839,-1.06556229120224,-0.157506203086891,0.130514955905161,0.372700851028997,0.32522929411196,0.142833095117835,0.103165956531272,43.3,56
"Texas",1991,48,0.7419355,0.62,0.357361549040493,0.288833498783802,0.0062640319042301,0.0062093725224845,-0.326149804092609,-0.945665492552071,-0.142447644534547,0.0294116743376199,0.332253765173549,0.338187655164524,0.172213020196766,0.0908491442205574,43.3,56
"Texas",1992,48,0.5806451,0.62,0.356956787606613,0.287882875704897,0.0062976165963185,0.0060234865368548,-0.307238986195377,-0.906305480038828,-0.0505015021871637,0.0432487604703871,0.328014797409398,0.34864480755774,0.153621057953276,0.0918585132364194,37.1,40.6
"Texas",1993,48,0.5806451,0.62,0.352146888614957,0.286586063462562,0.0063217035044704,0.006499537348561,-0.350892409450101,-1.1070987535455,0.11822723710785,-0.270456347876256,0.361134521814866,0.400666365197314,0.159623489047018,0.0953356364962272,37.1,40.6
"Texas",1994,48,0.5483871,0.5933333,0.352149029016736,0.289593758338303,0.0064730675642778,0.0065454681874043,-0.22465016533376,-1.04453570766695,0.0721021707497525,-0.197642506581341,0.380537262548099,0.42595687886218,0.118673922290943,0.118591904416559,37.1,40.6
"Texas",1995,48,0.5483871,0.5933333,0.349742334852372,0.299514058543754,0.0060202595476271,0.0058228288607372,-0.323332095664214,-0.991876889488949,0.143263233276031,-0.501664324254636,0.378690133011585,0.406064549152487,0.165785998235088,0.109044628018037,37.1,40.6
"Texas",1996,48,0.4516129,0.5466667,0.349685630043779,0.30091440473044,0.0063904129578402,0.0060651716744381,-0.350550026943221,-1.19028412260081,0.211252169544537,-0.156798038621656,0.343340021715905,0.394048523691319,0.123359872684482,0.128126253582478,43.8,48.8
"Texas",1997,48,0.4516129,0.5466667,0.344373973143878,0.310146007896428,0.0067052062354958,0.0063996146231803,-0.268327599892569,-1.07450451439553,0.228831323531521,-0.404242399059612,0.357551116651833,0.396569867519301,0.167739517516684,0.130608219754121,43.8,48.8
"Texas",1998,48,0.483871,0.52,0.344134203736873,0.318442726900887,0.0062471506100235,0.0060968580980227,-0.29575115496128,-1.22804556827818,0.167649932935616,-0.328970993317364,0.339432697613562,0.396489338306831,0.132643133583075,0.138747397119846,43.8,48.8
"Texas",1999,48,0.483871,0.52,0.337992992489534,0.329014697772248,0.0059586441597142,0.0059473021893805,-0.332644015620536,-1.04031668616281,0.161730301631646,-0.227635258233808,0.343771132831858,0.405836857244657,0.182449287366657,0.131154956548466,43.8,48.8
"Texas",2000,48,0.483871,0.52,0.340433946113839,0.343343451546845,0.0046849213651352,0.0048537829768094,-0.382809996204545,-1.0923890811226,0.291869745531517,-0.320884804916647,0.334002586282151,0.40065860253608,0.145575864393401,0.0995693831065179,38,59.3
"Texas",2001,48,0.483871,0.52,0.328980360363083,0.35534474751506,0.0053792198591421,0.00586377925594,-0.383097110205536,-0.929091240908169,0.252070921974117,-0.175768885930883,0.35314218918701,0.362945432007696,0.186983412466963,0.144548068311853,38,59.3
"Texas",2002,48,0.3870968,0.4133333,0.323566797966015,0.364728294793911,0.0057236695358399,0.0062404901209043,-0.258203561590602,-1.08653294941129,0.292799874883964,-0.332331719111057,0.312145638332996,0.396893843792825,0.160124815835925,0.130792553852785,38,59.3
"Texas",2003,48,0.3870968,0.4133333,0.322133023205694,0.366099895320387,0.0051852124617331,0.0058402875190874,-0.4038003521349,-1.13686772354901,0.202966552909539,-0.0097641787374288,0.354359143484819,0.415239152522448,0.133113980851818,0.137366716057344,38,59.3
"Texas",2004,48,0.3870968,0.42,0.319244947909022,0.37071893894666,0.0046209671549944,0.0048638280956261,-0.350671521139663,-1.18100061776486,0.168223072086987,-0.202394677394755,0.347631996278363,0.406822655814158,0.103795224824985,0.111280634511262,38.2,61.1
"Texas",2005,48,0.3870968,0.42,0.317913810217113,0.358852070970308,0.0050962123023549,0.0055825801713775,-0.428455263753995,-1.30710405482613,0.251777672974716,-0.254096328081459,0.362405460751791,0.39781802820957,0.105800121452822,0.104907061633835,38.2,61.1
"Texas",2006,48,0.3548387,0.46,0.322301950233366,0.342693622614729,0.0045152210908077,0.004848842013242,-0.422922046361271,-1.4374096059378,0.397843052255828,-0.174047751613684,0.35224539054247,0.421515733044481,0.108696714889974,0.0906129606657276,38.2,61.1
"Texas",2007,48,0.3548387,0.46,0.32640058502169,0.33246985642699,0.004636672587233,0.0049191352302614,-0.622016594945209,-1.01181144131662,0.426159426071788,-0.11486758598852,0.338802523523292,0.383396246477597,0.11749377561618,0.0954426244214784,38.2,61.1
"Texas",2008,48,0.3870968,0.4933333,0.336176509172633,0.332463341554025,0.0045149851890466,0.004636521977161,-0.659897024096154,-1.05113253383858,0.469277146416626,-0.197892307252733,0.360461706676083,0.385949875073732,0.118474892876549,0.0834058512508184,43.6,55.4
"Texas",2009,48,0.3870968,0.4933333,0.329203925704102,0.328724050834263,0.0043794329773316,0.0048231063291292,-0.672738013730778,-1.08472091643285,0.21824214508449,-0.342610649441264,0.351617757563809,0.367269261364055,0.143282143796099,0.0798594665529228,43.6,55.4
"Texas",2010,48,0.3870968,0.3266667,0.321191375955378,0.337480786132211,0.004490051643869,0.0047693801082413,-0.735784540303157,-1.15243716157132,0.461781538246748,-0.41229289588161,0.344057415313407,0.409155604898817,0.148595739485329,0.085252060632804,43.6,55.4
"Texas",2011,48,0.38709677,0.32666667,0.318018982754585,0.330647844838193,0.0048848840366108,0.0049879933148242,-0.744780559100283,-1.07109702886892,0.578615963781373,-0.408676737117333,0.343844483273394,0.438416299925228,0.165005453812462,0.0851607144424402,43.6,55.4
"Texas",2012,48,0.38709677,0.32666667,0.324063727411615,0.324614027518631,0.0043424585792255,0.0047929810069932,-0.777996015208997,-1.08354483340786,0.65952572741934,-0.427003327739931,0.35837297024974,0.399109469229435,0.158292538175044,0.0896730099217479,41.4,57.1
"Texas",2013,48,0.38709677,0.36666667,0.325988106110535,0.314947015054002,0.0051716915331692,0.0054829647226469,-0.732435584864214,-0.939921509569851,0.820035277176892,-0.492635807588592,0.347968128420542,0.466488254450911,0.18859582956573,0.102538026045954,41.4,57.1
"Texas",2014,48,0.38709677,0.36666667,0.334605209539088,0.312633113910459,0.0054065006340637,0.0052454672074607,-0.754928010774972,-0.902340646449687,0.999872070177598,-0.462940687829681,0.333082784789418,0.457642233326319,0.211798783549408,0.106054224843995,41.4,57.1
"Utah",1946,49,0.5217391,0.35,0.379022766620729,0.327114728980129,0.029576772774056,0.0262537828302953,-0.460841722244893,1.28675335729214,-0.361797302610294,0.110548365620541,0.744304515364321,0.263740926271564,0.161524186595592,0.0895286051286819,NA,NA
"Utah",1947,49,0.5217391,0.35,0.378303099249728,0.327773046076899,0.0281874986688608,0.0252936398771499,-0.52699686181034,1.00428629708367,-0.137874824996024,0.0739337124510533,0.743604600305399,0.280274196540254,0.147460875646519,0.089755345986265,NA,NA
"Utah",1948,49,0.5217391,0.6833333,0.377632438998095,0.327996564093761,0.0258089679468861,0.0242645686440306,-0.448265332600429,1.08983470415245,-0.32364371858015,0.109139273350652,0.705472689560534,0.275411047248263,0.127788489102326,0.0845758745464263,NA,NA
"Utah",1949,49,0.5217391,0.6833333,0.378746352864628,0.327328674956752,0.0239939638645433,0.0229962345966956,-0.549750335487782,0.826825848079822,-0.264677031880843,0.0331659056897571,0.732520573528708,0.29728586205064,0.14340149759083,0.0866055948352485,NA,NA
"Utah",1950,49,0.6956522,0.5,0.377831383249096,0.327498826016137,0.0228971918465115,0.0217010370314749,-0.619761376329148,0.684760154425109,-0.0915205226695488,-0.109574175187372,0.732808544174532,0.294202111396181,0.166263688394324,0.118953315682037,NA,NA
"Utah",1951,49,0.6956522,0.5,0.378126791643026,0.327447767643711,0.0217527084753402,0.0206345720440613,-0.622364555275889,0.941515752057339,-0.219926446714354,-0.100206368909836,0.722354737105681,0.288948731894804,0.2129226277097,0.129316094637249,NA,NA
"Utah",1952,49,0.3478261,0.35,0.379036926773391,0.327156757953332,0.0203738931586393,0.0203620835811423,-0.663671367567929,0.955163946538227,-0.21459773980576,-0.044221251177296,0.74562113872202,0.307788890337881,0.166236489120635,0.108905793591103,NA,NA
"Utah",1953,49,0.3478261,0.35,0.378794451679601,0.330509826068294,0.0186317609396848,0.0178707028800043,-0.694115559006804,1.02187317680668,-0.350656310898852,-0.015728904057475,0.734348652159453,0.316274930659844,0.176748466135478,0.105765100175452,NA,NA
"Utah",1954,49,0.3043478,0.45,0.378262276263976,0.328611348018257,0.0177830923382731,0.0169630453597743,-0.626664097921459,0.87395099859684,-0.365362847649041,-0.0218551173825742,0.732560532756004,0.305158812064975,0.150512935190975,0.094746332843305,NA,NA
"Utah",1955,49,0.3043478,0.45,0.383378235112861,0.321125293449576,0.0167624774056931,0.0156095579936929,-0.717247426484945,0.600302779919614,-0.148380460110191,-0.0595104884863338,0.743887048709709,0.287937540978109,0.15728696378211,0.0963094481926911,NA,NA
"Utah",1956,49,0.4,0.3809524,0.38576262298457,0.314669171246538,0.016203333937668,0.0155633629510811,-0.71514698539816,0.469051832742348,-0.356640943269569,0.0004842517274127,0.722295085494801,0.293093010916861,0.126558962218091,0.110134318085756,35.4,64.6
"Utah",1957,49,0.4,0.3809524,0.38336177214603,0.308928812329936,0.0158174483427588,0.0145955984036626,-0.687199145049795,0.536041454957316,-0.252461286036597,0.0307349862529987,0.688377793476813,0.298468736801961,0.133648991320072,0.116193859386376,NA,NA
"Utah",1958,49,0.48,0.65625,0.382077165419554,0.303531634433202,0.0153302114497993,0.0140583776519501,-0.71828867567786,0.4570959809514,-0.253319142614368,-0.0083322205111522,0.749708794015886,0.278675581379035,0.139998209092312,0.13296418910195,NA,NA
"Utah",1959,49,0.48,0.65625,0.381166000055773,0.297775002360964,0.0151731228442727,0.0132886617126934,-0.776981067455469,0.361932829619647,-0.228709367088014,0.0255664194254775,0.732862464663928,0.273838280068238,0.140698341329872,0.137042663465853,NA,NA
"Utah",1960,49,0.56,0.5625,0.382717183887668,0.294091505118655,0.0155271572797278,0.0136716479404817,-0.729991305835615,0.431145632193262,-0.305176389707458,0.04681026144215,0.672774445147411,0.275826828318431,0.161809504455263,0.150239970313089,45.2,54.8
"Utah",1961,49,0.56,0.5625,0.384853632933572,0.291321674930147,0.0151090367868185,0.0137500562763123,-0.763144317677691,0.64855403260767,-0.444806864413541,0.167416829461588,0.682585991615079,0.270546506104734,0.14356961721551,0.130449517143359,45.2,54.8
"Utah",1962,49,0.48,0.46875,0.387398263807741,0.289126072547455,0.0149136912398228,0.0135517310957809,-0.754063124793336,0.206361251952615,-0.360958899073292,-0.102634821635718,0.718225708286883,0.279613259835752,0.181444113431487,0.106859337804028,45.2,54.8
"Utah",1963,49,0.48,0.46875,0.391357200568762,0.28519155219366,0.0143866971081354,0.0130014346943927,-0.831490109811562,0.143044662176055,-0.332223562194514,0.128927608483352,0.662442952876427,0.282514817858399,0.164915711826178,0.141362904666193,45.2,54.8
"Utah",1964,49,0.5555556,0.5652174,0.393208929559767,0.285014262935536,0.0148118838131631,0.0136426098959242,-0.89915265468159,-0.0558869623253009,-0.196340582095556,0.0489074362357345,0.675489983805333,0.272313955873015,0.129135967753064,0.105005203880378,54.9,45.1
"Utah",1965,49,0.5555556,0.5652174,0.38894559713199,0.286562234814274,0.0152428438117201,0.0142492705234916,0.392219441907505,0.0614064680625253,-0.462451908990935,0.160523187462161,0.378540063356299,0.290023870693204,0.167535305654423,0.154968194569291,54.9,45.1
"Utah",1966,49,0.1785714,0.1449275,0.382945987843224,0.289617051192256,0.0158010076929655,0.0145090042224529,0.301888024647594,0.130271998009531,-0.285248223120228,0.0926610444165663,0.421552765396453,0.290779919613539,0.148182934605668,0.138494372494245,54.9,45.1
"Utah",1967,49,0.1785714,0.1449275,0.376701135013483,0.294089236762251,0.0156258325507318,0.014514304079061,0.24882137756524,0.0464389394952171,-0.468921008049359,0.0203397878396388,0.403497063434917,0.318086190106211,0.167202279239205,0.171990312509852,54.9,45.1
"Utah",1968,49,0.2857143,0.3043478,0.369643095412359,0.298143566784689,0.0155600894691078,0.0147703609908262,0.181678563529294,-0.237299953339087,-0.494999757716818,0.0729949526578981,0.447520780158317,0.345780324878343,0.128103366691188,0.132935371231474,37.1,56.5
"Utah",1969,49,0.2857143,0.3043478,0.362458170143385,0.301024375061205,0.0155474810751548,0.014756144894621,0.106246443750282,-0.234840141112885,-0.5176118061017,0.224879755371593,0.440701040670486,0.32132092946478,0.157600027491533,0.168153121409333,37.1,56.5
"Utah",1970,49,0.4285714,0.5441176,0.355798677906306,0.302943219975024,0.0151219888689039,0.0147175139293079,-0.0527339404777389,-0.257060847142912,-0.447618879297452,0.166731275841079,0.440568126805096,0.324575455406143,0.177799761437643,0.217186327029839,37.1,56.5
"Utah",1971,49,0.4285714,0.5441176,0.350216272342506,0.303595372752101,0.0149390909911807,0.0147027979451894,0.0070829455293997,-0.0575940409480338,-0.54360858468134,0.0376924063867557,0.467972723812849,0.317910820830109,0.171296112191958,0.173613871348016,37.1,56.5
"Utah",1972,49,0.4482759,0.4133333,0.344062788373183,0.307235721042556,0.0149022188526395,0.01458612988324,-0.284713448305821,-0.0932344019127138,-0.58344361884166,-0.0756626633187498,0.425123339762392,0.30298437828337,0.15413175325304,0.190601637440393,26.4,67.6
"Utah",1973,49,0.4482759,0.4133333,0.338989341997063,0.311167043072786,0.0148583287054431,0.014114397917646,-0.4504031308148,-0.137760631745608,-0.744549254755917,0.0326232662269409,0.448471855111117,0.336085322004469,0.203024119227788,0.167669826563834,26.4,67.6
"Utah",1974,49,0.5172414,0.5333334,0.335546303280377,0.315275546392474,0.0143156110631256,0.0137590420174653,-0.442328724849665,-0.1151287973416,-0.745407337215804,-0.355447941570007,0.462676429911256,0.34947549065377,0.170116588836652,0.171491766955761,26.4,67.6
"Utah",1975,49,0.5172414,0.5333334,0.330429973441084,0.319208862725357,0.0138171381637924,0.0134449057108712,-0.474357103074369,0.117628671838547,-0.917341672624007,-0.412194609713835,0.462546352665413,0.325486518020101,0.176625130119109,0.201703527383591,26.4,67.6
"Utah",1976,49,0.5862069,0.4666667,0.320395202057423,0.326797242247004,0.0135617423506394,0.0130519005846272,-0.52861333441634,0.0878818415768439,-0.825543840786728,-0.690091540440571,0.440429234869631,0.33804529444559,0.170495379112477,0.178187603575267,33.6,62.4
"Utah",1977,49,0.5862069,0.4666667,0.314726993376893,0.331303088101619,0.0131597881464671,0.0136293932038643,-0.5548340561111,0.0834023285005722,-0.975746711230058,-0.629738300091224,0.444078147184848,0.303385889453203,0.171182150204267,0.211119903092502,33.6,62.4
"Utah",1978,49,0.3448276,0.3333333,0.308369514139639,0.336834361099526,0.0128835393236869,0.0130073229112921,-0.55935151726985,0.0267606821531318,-1.15097690482195,-0.637580472321996,0.481607400442251,0.328119718961706,0.182620723299521,0.201846678086729,33.6,62.4
"Utah",1979,49,0.3448276,0.3333333,0.301064842518803,0.341952371710371,0.0125168252588709,0.0129301616080587,-0.636913335120297,0.0217813808233046,-0.956527439677504,-0.62715540176541,0.446543539883269,0.320001915541392,0.177218098826557,0.216992320904123,33.6,62.4
"Utah",1980,49,0.2413793,0.2266667,0.293392627269784,0.348321093759741,0.012282018529156,0.0126201408128653,-0.657730692022052,0.0466772821478061,-1.25490510855242,-0.758131297625421,0.435231698543084,0.308574173687361,0.17893162398209,0.212538950267722,20.6,72.8
"Utah",1981,49,0.2413793,0.2266667,0.286458975272488,0.356282124050136,0.0125441717397693,0.0128973505633754,-0.648017084744645,-0.578746011597351,-1.06577457434305,-0.754505682774674,0.402458000656074,0.351750068783671,0.18120511330372,0.259208655423505,20.6,72.8
"Utah",1982,49,0.1724138,0.2266667,0.280411814956608,0.363655246170287,0.011994417131671,0.012820756107141,-0.674530314067329,-0.557364981914335,-0.953752052731544,-0.849314729892455,0.420250768679681,0.333043742608956,0.195451164619168,0.223844793625484,20.6,72.8
"Utah",1983,49,0.1724138,0.2266667,0.275689536288657,0.369335615921836,0.0117280597999889,0.0128293650984683,-0.750112499240287,-0.684555808537573,-0.699526363027825,-0.927793980802644,0.443977344589693,0.325181186362274,0.167121937234812,0.203407842622093,20.6,72.8
"Utah",1984,49,0.2068966,0.1866667,0.27277039553087,0.375685572900206,0.0115889831628537,0.0122482496198096,-0.76302570048075,-0.793862361397317,-0.62861994028978,-0.594791526717353,0.436223403624486,0.339056048462241,0.152215931887349,0.241322018933257,24.7,74.5
"Utah",1985,49,0.2068966,0.1866667,0.267159596250139,0.384444267032955,0.0115065518848926,0.0125163822408927,-0.853097862898887,-0.691014492091382,-0.613590205548452,-0.715464514164902,0.435407657512737,0.333367918409886,0.189415402722043,0.210760996841255,24.7,74.5
"Utah",1986,49,0.2758621,0.36,0.261066094241644,0.38908095488287,0.0116615667740101,0.012947253998264,-0.82111946279253,-0.730015303082922,-0.413538669523286,-0.650862765505375,0.416637888690648,0.360944260290682,0.191563705179281,0.205026898047696,24.7,74.5
"Utah",1987,49,0.2758621,0.36,0.25646185191745,0.394999367474109,0.0119738276128703,0.0131897328988965,-0.805129059613682,-0.754070042403995,-0.337589072338649,-0.715342955131477,0.421646621956091,0.337067282060867,0.150166151571969,0.150422809008443,24.7,74.5
"Utah",1988,49,0.2413793,0.3733333,0.253871646906366,0.402896422672519,0.0119024784572616,0.0136557355270768,-0.805130175757031,-0.836516496950584,-0.403683749190943,-0.539398517380686,0.409453560249568,0.327696717856765,0.185744059184754,0.153512865640289,32,66.2
"Utah",1989,49,0.2413793,0.3733333,0.249185876782659,0.410983200028193,0.0119046512083961,0.0133792782890921,-0.813143820640046,-0.943431163570401,-0.419233716185458,-0.419233437995106,0.410361440866738,0.333132618237684,0.188105986493894,0.140678587884029,32,66.2
"Utah",1990,49,0.3448276,0.4133333,0.245025516058668,0.417057136141331,0.0118682001688609,0.0133666202359933,-0.834938514474198,-0.944433149334786,-0.306396021742397,-0.324920448580709,0.400019069271478,0.344375937642761,0.200623976137219,0.143371926689854,32,66.2
"Utah",1991,49,0.3448276,0.4133333,0.243919073875406,0.419838288954297,0.0114367845836544,0.0128676994969572,-0.831703027635502,-0.910623407028274,-0.295318476498906,-0.325497117602833,0.430828500536944,0.3578576159625,0.213177325118854,0.12838742238576,32,66.2
"Utah",1992,49,0.3793103,0.3466667,0.243902893599839,0.419414058048179,0.0108989863330112,0.0123410888822257,-0.692077141455084,-0.784374233581888,-0.188055099410036,-0.236568256255611,0.379188611427489,0.347693672593582,0.200966322111875,0.127256525187335,24.7,43.4
"Utah",1993,49,0.3793103,0.3466667,0.240959248435891,0.421509106225619,0.0106935535531472,0.0122006367258508,-0.75644663074172,-1.08102086746878,-0.0755744651381248,-0.437638754505252,0.374907269254183,0.393723806977239,0.210341148980535,0.12531168432895,24.7,43.4
"Utah",1994,49,0.3448276,0.2666667,0.238527574549762,0.422943344770561,0.0103516342899911,0.0119411488516052,-1.15229987043035,-1.00547769339811,-0.16271747013935,-0.483722133846373,0.405222341491474,0.417895983997044,0.178598147240784,0.151269031369231,24.7,43.4
"Utah",1995,49,0.3448276,0.2666667,0.235101386857439,0.42389321980785,0.010455108231397,0.0120109682852283,-1.00922856241203,-1.22848475019536,-0.138519755960336,-0.557092804685921,0.372283027087674,0.421092103121867,0.224224540143036,0.151079868938381,24.7,43.4
"Utah",1996,49,0.3103448,0.2666667,0.232374431707134,0.423035192806941,0.0102242152225141,0.0122882452410341,-1.23771341971262,-1.15418337623059,0.0765583704684354,-0.343197810540142,0.380762666965617,0.414563247710001,0.174308126702068,0.150716533026085,33.3,54.4
"Utah",1997,49,0.3103448,0.2666667,0.228176943965645,0.42693274945283,0.0100024781747909,0.0121360647029262,-1.18041344283675,-1.02514521849481,-0.0020308186687011,-0.392412203181207,0.371914392707139,0.438090420609641,0.21171019288421,0.159122646642077,33.3,54.4
"Utah",1998,49,0.3793103,0.28,0.228775893315748,0.428708480164184,0.0099359283997496,0.0119242166649388,-1.19337471782656,-0.878808419642516,0.069980823554326,-0.316283513375457,0.364545338615815,0.399154947150783,0.177864897437997,0.132114136271876,33.3,54.4
"Utah",1999,49,0.3793103,0.28,0.228413271854912,0.433595016097268,0.0095068614268208,0.0113142123706534,-1.22565208378041,-0.945813726523608,-0.0726737159613243,-0.217820061979001,0.387286908722904,0.384251268234422,0.219033247486087,0.174758901728373,33.3,54.4
"Utah",2000,49,0.3103448,0.3333333,0.226782968222481,0.440496411535809,0.0089716967775205,0.011065167593532,-1.26629229995963,-1.02129064529154,-0.0495853293125985,-0.364167067091879,0.352296052694755,0.376135363650361,0.181137817563172,0.118130854782885,26.3,66.8
"Utah",2001,49,0.3103448,0.3333333,0.223262087844616,0.442284466780325,0.0093950079650341,0.0117231032833105,-1.16226856850047,-1.01644227942355,-0.105704750015057,-0.299677204182489,0.380048703376314,0.377185039408496,0.213992203764869,0.187674644998504,26.3,66.8
"Utah",2002,49,0.2413793,0.2533333,0.22140450090498,0.444873198345335,0.0095695468481837,0.0117239660084564,-1.17650491791937,-1.02897111489669,-0.0798244690326181,-0.391162630219899,0.398555100605892,0.387158646230248,0.19766506915866,0.148220877717633,26.3,66.8
"Utah",2003,49,0.2413793,0.2533333,0.220258126466238,0.448137418734471,0.0094096064000886,0.0111244020048074,-1.24305084036814,-1.02610964520061,-0.168120785844119,-0.255793210193493,0.39266141590739,0.40621550501606,0.187098945705036,0.182666601313846,26.3,66.8
"Utah",2004,49,0.2758621,0.2533333,0.218411939384677,0.449005983028709,0.0087321205214592,0.0100755908537516,-1.20833594030195,-1.09494963667587,-0.044965782851197,-0.304406177420161,0.39116652717035,0.393559048213076,0.152699250439813,0.128452146629534,26,71.5
"Utah",2005,49,0.2758621,0.2533333,0.214679070997928,0.448628663733535,0.00839748782307,0.0095751810292777,-1.20466056550302,-1.21464100643399,-0.0831920585474772,-0.428845343943756,0.403870994371052,0.391770363550494,0.147407691076145,0.155899913380416,26,71.5
"Utah",2006,49,0.2758621,0.2666667,0.213913723950577,0.443848020973382,0.0080045300907309,0.009597530498735,-1.09773232464879,-1.15724506291645,0.0428492392356019,-0.325702082374647,0.40183913210339,0.405357931741497,0.149995867744918,0.124651668073321,26,71.5
"Utah",2007,49,0.2758621,0.2666667,0.214961217644282,0.435323465755074,0.0081454619240237,0.0096329160106979,-1.14151919006124,-1.22441631597482,0.0461633871629321,-0.353633769778574,0.386662004466213,0.400192750984631,0.161820152570786,0.123771005550843,26,71.5
"Utah",2008,49,0.2758621,0.2933333,0.220942015831379,0.427528242995728,0.0082654469779383,0.0095275508574671,-1.10060164677798,-1.33037085910726,0.0448501168715713,-0.350181504938676,0.395286082218799,0.420876574790871,0.180390546149895,0.111872871645459,34.2,62.2
"Utah",2009,49,0.2758621,0.2933333,0.216706457548243,0.422902261203993,0.0077572415581688,0.0096703789887562,-1.12913154633924,-1.05004224546031,-0.16863358559818,-0.587742983763239,0.392486883732119,0.364725827155938,0.201003599093157,0.110277338415192,34.2,62.2
"Utah",2010,49,0.2413793,0.2266667,0.217810079153619,0.417829703916852,0.0076241981710341,0.00919530905136,-1.14725260108064,-0.961751712320587,0.215475085537483,-0.676258313242536,0.368090599660038,0.408756717256001,0.197485136367471,0.124942491884047,34.2,62.2
"Utah",2011,49,0.24137931,0.22666667,0.215233944146513,0.418413158123201,0.0080051384990236,0.0099489454559009,-1.17922372662634,-1.08556455515738,0.130564001578218,-0.695743424704832,0.385850655124729,0.40371455405588,0.220685544699188,0.117030706285527,34.2,62.2
"Utah",2012,49,0.24137931,0.22666667,0.210828448960509,0.417766083333506,0.0077517661262359,0.0095692129173903,-1.23657841727797,-1.12088314744554,0.223732495374723,-0.663516234871215,0.394746814623095,0.42345427002238,0.225872087355138,0.124684581071732,24.7,72.5
"Utah",2013,49,0.17241379,0.18666667,0.209660864293985,0.414398106281927,0.0088807674400996,0.0101640044192976,-1.19883784051852,-0.875739393259924,0.205855770371257,-0.734695587105575,0.384667483080815,0.443333578272658,0.265623393359092,0.142720127091805,24.7,72.5
"Utah",2014,49,0.17241379,0.18666667,0.210504810391696,0.4110681940271,0.0103799652440167,0.0114949816820014,-1.19913017015279,-1.02087632225903,0.237654117695667,-0.699843122674841,0.402799162312099,0.507939577161597,0.32685903670453,0.142556172282043,24.7,72.5
"Vermont",1946,50,0.1,0.1181435,0.274077524954064,0.386704906967863,0.0336074255400847,0.0348076045235584,-0.447195818512755,-0.87385909872819,-0.0742130954142824,-0.155116254601628,0.696287132981888,0.295768519283642,0.149817683364246,0.0972238835505517,NA,NA
"Vermont",1947,50,0.1,0.1181435,0.272694206938494,0.386918904075828,0.0314702187644357,0.0326853285962566,-0.423120492682713,-0.913204265657754,-0.0399082001895378,-0.0875571019621579,0.750503063304806,0.276281514880787,0.141196616697362,0.0892253417367927,NA,NA
"Vermont",1948,50,0.2,0.1369295,0.270631230381593,0.387659680649289,0.0294148860279746,0.0304630607925437,-0.471860673930694,-0.948052079792071,-0.261177210658707,0.0470626480640399,0.687672374355345,0.311950713179167,0.131481189807703,0.0913672318595848,NA,NA
"Vermont",1949,50,0.2,0.1369295,0.266213033832913,0.391037251200787,0.0278281097548327,0.0294824829851681,-0.526931953223244,-0.91774630902558,-0.143647924702873,-0.065566679695226,0.735413670206526,0.324410975803619,0.164301897777689,0.0865791212227831,NA,NA
"Vermont",1950,50,0.0333333,0.092437,0.263005317420494,0.391899046652058,0.0268259187117704,0.0280737826912496,-0.530756415791359,-0.934125092142295,0.0037927961842502,-0.134045614958507,0.697157345605671,0.314453131373099,0.177232444132524,0.102166148735412,NA,NA
"Vermont",1951,50,0.0333333,0.092437,0.263848251202049,0.391300367257314,0.0260968560619348,0.0273798654309268,-0.580176664836425,-0.84432994434055,-0.130856553975321,-0.0644359630396927,0.725457971245999,0.301293771275412,0.236940109356424,0.123417676665525,NA,NA
"Vermont",1952,50,0.1,0.0746888,0.264037838898755,0.390804090004503,0.0250481698304952,0.0258967575086934,-0.641458858773261,-0.898318952999881,-0.123005226952667,-0.113362093834051,0.773018735202169,0.326662935124031,0.205923841444272,0.117375222271373,NA,NA
"Vermont",1953,50,0.1,0.0746888,0.266638968422902,0.392466948668091,0.022905733012986,0.0234668392161257,-0.57199607898967,-0.825003540756857,-0.0610562929729147,-0.13669465520696,0.706808261120133,0.328368886590148,0.188302836355531,0.120189994508579,NA,NA
"Vermont",1954,50,0.2333333,0.101626,0.268933592567671,0.38891069330401,0.0215072973054122,0.0217142204260898,-0.716605422100255,-0.842026288100719,0.0695807384096807,-0.0154979723248014,0.753703808813257,0.301703976032274,0.188455351734754,0.122995676918512,NA,NA
"Vermont",1955,50,0.2333333,0.101626,0.270115576826924,0.382908188244595,0.0202806723093482,0.0207182952190638,-0.625505033093518,-0.85578545198708,0.112541280752588,0.0137684241158786,0.745274094285505,0.30381586273488,0.204443952680557,0.119719868724672,NA,NA
"Vermont",1956,50,0.2,0.1346939,0.274940739865297,0.374083678539031,0.0193692435485933,0.0206572339910194,-0.727167155859557,-0.939342172112673,0.019488760728347,0.082695331318878,0.731949271381827,0.296501546863228,0.190829727901658,0.123146007716928,27.8,72.2
"Vermont",1957,50,0.2,0.1346939,0.279387387008775,0.364683527676852,0.0195708147508394,0.0203553453729829,-0.711101255137855,-0.656691904407176,0.0140529661564148,0.151045983326777,0.738953548948434,0.306923163231935,0.190583830308371,0.114083481068276,NA,NA
"Vermont",1958,50,0.2666667,0.1869919,0.285427375156147,0.355695022090648,0.019291757948347,0.0195482260195218,-0.707504643767452,-0.732483284439679,-0.0511929030245389,-0.0180785288025155,0.690908837910003,0.285483518863624,0.165093882249753,0.138538072484231,NA,NA
"Vermont",1959,50,0.2666667,0.1869919,0.290178388557775,0.34540668347797,0.0192292112275995,0.0199570843931947,-0.680360663560274,-0.57227045710686,-0.0419554769461045,-0.0871915856542669,0.690213285568245,0.309996638611467,0.188224852230698,0.132199478876447,NA,NA
"Vermont",1960,50,0.2333333,0.2083333,0.296948875283973,0.335229500053646,0.0190083857750507,0.0191029747636068,-0.799372459499291,-0.671145691683895,-0.0635582957944604,0.0815813958261059,0.712461460201913,0.299402752707346,0.187893878293015,0.150271385803135,41.3,58.6
"Vermont",1961,50,0.2333333,0.2083333,0.300231990506502,0.326072874059665,0.0184491245475556,0.0184718172459046,-1.14393822562076,-0.756689171282235,-0.0391630203640503,0.0516848428335091,0.776612830203414,0.31114870637917,0.159405945986321,0.114475916427259,41.3,58.6
"Vermont",1962,50,0.3,0.1908714,0.301982587922565,0.319190300467578,0.0182020784618804,0.0181022576133198,-1.11492433595149,-0.763971669518092,-0.173088413826611,-0.0029241273891486,0.70881862500297,0.299028982052462,0.215885795058069,0.143932616129489,41.3,58.6
"Vermont",1963,50,0.3,0.1908714,0.300873172675244,0.313321095301876,0.0184604875830361,0.0178596517742458,-0.1392211373239,-0.759733749436962,-0.125626650667839,0.0408953319206445,0.567817820174695,0.300900908621785,0.181324493069577,0.148610324562722,41.3,58.6
"Vermont",1964,50,0.4333333,0.2040816,0.297037160298384,0.30984646722469,0.0179919754138191,0.0179009872841487,0.0219367683762925,-0.554432483157864,-0.169581341189968,-0.0071832985057524,0.555744531163144,0.308685456735573,0.203804619839852,0.15239748590703,66.3,33.7
"Vermont",1965,50,0.2333333,0.2333333,0.294229248844377,0.306313790706119,0.0184422306793673,0.0173262506127553,0.383111026330144,-0.612617287255673,-0.209567035148615,0.027522838054959,0.427264576355767,0.310399722294879,0.162480147563452,0.133003969794757,66.3,33.7
"Vermont",1966,50,0.4333333,0.3716216,0.289805687860725,0.30325938068132,0.01838181733341,0.0173981582042072,0.358726494819553,-0.629474134594883,-0.306765719026886,-0.0556149943306613,0.423217040247891,0.336412664728239,0.162360086425538,0.175800834036282,66.3,33.7
"Vermont",1967,50,0.4333333,0.3716216,0.28569090734504,0.300224066152346,0.0176094892431492,0.0170798026298918,0.287873663314534,-0.277309243967853,-0.230433276294021,-0.103845345650531,0.428043358314585,0.343447582109405,0.176850686442422,0.170862802178373,66.3,33.7
"Vermont",1968,50,0.2666667,0.3333333,0.281395207636996,0.294994107015844,0.0183217373218438,0.016638928513141,0.197343425336589,0.309534377228211,-0.338626848382741,-0.053201763773234,0.43371529236762,0.326965446296226,0.141112839298106,0.165201634842915,43.5,52.8
"Vermont",1969,50,0.2666667,0.3333333,0.279864888152298,0.290421554038877,0.0187727924778685,0.0165412821083693,0.125394563448042,0.26543888028629,-0.127906468866788,0.0693922561766124,0.416731557234384,0.316951722116275,0.167818744471733,0.171104903208759,43.5,52.8
"Vermont",1970,50,0.2666667,0.3466667,0.27810525707491,0.285990662010278,0.0184074442313362,0.0170976180388143,0.0166614189486555,0.608576720217587,-0.0706464793978353,0.0544540244394419,0.413827512964685,0.313210206260557,0.176342967897383,0.18651836585101,43.5,52.8
"Vermont",1971,50,0.2666667,0.3466667,0.278590377895116,0.280724230748172,0.0186767041218455,0.0171578938202681,-0.131228252299067,0.681143521165659,0.0457432612734107,0.0297814994155584,0.448517203977457,0.32262159756602,0.197204583048129,0.162462630958002,43.5,52.8
"Vermont",1972,50,0.2666667,0.3892618,0.278806888662298,0.275430742174177,0.0184681293570645,0.017956522668427,-0.338619026608474,0.636553899585551,0.101351322779806,0.0658397455950036,0.408100995547755,0.30806345518617,0.183309518047956,0.186476991399996,36.5,62.7
"Vermont",1973,50,0.2666667,0.3892618,0.279425375263761,0.270866567964409,0.0182314091123167,0.0179439739921955,-0.134683991699165,0.934296397928396,0.184562765711376,0.10586031474497,0.437474314919358,0.306044095134096,0.216629985439701,0.150682899420689,36.5,62.7
"Vermont",1974,50,0.4,0.472973,0.279391609188303,0.26752328096651,0.0180373337927681,0.0174154133340197,-0.149256183300743,0.843651671337493,0.167925879407552,-0.0619047320695519,0.410440734446323,0.33142709223667,0.202226332349862,0.166520993752555,36.5,62.7
"Vermont",1975,50,0.4,0.472973,0.279416379264474,0.263532397427305,0.0179576945597404,0.017061747810925,-0.199731793422984,0.867917127991122,0.296162403059509,-0.0664906764227902,0.430591601186102,0.347987860174885,0.223093926108415,0.168615277882312,36.5,62.7
"Vermont",1976,50,0.3333333,0.5033557,0.27900798936073,0.260007703179696,0.016844199316439,0.0161438734661767,-0.188411725901789,0.72818397269478,0.292155755771892,-0.19999247435227,0.40628991413129,0.31568811962469,0.201692576003201,0.164345011949172,43.1,54.3
"Vermont",1977,50,0.3333333,0.5033557,0.279266475004129,0.257176094823003,0.0166709018626998,0.0159927428752746,0.0177210079833533,0.866662904911502,0.335165608559328,-0.187729651962629,0.412738584997124,0.306684517871128,0.220253357589662,0.193949989338313,43.1,54.3
"Vermont",1978,50,0.3333333,0.4563758,0.279556190465069,0.254220773371956,0.0166641471239986,0.0151406507656861,0.132558554233868,0.870790681310956,0.32284998277922,-0.210972561054288,0.397941997148945,0.311499299841725,0.220773966658487,0.189307682932862,43.1,54.3
"Vermont",1979,50,0.3333333,0.4563758,0.278682725297874,0.253114348091799,0.0169180158062744,0.0150747666916192,0.145887666929836,0.743813383041238,0.473526570474406,-0.141420404543949,0.405729634463128,0.301398645573709,0.217877293873372,0.208478052151928,43.1,54.3
"Vermont",1980,50,0.4666667,0.4266667,0.277063547100825,0.252328654476741,0.0167549515257466,0.0150836976699322,0.093932538469337,0.624186473817165,0.351167728248043,-0.256908938069219,0.374670489377428,0.309161916341532,0.213093452453419,0.189557404555052,38.4,44.4
"Vermont",1981,50,0.4666667,0.4266667,0.274976753425149,0.252176894638793,0.0167406502662346,0.0149855908700375,-0.0027805805786283,1.21049019948269,0.417152805533029,-0.206026741096165,0.384406179146761,0.345578294719471,0.205672221924818,0.215818285226974,38.4,44.4
"Vermont",1982,50,0.4333333,0.4391892,0.272357012613805,0.253451664441975,0.0162749742542405,0.0156595804368419,-0.0241510976442982,0.982433338324081,0.280537467959377,-0.317512231808543,0.363024147384162,0.348947673266862,0.190820519598028,0.234097540149905,38.4,44.4
"Vermont",1983,50,0.4333333,0.4391892,0.269359527724814,0.255697808614546,0.0159312023012288,0.015477988893793,-0.0192357229761799,0.937147013535657,0.25667496399696,-0.291776080201786,0.360277142895983,0.323866201304826,0.172167930137458,0.240506478039278,38.4,44.4
"Vermont",1984,50,0.6,0.48,0.266800460412601,0.257782506796828,0.0158866965344725,0.015679325363115,-0.0414909949517854,1.11861473568458,0.302526072416193,-0.198609363536615,0.366323415122778,0.351076032366815,0.190962141423256,0.228275005360492,40.8,57.9
"Vermont",1985,50,0.6,0.48,0.264662949511961,0.259009837151174,0.0153977436510271,0.0154684070663847,0.591266783329537,1.03977604477831,0.328885070013211,-0.238285528346722,0.299826071872605,0.366060955313767,0.198035451421025,0.206908336110014,40.8,57.9
"Vermont",1986,50,0.6333333,0.5066667,0.262475411782288,0.262021223669996,0.0153492846475545,0.0150569906413268,0.553330948731367,1.17661675023996,0.388880197997325,-0.116276683959673,0.316269403679085,0.346416839881681,0.203607435461922,0.201262261462435,40.8,57.9
"Vermont",1987,50,0.6333333,0.5066667,0.261471459321273,0.263685469537652,0.0154034938229151,0.014951351881749,0.515199511169582,1.20288978811155,0.415965193384724,-0.146605642384076,0.309128567122521,0.346395965914285,0.193369090571384,0.173191478327345,40.8,57.9
"Vermont",1988,50,0.5333334,0.4933333,0.260602795717291,0.266872916503668,0.015138013503729,0.0141834871304404,0.465986464039959,1.21647157414449,0.49161846246586,0.0127916201539839,0.311149855378475,0.324831407262038,0.195420328831627,0.160526514909071,47.6,51.1
"Vermont",1989,50,0.5333334,0.4933333,0.260487281684131,0.268281912250462,0.0149861614244129,0.0145388719613104,0.38708262515496,1.30657217408294,0.570061489487061,0.0431834308988646,0.301036646703852,0.37945549562681,0.226064833813697,0.152957965884864,47.6,51.1
"Vermont",1990,50,0.5,0.4932432,0.260960100335163,0.268881385709284,0.015129073356961,0.0142727576963288,0.353464477334688,1.48274442404028,0.695761706014399,0.0952347709174124,0.291629699667432,0.342609014061652,0.214952448992672,0.143345867707954,47.6,51.1
"Vermont",1991,50,0.5,0.4932432,0.263570972879996,0.269672926633141,0.0144920744414345,0.013688694843054,0.606257055874211,1.34548472902345,0.802361878288321,0.0293803423734638,0.291538074235094,0.365739443165357,0.240423223080755,0.133313375899665,47.6,51.1
"Vermont",1992,50,0.4666667,0.6041667,0.266993068561347,0.269341055548866,0.0144941633133746,0.0133276409751368,0.778107088751868,1.6273012490404,0.885624092051337,0.0826109966593008,0.283109053530621,0.35859560156953,0.217861531993698,0.127850595724262,46.1,30.4
"Vermont",1993,50,0.4666667,0.6041667,0.270316974761559,0.267331794772699,0.0141892423091372,0.0134686901282226,0.738535126147082,1.55832470524291,1.05104803962768,-0.189325834084283,0.281650709240848,0.390608541375315,0.241934038269897,0.117245965483463,46.1,30.4
"Vermont",1994,50,0.4,0.585034,0.273196185493587,0.264085624132376,0.0141223991127715,0.0134078631884605,0.927641033700108,1.20275741920884,0.91225514250859,-0.184538507365938,0.280290189815555,0.387417759966121,0.217734935993824,0.162090204089692,46.1,30.4
"Vermont",1995,50,0.4,0.585034,0.277125081634735,0.262224779179296,0.0145157430776487,0.0133907927096321,0.864274793605776,1.44072619326352,1.06093488420614,-0.343312028763974,0.287869235650749,0.38770865769159,0.251950598251232,0.133071048396063,46.1,30.4
"Vermont",1996,50,0.5666667,0.609589,0.279434386338079,0.260338589716986,0.0141115984036054,0.0131859822182203,0.872323599395431,1.34854651952055,0.896779958722745,-0.186879119709509,0.280269314411847,0.363486453276712,0.198814591664028,0.161457282655491,53.4,31.1
"Vermont",1997,50,0.5666667,0.609589,0.280989512515824,0.258751028971546,0.0139201428622009,0.0127994554021242,0.849782474527385,1.46669644787496,0.988178809650506,-0.203350748492882,0.285344138804215,0.360254517487868,0.238781464579312,0.154362048644644,53.4,31.1
"Vermont",1998,50,0.5666667,0.5347222,0.283427950904864,0.256335167318927,0.013229852535352,0.012607291856279,0.876450813640857,1.59407309782211,0.964703748506369,-0.121295866713988,0.279394955826688,0.31144497335951,0.209270181399841,0.127355486856116,53.4,31.1
"Vermont",1999,50,0.5666667,0.5347222,0.285584587094862,0.253808466427188,0.013033614260807,0.0123847346636564,0.84391536043743,1.84616622277445,1.00077724294806,-0.0316262823699696,0.283027939001164,0.357271555240324,0.227188222646268,0.174198034134315,53.4,31.1
"Vermont",2000,50,0.5333334,0.4275862,0.287210558642292,0.252740330297672,0.0129224822684413,0.0123889334735076,0.958440294766592,1.64363178466561,1.00610735409047,-0.0884573299844566,0.245404119632899,0.340848027465919,0.200376049162569,0.12071368202075,50.6,40.7
"Vermont",2001,50,0.5333334,0.4275862,0.289928412095211,0.250946251841018,0.0126029118040938,0.0121521939666195,1.00384041574504,1.70119138418502,1.16728459385469,-0.007456397912323,0.217347512908331,0.359932000344284,0.239202075404622,0.182394318051699,50.6,40.7
"Vermont",2002,50,0.6333333,0.4825175,0.292586253385522,0.246054447288343,0.0124730016269178,0.0121516464045458,0.950405863350763,1.71827593645213,1.29543693531394,-0.0030873217468483,0.229125316877,0.346201952233586,0.242410607264129,0.151452618886452,50.6,40.7
"Vermont",2003,50,0.6333333,0.4825175,0.295355238626811,0.242056969617766,0.0122680225509648,0.0118442297389618,0.927422886725521,1.79742510339147,1.21814446309059,0.18543047089271,0.243605173103255,0.347966190691046,0.223271451631542,0.162937352155281,50.6,40.7
"Vermont",2004,50,0.7,0.5804196,0.297180961938336,0.236527561344622,0.011813482580787,0.0116806340717208,0.990369413036268,1.7316074116962,1.26141190468267,0.187811205973165,0.2314413757139,0.357620166500359,0.206948769608323,0.135335080242807,58.9,38.8
"Vermont",2005,50,0.7,0.5804196,0.298845606406724,0.233096633398046,0.0116643697683558,0.0112735176681417,1.00159766905916,1.95762358056214,1.2109232089565,0.0669842470265871,0.234704960087188,0.362308094183137,0.21492886680264,0.142385778058525,58.9,38.8
"Vermont",2006,50,0.7666667,0.6549296,0.299062965691752,0.228974406704671,0.0118246629811484,0.0108532004995014,1.04710236708698,1.9822561331657,1.39414586264954,0.142608210493494,0.239133762552142,0.329256843836074,0.230080536245196,0.132955520674226,58.9,38.8
"Vermont",2007,50,0.7666667,0.6549296,0.304160353774388,0.222633317498175,0.0122948577597631,0.0107247776601858,1.15422961180292,1.93504931446609,1.61914547589566,0.132347076108771,0.22030253134955,0.324458164481566,0.255676342073943,0.129086874042151,58.9,38.8
"Vermont",2008,50,0.7666667,0.6643357,0.311065072447562,0.215851943351801,0.0119111684365694,0.0106998259721676,1.14701990171666,1.84185011655832,1.87413288461751,0.218348940760859,0.21968511449656,0.353897641637192,0.284825393784789,0.120542556005291,67.5,30.4
"Vermont",2009,50,0.7666667,0.6643357,0.315375046506476,0.20866791491039,0.0119081310409918,0.0107603182723505,1.20072114045827,1.91587796468633,1.7827333543631,0.0642420628796641,0.210063172479575,0.344362122079712,0.289060054473683,0.118394405748106,67.5,30.4
"Vermont",2010,50,0.7333333,0.6643357,0.321259429962321,0.203640176853336,0.0123462034789009,0.0111256616520203,1.17718650141317,1.7181827305225,2.0408359966856,0.0002031829739385,0.229435721589474,0.3371801564532,0.284513909065092,0.119154504260237,67.5,30.4
"Vermont",2011,50,0.73333333,0.63333333,0.325370439730466,0.202436690530341,0.0121677451559426,0.0111499783444471,1.19837878019714,1.79423642781344,2.01313581509558,0.0760639875164337,0.24083518417503,0.351258424859975,0.289931266675437,0.112268661321002,67.5,30.4
"Vermont",2012,50,0.73333333,0.62666667,0.329859502544606,0.198990126755948,0.0122429907268228,0.0115350268320418,1.19450135862802,1.74580346732584,2.38498625543989,0.105006229460385,0.252209607413789,0.351604154858795,0.344561718444908,0.109628672033191,66.6,31
"Vermont",2013,50,0.73333333,0.64,0.335019464045714,0.197352300804177,0.0134467194757147,0.0121750686347049,1.14476288098489,1.69854223255488,2.63996099972542,0.0647672393949916,0.287931252372904,0.398505612157437,0.41329487413916,0.13345308544906,66.6,31
"Vermont",2014,50,0.7,0.62,0.336677997132122,0.196356441431908,0.0148077669520596,0.013027323066691,1.1412234112065,1.71093081742009,3.07862297358565,0.0998257839684027,0.267708729191899,0.412928686648768,0.557292534821969,0.152146067423294,66.6,31
"Virginia",1946,51,0.925,0.93,0.500874423344457,0.247784839290115,0.0258421619088166,0.0227900513150857,-0.307534862079516,-0.761626626224192,-0.48034262612453,-0.0809202977917589,0.690499152325442,0.307234237427414,0.153636262239385,0.092534272249235,NA,NA
"Virginia",1947,51,0.95,0.93,0.502097231001917,0.246829257156258,0.0243469199174226,0.0212052850821751,-0.359316274338354,-1.06464548084733,-0.438349746508919,-0.044894615960111,0.66132068548007,0.288329666290174,0.161579184423253,0.0904587437799358,NA,NA
"Virginia",1948,51,0.95,0.93,0.503992174667217,0.245736017817954,0.0226082705688795,0.0190926196533357,-0.364727189510968,-1.13290802718468,-0.544886931921503,-0.0231980875682702,0.681120032173123,0.316323813493931,0.122896996587604,0.0899030301590947,NA,NA
"Virginia",1949,51,0.95,0.94,0.504674198477985,0.243986867855488,0.0208518151537197,0.0179374551578604,-0.392583492760538,-1.11256247710496,-0.641789278773248,-0.0851710397892335,0.658145832346257,0.319954367006184,0.141768647464821,0.0875508419365945,NA,NA
"Virginia",1950,51,0.95,0.94,0.504624446152381,0.242674545034393,0.0193094590056214,0.0167481766634809,-0.116750201784791,-1.16178085639951,-0.405313143714944,-0.221480991187045,0.628310135743393,0.3116411967146,0.16154233244058,0.109511808166977,NA,NA
"Virginia",1951,51,0.925,0.94,0.50157993779781,0.244824251384181,0.0183350059542822,0.0161315473459084,-0.142780769217645,-1.11639593536682,-0.494871163623838,-0.121511991124539,0.654747498141688,0.306998741913314,0.195239354662605,0.123093438831895,NA,NA
"Virginia",1952,51,0.925,0.94,0.497265588009791,0.247127910005275,0.0167522996363351,0.01492385268855,-0.13037590429777,-0.991557519371539,-0.42963820435267,-0.18620597131194,0.63051800626159,0.316169014656782,0.138334733746835,0.105011935769631,NA,NA
"Virginia",1953,51,0.925,0.94,0.487970943334226,0.249371356862638,0.0140811125980473,0.0128548011158705,-0.159686900056451,-0.843656279369381,-0.514178228049257,-0.124057831450006,0.621783515724761,0.321819244109199,0.150709085746476,0.0969937225484461,NA,NA
"Virginia",1954,51,0.925,0.94,0.48265735171662,0.252187816170377,0.0130034728721684,0.0122924404682558,-0.2271870418989,-0.954488893696404,-0.531652306124177,0.077872402797915,0.691368758662511,0.322855639944758,0.127407871163872,0.0839948043065015,NA,NA
"Virginia",1955,51,0.925,0.94,0.476919200122831,0.250257374065274,0.0125592294693337,0.0115826949309025,-0.210288857497759,-1.03848969587229,-0.149995512092445,0.017586502564887,0.618613106996425,0.312862121954435,0.124022618746034,0.0830194441546021,NA,NA
"Virginia",1956,51,0.925,0.94,0.475966974245358,0.241992106189348,0.0111050320777131,0.0098909350922888,-0.257326648722059,-1.06007202788106,-0.459578083821988,0.0680941476414026,0.621710140797046,0.318442362588205,0.104525119243248,0.0972375912334997,38.4,55.4
"Virginia",1957,51,0.925,0.94,0.472348146022523,0.240729261653633,0.0111623685869781,0.0094973572228718,-0.31516565936496,-1.10430224968732,-0.346511219803114,0.154264903526825,0.595215168913475,0.328229973219677,0.117000414404199,0.0841002857813172,NA,NA
"Virginia",1958,51,0.925,0.94,0.473014721305298,0.23711019330739,0.0112447618056342,0.0097913683067665,-0.372155979054301,-1.07887564681738,-0.364276507495044,0.0493707737329996,0.608256729954968,0.301756239894921,0.115867929038904,0.113883480940763,NA,NA
"Virginia",1959,51,0.95,0.95,0.476006006899272,0.229560357171053,0.0110896127123482,0.0101417395682803,-0.300682254690493,-0.958626689371005,-0.522037489694797,0.02752552723989,0.576005687746868,0.315722514938792,0.105645856729227,0.111744496994195,NA,NA
"Virginia",1960,51,0.95,0.95,0.47462696923149,0.22358642339093,0.0114634031165587,0.0101665150090618,-0.353097624515648,-0.938620415918604,-0.513009846084184,0.0504325130086045,0.577870989205401,0.333785876480055,0.114565938492497,0.109288143857397,47,52.4
"Virginia",1961,51,0.95,0.949495,0.474814417548646,0.217956768821221,0.0117650234421255,0.0098354919162019,-0.30644408511169,-0.716355692907503,-0.654146177673527,0.240451113925602,0.611602082903478,0.301064134598976,0.0993873079758005,0.0963348086799799,47,52.4
"Virginia",1962,51,0.95,0.949495,0.473152814151601,0.213729649182343,0.0120244205344346,0.0098393562673172,-0.302981198650865,-0.695748070417419,-0.628001101957462,0.13002515660223,0.636270058260267,0.309876447464046,0.170052942731996,0.106350712190616,47,52.4
"Virginia",1963,51,0.925,0.89,0.471844649044859,0.208445256409092,0.011327306771967,0.0090609228050893,-0.399424627129005,-0.742844454215649,-0.282114753251624,0.210233743352367,0.630062573144711,0.300270350717158,0.143243829364428,0.109875308001418,47,52.4
"Virginia",1964,51,0.925,0.89,0.470263950811289,0.199410494515335,0.0110677062545307,0.0089470669300333,-0.471522238799328,-0.887229336980882,-0.58576504530347,0.229841790057517,0.59671185230417,0.336068585260236,0.13320633729864,0.0803923092620677,53.5,46.2
"Virginia",1965,51,0.925,0.8888889,0.466936450783311,0.193792918604529,0.0102750037960466,0.0085028349572345,-0.531406302155627,-0.970799000403799,-0.374163376922183,0.173393371052657,0.563791442933777,0.324100447717759,0.113200561605318,0.103034429795906,53.5,46.2
"Virginia",1966,51,0.925,0.8888889,0.456435680504971,0.194729190178035,0.010071058713775,0.0088140484746621,-0.600878363752674,-0.920711915891653,-0.497665622716019,0.0179836468471891,0.562922909786117,0.341832145973336,0.0964283914846854,0.119468924869468,53.5,46.2
"Virginia",1967,51,0.85,0.8484849,0.446468016816279,0.194768997736716,0.0096410477681338,0.0088038239089762,-0.692092077285485,-0.576586215504704,-0.348931055725094,-0.0733376859690923,0.621723119522622,0.340622348976501,0.124140654086248,0.126090319100781,53.5,46.2
"Virginia",1968,51,0.85,0.8484849,0.439371902041046,0.195538446219207,0.0099119483580083,0.0087072461343016,-0.759304824948131,-0.963025515586557,-0.412087781039918,0.134231876871296,0.576078945306188,0.339941666203721,0.0969778671932945,0.101015756635954,32.5,43.4
"Virginia",1969,51,0.85,0.7575758,0.429226189195511,0.200040205945803,0.009938083014637,0.0084760818544731,-0.852548337786483,-0.722489519049616,-0.329520359069795,0.230713398986368,0.560323454680337,0.333606900970023,0.132931714324047,0.125949661634569,32.5,43.4
"Virginia",1970,51,0.85,0.7575758,0.423226012173649,0.200308627228974,0.0107679835451443,0.0086567280626253,-0.916379109369022,-0.690088033692755,-0.230898383140794,0.309868266039068,0.53701703393424,0.334734985902785,0.148311993103999,0.174735423620781,32.5,43.4
"Virginia",1971,51,0.825,0.7525773,0.421250978277444,0.197851399285082,0.0105203130336687,0.0085365488648741,-0.790125962468254,-0.754558945713803,-0.150885618552079,0.312352121646329,0.509951181094192,0.334960991315464,0.141853397590388,0.132524556156967,32.5,43.4
"Virginia",1972,51,0.825,0.7525773,0.415960971397979,0.19651318866975,0.0101316389617722,0.0083975152309441,-0.956897461747919,-0.808373376669763,-0.172534007141324,0.293543024022614,0.477455134913622,0.317896430367147,0.115478899049054,0.162547439015184,30.1,67.8
"Virginia",1973,51,0.825,0.7647059,0.413505689371729,0.196362030067589,0.0095777825203684,0.0085761471951165,-0.816810905236577,-0.889485688756251,-0.327919942333415,0.326052664623729,0.490907123982877,0.366338216546638,0.140271000259927,0.114386747122433,30.1,67.8
"Virginia",1974,51,0.825,0.7647059,0.411441676058386,0.194324753091213,0.0096296953484064,0.0085390985372358,-0.750743457274656,-0.871321868610884,-0.304540488886782,0.0679189990240162,0.478242863181893,0.345376813121993,0.115962277908814,0.138390603872764,30.1,67.8
"Virginia",1975,51,0.875,0.8210526,0.409773055028246,0.193932694769134,0.0092803712143265,0.0082821318879785,-0.731722716562917,-0.72467485455692,-0.397773635902772,0.14842726052361,0.503354856956707,0.368953186956406,0.126410034697222,0.152645564107019,30.1,67.8
"Virginia",1976,51,0.875,0.8210526,0.403090454631063,0.196250204458357,0.0085959524875534,0.0080102151494509,-0.743110121041367,-0.781256229320301,-0.220034461843357,0.0371478231552969,0.472275353434115,0.33681605254482,0.119361046889252,0.148740118786286,48,49.3
"Virginia",1977,51,0.875,0.7857143,0.396321424134454,0.201833996533324,0.0086351117504232,0.0077696702383119,-0.811409369919353,-0.701065660138618,-0.384220916712856,0.0171580604218777,0.467628891673443,0.333507869144182,0.122019428664303,0.191129586341273,48,49.3
"Virginia",1978,51,0.875,0.7857143,0.387496689018644,0.209472400309367,0.0083746788972868,0.0072746863367808,-0.847229200102514,-0.727315776498398,-0.417923336755346,-0.222134362256195,0.448663828066501,0.317411350611917,0.128828873739167,0.166338213175646,48,49.3
"Virginia",1979,51,0.775,0.7474747,0.380446653626218,0.217334753707192,0.0083721323574711,0.0073255497465171,-0.866614137627717,-0.751031811588576,-0.362676275381885,0.0103684588711421,0.484454829745323,0.333545209182232,0.121588153402118,0.223666581537084,48,49.3
"Virginia",1980,51,0.775,0.7474747,0.375523997639347,0.222478023111711,0.0082666800511562,0.0072808540236427,-0.872648517380687,-0.852761352649612,-0.47882179239543,-0.149630093029017,0.439568810054043,0.304490459051729,0.125562049933085,0.171444648012399,40.3,53
"Virginia",1981,51,0.775,0.6666667,0.369738614520655,0.231468545741936,0.0077491810184459,0.0072873141940339,-1.00241628711385,-1.05614164917331,-0.359593009182676,-0.0233112020793181,0.453796042121227,0.356953825392221,0.122637176670075,0.211759633245008,40.3,53
"Virginia",1982,51,0.775,0.6666667,0.368042835674762,0.238067692647739,0.008236072029855,0.0076283549740481,-1.0343497906579,-1.03447010159036,-0.282912372985275,-0.130747724185374,0.432767269133176,0.350435228838011,0.123801868612871,0.198235001218379,40.3,53
"Virginia",1983,51,0.8,0.6565657,0.3630331490751,0.245843022803009,0.0077926328590952,0.0074961766709096,-0.987044637875007,-1.12799798333878,-0.107701439723752,-0.112527546879372,0.454260838703706,0.353669102178207,0.139634544160783,0.171755861259599,40.3,53
"Virginia",1984,51,0.8,0.6565657,0.352509206197395,0.260823256773708,0.0083948547308847,0.0077700404385724,-1.03736361044585,-0.990371398278577,-0.0820899222211616,0.0542865881373577,0.451545325137968,0.340141935807214,0.12023494505822,0.171691612362066,37.1,62.3
"Virginia",1985,51,0.8,0.6632653,0.343117944816054,0.27563621596272,0.0085345202521854,0.0081876074398058,-1.02849200614866,-0.994658921768557,0.0159387224478877,-0.0365665302283171,0.485336130342277,0.334506875585929,0.147770344078208,0.165158169533468,37.1,62.3
"Virginia",1986,51,0.8,0.6632653,0.33539962370438,0.280430942865249,0.0079421172423926,0.0081135868863395,-1.18958937877348,-1.06430130065313,0.0497898752073976,0.0241011263541081,0.47300971965901,0.34007948712716,0.147039638530694,0.164139363023308,37.1,62.3
"Virginia",1987,51,0.75,0.6464646,0.325424841287261,0.284710762416199,0.0075592449125022,0.0074932892357225,-0.566954383802336,-0.755401641604729,-0.0406925570681027,0.0597550671179107,0.418079488109832,0.373155335300501,0.131748193265852,0.112835826695771,37.1,62.3
"Virginia",1988,51,0.75,0.6464646,0.322261236577854,0.294596774216401,0.0075052010140603,0.0073648245002448,-0.5781302227328,-0.730153930754291,0.102125298539579,0.0612947167542044,0.416370460926149,0.317891139131145,0.145718452063718,0.123086614746983,39.2,59.7
"Virginia",1989,51,0.75,0.6020408,0.320349718283275,0.300641293037579,0.0074049419001919,0.0076261106535774,0.197476337225177,-0.780575392558124,0.168108450350833,0.288444271847859,0.274309299302375,0.322293113043004,0.14504962251834,0.112092475323809,39.2,59.7
"Virginia",1990,51,0.75,0.6020408,0.31675331700027,0.303899839937702,0.0074862950804944,0.0080181774231452,0.144964659250877,-0.848996037551453,0.274163948696555,0.153602314190905,0.308161712185062,0.33659045869816,0.16057467895721,0.11805588830566,39.2,59.7
"Virginia",1991,51,0.55,0.5858586,0.316053521704815,0.307372557760853,0.0072050265280385,0.0079842089184338,0.296476321886151,-0.907121122165581,0.333913691208511,0.280005150337,0.287715176647988,0.329097323773336,0.161428756362032,0.105668383197568,39.2,59.7
"Virginia",1992,51,0.55,0.5858586,0.317713018161809,0.309996009962615,0.0069507015199341,0.0079263946464859,0.351471246627535,-0.958536881856794,0.367807682544697,0.104789686232982,0.299535192013964,0.343782532173149,0.150463779391106,0.0975695076233557,40.6,45
"Virginia",1993,51,0.55,0.5252525,0.318945093539986,0.309552818675621,0.0070440377030306,0.0076496616394233,0.335080497891291,-1.09892351024692,0.449531525056112,0.0697318971780525,0.288992991887918,0.374999196165177,0.155287031058822,0.0911459240794795,40.6,45
"Virginia",1994,51,0.55,0.5252525,0.319370972103086,0.311605886086545,0.0070158841423826,0.0076003411601131,-0.0553283706833136,-0.992623399275388,0.352114411654126,-0.150449873389494,0.332066100193187,0.380903868241452,0.133613513570403,0.120991367081373,40.6,45
"Virginia",1995,51,0.5,0.5252525,0.320488869488497,0.311175660054764,0.0070945621963391,0.0075702306036704,-0.0788246202015319,-0.949603863807307,0.397607117371867,-0.155394530367257,0.347348003044859,0.401725164581929,0.178721021894517,0.101522443564583,40.6,45
"Virginia",1996,51,0.5,0.5252525,0.32282082452338,0.310987370080168,0.0069725217896497,0.0075269544228942,-0.0766671535982442,-1.03033413740316,0.527794934934,-0.0951647490074159,0.339275280869843,0.375217280473314,0.142902797200001,0.117629504577066,45.1,47.1
"Virginia",1997,51,0.5,0.5151515,0.326432093361857,0.311546679308888,0.0069996841403576,0.0068381531627305,-0.157955867726095,-0.816310427738148,0.46813350059948,-0.104686764982628,0.334240689484612,0.414773856212421,0.1947734432512,0.116622553124225,45.1,47.1
"Virginia",1998,51,0.5,0.5151515,0.331810548576969,0.310738136900811,0.006775725702323,0.0072859353785304,-0.346901775107105,-0.790711835213998,0.514790663545049,-0.0809318926756094,0.318846024148279,0.380707810014645,0.155169864945176,0.120916378624416,45.1,47.1
"Virginia",1999,51,0.475,0.4747475,0.333985974885668,0.310091583654429,0.0065664555406474,0.0071214540193737,-0.110967212018451,-0.885777905781853,0.429006014757067,-0.0467880777890339,0.316087434651767,0.396996725427708,0.197457245583463,0.134339880678568,45.1,47.1
"Virginia",2000,51,0.475,0.4747475,0.340023205395635,0.314613052267726,0.0058405699806826,0.0060151934653145,-0.173901259537289,-0.974757554242998,0.453203802153934,-0.136436399460334,0.306068758082748,0.39280513782938,0.152380468798372,0.101532387588499,44.4,52.5
"Virginia",2001,51,0.475,0.3469388,0.339420108785407,0.319936541667596,0.0064596157828879,0.0068601065285811,-0.405091593440842,-0.964809151369916,0.493926101619388,-0.116979848644779,0.306424798216241,0.387951591645543,0.188075380602822,0.15208850031491,44.4,52.5
"Virginia",2002,51,0.475,0.3469388,0.339277365501972,0.320974623234686,0.0065842714628947,0.0069530242068475,-0.406230157218449,-0.959449717983642,0.541661013838286,-0.205040541315304,0.321496103451341,0.39285685385584,0.17113816303068,0.131058944231997,44.4,52.5
"Virginia",2003,51,0.4,0.377551,0.338006262932234,0.322616932424301,0.0063757580855878,0.0066168477999418,-0.497767315519485,-1.0209628290149,0.403531257592373,0.0222871145083131,0.310710605333678,0.36553932392249,0.152808275155644,0.148685502448466,44.4,52.5
"Virginia",2004,51,0.4,0.377551,0.340739629760955,0.32483048638412,0.0058584265047116,0.0059529018646396,-0.423894838321151,-0.799615003858426,0.457164833527662,-0.125010249455131,0.338918016897969,0.387310095776307,0.121411109462352,0.113585620905666,45.5,53.7
"Virginia",2005,51,0.4,0.4020618,0.346267953103676,0.318023547085011,0.0059528986730207,0.0064363584992478,-0.44630527387574,-0.888296228420565,0.409471145722311,-0.137626612317991,0.345422242192559,0.390311243432592,0.12636715775174,0.123048247445517,45.5,53.7
"Virginia",2006,51,0.4,0.4020618,0.349766814812985,0.310047352848673,0.0056091523252372,0.0056476426405176,-0.483215048177188,-0.710606275917317,0.548044707276321,-0.118158196405382,0.327397016314611,0.377431575007556,0.125769386776804,0.0891764843632579,45.5,53.7
"Virginia",2007,51,0.525,0.4489796,0.352874979396283,0.305332142699452,0.0056252738338212,0.0057733066688879,-0.478805489660547,-0.661775484524216,0.57252375444566,0.0295119859072793,0.321443202672407,0.364951177893717,0.130206641796175,0.0985302676627966,45.5,53.7
"Virginia",2008,51,0.525,0.4489796,0.358960252370335,0.302898807932289,0.0057893765495805,0.0057543190353133,-0.503298353421021,-0.549850284096082,0.644652974700038,0.0476828442902232,0.315991329428896,0.372189815392587,0.152264492301722,0.0786926402022368,52.6,46.3
"Virginia",2009,51,0.525,0.3979592,0.356694998457683,0.294065109417112,0.0055027393118029,0.005947065381209,-0.557021075752317,-0.642122297035058,0.514870399966161,-0.137316433861462,0.299898718619891,0.339333303125377,0.159210645546514,0.0832593999179162,52.6,46.3
"Virginia",2010,51,0.525,0.3979592,0.357211127009948,0.286294989673439,0.0056060890349852,0.0055499865558674,-0.570808967936688,-0.844471337460639,0.863862508926749,-0.124882393944576,0.312246477550273,0.372698978013188,0.167386326362787,0.0821403318118278,52.6,46.3
"Virginia",2011,51,0.55,0.39,0.360117228971182,0.276284522702325,0.0057319711805297,0.0056816759562804,-0.592337459839028,-0.902546738157845,0.942840168021421,-0.147070490401362,0.319968419726948,0.401393251693777,0.176460222657057,0.0800613022161345,52.6,46.3
"Virginia",2012,51,0.5,0.32,0.364273099049216,0.273788272355871,0.005460750318294,0.0055088739106987,-0.635913093056959,-0.926410167543905,1.22250544316134,-0.156024643110616,0.321815037886482,0.394966412414194,0.186231583393734,0.0779518721455474,51.2,47.3
"Virginia",2013,51,0.5,0.31,0.362996006603121,0.271476976769141,0.0063801817016887,0.0060700926546872,-0.627651541527603,-0.899906244276681,1.28442081122121,-0.245083159472161,0.338059475832339,0.476709331362311,0.213882092746227,0.0924971145723223,51.2,47.3
"Virginia",2014,51,0.475,0.33,0.363555960211096,0.276530341795883,0.0066741087960391,0.0068891654248865,-0.66232950458409,-0.875650769739576,1.46450395790254,-0.222365410206427,0.334577081776526,0.488388789669091,0.24605610748397,0.102012387762681,51.2,47.3
"Washington",1946,53,0.5,0.2727273,0.383790619140503,0.274496047232513,0.0269509599667235,0.0251201364613871,1.06944389522727,1.44266868755916,0.0340667823779762,0.248931697381244,0.438444545564569,0.220004402908192,0.134376668387665,0.082152334875505,NA,NA
"Washington",1947,53,0.5,0.2727273,0.383983715868613,0.273917591813799,0.024858850249141,0.023161269387505,1.03800881474986,1.2745922448861,0.0606242036709669,0.293938167200966,0.471291650560867,0.247904762369718,0.135065569247307,0.0763918916340181,NA,NA
"Washington",1948,53,0.4130435,0.6767676,0.384448393638862,0.273984745330237,0.0228983918470026,0.0213879055043258,0.975202651222924,1.29939027782324,-0.0432145282533325,0.219758793500095,0.464607612881044,0.26190764927155,0.125769336059172,0.072926768442626,NA,NA
"Washington",1949,53,0.4130435,0.6767676,0.390726498375945,0.274376162905491,0.0217305406845769,0.0200293792026832,1.01947016183503,1.49563172593807,0.0915859037583508,0.206285403740617,0.429668975939653,0.233895657991572,0.152772721023724,0.0744717509597629,NA,NA
"Washington",1950,53,0.5434783,0.5454546,0.396795433251829,0.274009377819795,0.0201151385070233,0.018781547835522,0.927751382231562,1.29411117962214,0.257999668549794,0.112201694282545,0.489724078915373,0.238212363805454,0.165217772994117,0.0935397347640115,NA,NA
"Washington",1951,53,0.5434783,0.5454546,0.399408744353585,0.275649721229354,0.0188962172307269,0.017769630251955,0.967729849172027,1.07808173348088,-0.11855230879772,0.191409803135256,0.465895303150402,0.265968981408542,0.202732863486098,0.109220176825946,NA,NA
"Washington",1952,53,0.4565217,0.4141414,0.403388736171946,0.276445310968328,0.0174086851104462,0.0158461175432909,0.878674257626978,1.13097947980459,-0.244735196215776,0.100753514314036,0.465913652259803,0.312430992821422,0.129467240195465,0.0958413604252077,NA,NA
"Washington",1953,53,0.4565217,0.4141414,0.406656653641052,0.282279900010747,0.0157945197530345,0.0137238224623259,0.918671377377407,1.09978789250695,-0.183601304191801,0.058217370825069,0.463919951862259,0.29806847762115,0.151013502593446,0.0977739633292417,NA,NA
"Washington",1954,53,0.4782609,0.5050505,0.406960261346883,0.28616944699035,0.0148060922992513,0.0125596871299704,0.91905363183468,0.968914337911586,-0.114356086219351,-0.087988902401495,0.483492992866598,0.308867955733152,0.114902648638009,0.0810459066968771,NA,NA
"Washington",1955,53,0.4782609,0.5050505,0.405881057868862,0.283976942541133,0.0135286804662097,0.012150771540705,0.853086476585139,1.36397672129654,0.0857796529669915,0.207964587755724,0.464578285453173,0.31439108528499,0.151749432678856,0.0761998040818956,NA,NA
"Washington",1956,53,0.6739131,0.5656565,0.40153454800595,0.277893564818858,0.0128055999633244,0.0117809677612288,0.823906029613945,1.50643217213366,-0.180469644167445,0.0621200961160782,0.468975547685581,0.306292103908272,0.132587556062805,0.114928318820397,45.4,53.9
"Washington",1957,53,0.6739131,0.5656565,0.397627232543993,0.275218921797633,0.0119842436456995,0.011586494361298,0.846281348908893,1.74589260546977,-0.112576144076728,0.288360581328319,0.478392842314336,0.303409927999637,0.151470434257946,0.104004789529402,NA,NA
"Washington",1958,53,0.7142857,0.6666667,0.396508783188134,0.27300677256944,0.0120617093283225,0.0112753571924612,0.747318015490746,1.54075881612516,-0.0770476485826582,-0.0332145480701118,0.504898018612825,0.30649271048029,0.119393179361545,0.112923623606697,NA,NA
"Washington",1959,53,0.7142857,0.6666667,0.393121097278461,0.273335653570372,0.0126356506535031,0.0113057493359518,0.743742893351375,1.43802623670815,-0.0959163845035948,-0.0382942159712973,0.474293157035131,0.325313869472278,0.13866369108412,0.0985447767625152,NA,NA
"Washington",1960,53,0.7346939,0.5959596,0.392306259328386,0.274290879814751,0.0133417380175135,0.012086665656118,0.73923273998187,1.46687916807839,-0.0869280987352423,0.169602684604049,0.462356383600557,0.299841861828721,0.143554830258586,0.116481207600194,48.3,50.7
"Washington",1961,53,0.7346939,0.5959596,0.390552212511558,0.275512670628703,0.013362612779367,0.0109119779738757,0.496258099133477,1.41035925537229,-0.14153817500334,0.0993319650260934,0.478405406866387,0.287032348626939,0.123262101291648,0.105360548260866,48.3,50.7
"Washington",1962,53,0.6530612,0.5252525,0.386409186649276,0.278287968877476,0.0125808880964927,0.0106291596351843,0.444725076213401,1.14668242794133,-0.161412383544684,0.0601184383123537,0.473512869313291,0.282651450578755,0.153503279460981,0.116088013736958,48.3,50.7
"Washington",1963,53,0.6530612,0.5252525,0.383084535189642,0.278852408078233,0.0120847440691815,0.0103489223461997,0.408360248198086,0.689045680796939,-0.200962391929822,0.0274048991963377,0.444810733216156,0.276768337149642,0.144484723590052,0.112960097193375,48.3,50.7
"Washington",1964,53,0.6530612,0.6060606,0.382787021764605,0.272737833136165,0.0121024698080132,0.010057253443576,0.347548247669416,0.650405724770037,-0.0345657716425967,0.145352860856154,0.483708178428851,0.291543093386483,0.113419424154606,0.0800962091082513,62,37.4
"Washington",1965,53,0.6530612,0.6060606,0.380552799904475,0.269673421039129,0.011751254018943,0.0099842148004867,0.205926269176274,0.542004263439389,-0.313051249997075,0.196818461081548,0.422358149134219,0.294967000285952,0.11638196665406,0.112240581938458,62,37.4
"Washington",1966,53,0.5918368,0.4444444,0.375870024129824,0.267337010841897,0.0110640556796757,0.0094320880410734,0.119353948678178,0.585446157228404,-0.285762340780302,0.142425203070466,0.466714162072007,0.30764187866889,0.112728113046538,0.105917543184703,62,37.4
"Washington",1967,53,0.5918368,0.4444444,0.371342533500611,0.263770792478013,0.0114181927635468,0.0101763040864572,0.0741218341985694,0.751623467442578,-0.311356462616819,0.0651818186352765,0.442059312988531,0.34824124492454,0.137783685925989,0.120179234969608,62,37.4
"Washington",1968,53,0.5510204,0.4343434,0.36926091429976,0.257410225738703,0.0114951011960925,0.0101702808361079,-0.0076244297904793,1.04159632225434,-0.156446144480831,0.158187105526347,0.458361664307491,0.342326395092122,0.100240876702422,0.104541190690591,47.2,45.1
"Washington",1969,53,0.5510204,0.4343434,0.367079811513161,0.248959776212455,0.0117028762435872,0.0102652193637969,0.494026079261003,1.05938885563035,-0.146788732521928,0.293611906624575,0.375658026423324,0.363520005204262,0.133131837637574,0.135134880655155,47.2,45.1
"Washington",1970,53,0.5918368,0.4848485,0.367298827723022,0.237142898233825,0.0121221174587116,0.0103015940650853,0.424136941919922,1.04279551001069,-0.034609684878664,0.246933746998089,0.348967083671305,0.357554379600382,0.156073099152297,0.1592602499271,47.2,45.1
"Washington",1971,53,0.5918368,0.4848485,0.36590150838588,0.228466060070229,0.0122581335859501,0.0102462170551596,0.665030040148487,0.933313999964712,0.0460267387812252,0.19906330176579,0.379081116273895,0.347905247799203,0.149686423057397,0.144107653356291,47.2,45.1
"Washington",1972,53,0.6122449,0.5816327,0.367825107332938,0.220069882515112,0.0121984083081182,0.0103640838893622,0.387165826057468,1.09979232588234,0.108074775173382,0.210580284626761,0.3523651791365,0.336132057879571,0.132500998355861,0.147981694544328,38.6,56.9
"Washington",1973,53,0.6122449,0.5816327,0.36963459605176,0.21398258714227,0.0124178884053596,0.0102505340443342,0.745966525417109,1.02056634408572,-0.0017273760931267,0.24758985552026,0.357172771154271,0.382200510062633,0.164634383454027,0.122314251669195,38.6,56.9
"Washington",1974,53,0.6122449,0.6326531,0.368280439783851,0.207505313509303,0.012654076953979,0.0101606069837911,0.718763530888129,0.950630161040784,0.0936106224952699,0.0469674348641322,0.346113584580731,0.352469286075848,0.128678836718154,0.136388527750281,38.6,56.9
"Washington",1975,53,0.6122449,0.6326531,0.362033037339892,0.203299087114748,0.0116553548322206,0.009569077303694,0.644631169459859,0.94446358581071,0.0302919039346594,0.0486487259199007,0.372068966524151,0.357863964502344,0.144734690663622,0.170090792391778,38.6,56.9
"Washington",1976,53,0.6122449,0.6326531,0.354774387257188,0.200907447611578,0.0109567123655001,0.008742195003857,0.792771907587762,0.802623166440746,0.0765038318070024,-0.229578603346755,0.354649790256654,0.364018267599318,0.131822913531786,0.150799015226073,46.1,50
"Washington",1977,53,0.6122449,0.6326531,0.351077560138774,0.197367616235794,0.010259309311241,0.0083630769594387,0.745225704538809,0.705554042834427,0.0016273238008519,-0.104069494061868,0.344793404994695,0.344652476375468,0.132727107029172,0.218836907965849,46.1,50
"Washington",1978,53,0.6122449,0.5,0.344412633385659,0.199247373358994,0.0103754034903221,0.0086013114017022,0.740589601273428,0.932014704311508,0.0581415104009849,-0.217262175702976,0.332863904314735,0.362071724246354,0.141993642834827,0.191651821299617,46.1,50
"Washington",1979,53,0.6122449,0.5,0.341631797495706,0.203198646732733,0.0101348959263902,0.0089197543818808,0.687939553442557,0.81442582785339,0.246113600997562,-0.13173736485078,0.333597211574798,0.33751486399222,0.142626430305162,0.211454675033196,46.1,50
"Washington",1980,53,0.5102041,0.4285714,0.337798766422363,0.207033481783168,0.0101419222063699,0.0086497083614359,0.679638650619416,0.670530763475003,0.138381354714204,-0.294393808629013,0.317567016551079,0.353647298501565,0.124762291168741,0.177766389876894,37.3,49.7
"Washington",1981,53,0.5102041,0.4285714,0.328428660256403,0.214320242785682,0.0097251437482626,0.008327737650998,0.749297099105308,0.425194981627439,0.306164098614686,-0.215034760841626,0.326884967920816,0.311455614869095,0.139335684880055,0.217701137308336,37.3,49.7
"Washington",1982,53,0.5306122,0.5510204,0.323687049148508,0.219649366929819,0.0097020222886622,0.0088438617806591,0.835233948458518,0.424796573357213,0.198151101799154,-0.297725021491304,0.316710358357678,0.326548131133458,0.137660340968228,0.206687702335329,37.3,49.7
"Washington",1983,53,0.5306122,0.5510204,0.318084786449615,0.228883751419912,0.0097203941832356,0.0088277750673074,0.830569492033739,0.696254408649345,0.360561594132618,-0.191907779995853,0.308808051842082,0.341843099559141,0.140985061436289,0.204818036218832,37.3,49.7
"Washington",1984,53,0.5510204,0.5408163,0.312287953854633,0.240302808443724,0.0095178178323125,0.0086487690853763,0.773710739633232,0.642548120109592,0.349866621866678,-0.191680276155742,0.318694689446782,0.32964865037039,0.129882531271745,0.205909321744191,42.9,55.8
"Washington",1985,53,0.5510204,0.5408163,0.306833294191286,0.25316535492905,0.0098276848698283,0.0084868914508951,0.761510348645057,0.594429667516759,0.412505753865409,-0.269219357587032,0.310642147653747,0.31951409580355,0.155979014836931,0.198723790199841,42.9,55.8
"Washington",1986,53,0.5102041,0.622449,0.303922887709058,0.259691211837127,0.0099711655682492,0.0083624034807252,0.702537567189497,0.588359529385161,0.508639472162546,-0.223359452610155,0.287227784325968,0.347615938427273,0.158429838246966,0.182908450317859,42.9,55.8
"Washington",1987,53,0.5102041,0.622449,0.301467175580022,0.263969412292075,0.0090840648541743,0.0079476503817315,0.686696386306662,0.549608709404765,0.590327516648342,-0.318180927418834,0.301798288854994,0.33669598394568,0.147574983551582,0.148574513424702,42.9,55.8
"Washington",1988,53,0.4897959,0.6428571,0.302610874030949,0.264209136127453,0.0087447179987251,0.0083362015576049,0.635359834512539,0.479980518055409,0.647976499768682,-0.172217539422694,0.316389952846878,0.325283697575143,0.157336726654162,0.134313751408864,50,48.5
"Washington",1989,53,0.4897959,0.6428571,0.299369181463225,0.264567682752418,0.0084275794632997,0.0082178852589168,0.624004963183213,0.568839948722848,0.628374058317597,-0.0413988590491689,0.298073302995758,0.349345570971596,0.169915392193154,0.122792049732098,50,48.5
"Washington",1990,53,0.4897959,0.5918368,0.295655069207905,0.268031535578553,0.0088340149942814,0.0082911114592867,0.561340398260429,0.799615787478351,0.777980496607305,-0.0105450384109548,0.28828608745286,0.324947273178353,0.175297157300309,0.130564293504438,50,48.5
"Washington",1991,53,0.4897959,0.5918368,0.296448687650763,0.269757204197349,0.0086451281687733,0.0084818202314621,0.537858905482583,0.606659108488554,0.760263411811135,0.138078882911217,0.284335623204167,0.339033710502984,0.193323480314939,0.100007782040266,50,48.5
"Washington",1992,53,0.5714286,0.6632653,0.30065226896277,0.273210156250564,0.0083910734970926,0.0082526600984158,0.521636658272308,0.566441351455398,0.816374503135914,-0.0447553912527212,0.29659748681657,0.351749075701255,0.181883813518878,0.1043345935093,43.4,32
"Washington",1993,53,0.5714286,0.6632653,0.302512483499234,0.27156144072952,0.0083446587749553,0.0082994225876802,0.760098681479403,0.410494471400093,0.977654741464703,-0.0753209677067683,0.27376603645485,0.374108456854776,0.19029668965636,0.0995601081407284,43.4,32
"Washington",1994,53,0.5102041,0.3673469,0.304246799702365,0.271070873070235,0.0080174952516152,0.0083575414828453,0.851012047990885,0.614875179254047,0.881855158328533,-0.253446698636781,0.314039533829394,0.395794127078644,0.159330508258909,0.131910588746743,43.4,32
"Washington",1995,53,0.5102041,0.3673469,0.305201168231743,0.269139804231633,0.0085275836682342,0.0087307553837784,0.831323960507035,0.62060452483075,0.864762728040932,-0.329433353088552,0.292305323426629,0.367128357253049,0.195260998838449,0.105814080005101,43.4,32
"Washington",1996,53,0.4693878,0.4285714,0.31259954834709,0.260831412086824,0.0084483752882584,0.0082782281373972,0.808917949123445,0.632126991526477,0.794871902009552,-0.153066376757234,0.30281267676194,0.380621825888201,0.160794264661416,0.124399642190194,49.8,37.3
"Washington",1997,53,0.4693878,0.4285714,0.322074635830609,0.255617501106312,0.0082367124501002,0.008152159268863,0.791467962469367,0.21476465562785,0.695153781444561,-0.224785718543595,0.295650301903355,0.417076433037516,0.204208091182325,0.1342973025797,49.8,37.3
"Washington",1998,53,0.5510204,0.5,0.328480362138456,0.258866609815565,0.0081562419478399,0.0081262670307087,0.865837343183575,0.133944960319924,0.691673371772113,-0.17608754938815,0.272094119842425,0.370025118184525,0.176351476541749,0.13531622084969,49.8,37.3
"Washington",1999,53,0.5510204,0.5,0.327087392559887,0.26417382642045,0.0078376893665029,0.007900179025422,1.02152007436721,0.385390637380244,0.528726227226039,-0.0228006585606745,0.238158282731067,0.337547423329134,0.190149800341424,0.143228058679127,49.8,37.3
"Washington",2000,53,0.5102041,0.5,0.328869125088369,0.272366831534121,0.0071087487999223,0.0069248924648636,0.974418974309263,0.265745050966473,0.580383817519975,-0.23807724341144,0.223927303876073,0.33333563471906,0.160807889722585,0.113140986809597,50.1,44.6
"Washington",2001,53,0.5102041,0.5,0.331840348741025,0.273437374111428,0.0083303113234676,0.0079197349372183,0.955504076890932,0.218397221687421,0.683481316114573,-0.0178025699424481,0.237330599618203,0.348923165614937,0.204801473754315,0.146732732811791,50.1,44.6
"Washington",2002,53,0.4897959,0.5306122,0.332633519242254,0.276730130184238,0.0085170112828103,0.0080925593001422,0.923269335939675,0.333984380503409,0.855722897481591,-0.229790080421421,0.231378804980418,0.342156716909278,0.193994561766268,0.132093469739459,50.1,44.6
"Washington",2003,53,0.4897959,0.5306122,0.337120636497182,0.278818698282234,0.0077497352035145,0.0075449796756914,0.912768148410882,0.261336881295912,0.809021784531991,0.149113190308362,0.259502893748158,0.348805959466667,0.15952600760122,0.175532909717146,50.1,44.6
"Washington",2004,53,0.5306122,0.5612245,0.340618037161826,0.278158881015756,0.0066918317162975,0.0064619625669816,0.879456586352814,0.175275943600787,0.902750932309012,-0.0842752448344653,0.254032834779047,0.347356824971952,0.128023534517453,0.10910239774044,52.8,45.6
"Washington",2005,53,0.5306122,0.5612245,0.33932451790474,0.275293235338566,0.0071070186324252,0.006704234547743,0.840937425114523,0.301687229441232,0.911685118582672,-0.0653820795831692,0.281274103127924,0.331691796072598,0.1402142226838,0.135889578792573,52.8,45.6
"Washington",2006,53,0.6530612,0.6326531,0.341425996081545,0.271685207003022,0.0066060741409211,0.00609634080106,1.2212409491016,0.366868781546372,1.04673919508,-0.150678973700629,0.179802629195493,0.318968383988295,0.137473500829238,0.100208121258446,52.8,45.6
"Washington",2007,53,0.6530612,0.6326531,0.351465211858577,0.26377636875378,0.0069876627996793,0.0067438524140464,1.20028154246899,0.309137778687941,1.24070433882529,-0.0974491431088103,0.205095198664794,0.303346477069543,0.172528402843622,0.11195242834878,52.8,45.6
"Washington",2008,53,0.6326531,0.6326531,0.362412271076657,0.263654420023933,0.0070312556064719,0.0063531502393661,1.20878933947068,0.195653892957667,1.38761557075179,-0.0961493162547246,0.19792306173247,0.333878716711528,0.171548510569786,0.0852980330680292,57.3,40.3
"Washington",2009,53,0.6326531,0.6326531,0.358510838142977,0.253121866896583,0.00655970674921,0.0061109169117514,1.26096441886387,0.491537674656375,1.30836185077341,-0.204973802312121,0.189823636779256,0.320254907801611,0.18989466513443,0.0840829612793266,57.3,40.3
"Washington",2010,53,0.5510204,0.5714286,0.360250923850995,0.247998652017286,0.0064611582883245,0.0059663210638317,1.2264228455982,0.536280950053443,1.46668426780276,-0.269170044679762,0.201413075309122,0.310272533891864,0.188804266940585,0.0778959216039753,57.3,40.3
"Washington",2011,53,0.55102041,0.57142857,0.356998582965377,0.240518311234863,0.0067337724956259,0.0064199120486426,1.25970682389363,0.664136722094118,1.52055293162236,-0.201106782045961,0.218933169635123,0.312882979060646,0.200433610108126,0.103153655411498,57.3,40.3
"Washington",2012,53,0.55102041,0.57142857,0.355622009774937,0.239308598279157,0.0064837927214904,0.0058942817420014,1.31474224065312,0.604396385839211,1.70673339113956,-0.19631240943101,0.204081192130046,0.308000515670138,0.216134779887518,0.0828208529719355,55.8,41
"Washington",2013,53,0.53061225,0.56122449,0.354164436687937,0.231330748428065,0.0077335355751291,0.006908211884519,1.26630214309207,0.332827176423285,1.94872782476201,-0.191089423387934,0.228837871323389,0.381653030442909,0.269378265057685,0.0910998834853635,55.8,41
"Washington",2014,53,0.51020408,0.56122449,0.35813079741534,0.226145990887096,0.0082462296661373,0.0074823404052868,1.27879997294322,0.326668392236412,2.26258244737711,-0.0661746365917265,0.231724843188784,0.39395926332261,0.339765854355027,0.0936658153953669,55.8,41
"West Virginia",1946,54,0.625,0.5957447,0.501653991581949,0.394410350589004,0.0292592562944684,0.0284863712490676,-0.710390925750281,-0.594129204209226,-0.532556409414262,-0.112246661385187,0.771188673947884,0.309736896286966,0.143031484006925,0.0839257596886425,NA,NA
"West Virginia",1947,54,0.625,0.5957447,0.501964579027215,0.394857579994681,0.0267665344254024,0.0267461453008756,-0.773100625928785,-0.817880404666836,-0.49712780997632,-0.0530168055656934,0.865076393678231,0.301531967895809,0.139810715143899,0.0777672406779558,NA,NA
"West Virginia",1948,54,0.625,0.8297873,0.50352994544753,0.394823923303346,0.0245772722522815,0.0245320756177214,-0.791144725498185,-0.927301580978206,-0.632786565626583,0.0580518503367391,0.768597802440936,0.308422134460217,0.125485960094062,0.0688368216645855,NA,NA
"West Virginia",1949,54,0.625,0.8297873,0.505812817055582,0.393066433463183,0.0225755851206954,0.0225001244258239,-0.839140318657353,-0.615710987374459,-0.567010608333195,0.0031659939907167,0.772144028186848,0.305058735176462,0.14770770225295,0.0725430190395557,NA,NA
"West Virginia",1950,54,0.625,0.8297873,0.508429499763469,0.390666516140663,0.0216732820049596,0.0215493043759511,-0.894739758300478,-0.618098611101757,-0.430411624887555,-0.13805358453609,0.779429705025803,0.295878079127476,0.151013720931697,0.102352243280403,NA,NA
"West Virginia",1951,54,0.625,0.8297873,0.511473909926794,0.387599989652737,0.0204181843166051,0.0202995771705426,-0.900702353097552,-0.658828620384858,-0.511600268209761,-0.0436988139376809,0.770291795158753,0.318621411203571,0.209867781495105,0.116926810382068,NA,NA
"West Virginia",1952,54,0.6875,0.67,0.515420935993112,0.383781708870581,0.0184854721079825,0.0180340313576703,-0.975362623778369,-0.567493358915985,-0.396693609365361,0.0449627857289482,0.791610767958854,0.31517493246709,0.156977963101822,0.0981814622148863,NA,NA
"West Virginia",1953,54,0.6875,0.67,0.514492515577718,0.383448101026175,0.0173930413805887,0.0169261419093491,-1.01976295984174,-0.634587094777283,-0.263801598079097,0.0693229691602101,0.771727530852857,0.29585960913862,0.15480514877603,0.104432233688269,NA,NA
"West Virginia",1954,54,0.71875,0.76,0.514375366036598,0.386759318031177,0.0169021023707801,0.0168391417296753,-1.073840547618,-0.580600147605889,-0.201270862391516,0.182874040246935,0.808918728639411,0.315144212491491,0.14941701384536,0.105344975708158,NA,NA
"West Virginia",1955,54,0.71875,0.76,0.51766151077407,0.386958031477876,0.0160911404319522,0.0162388065326056,-1.10788609638237,-0.819810878924724,-0.287252729761109,0.187119393796581,0.771843948905368,0.302119037798928,0.138584565645505,0.10355974474852,NA,NA
"West Virginia",1956,54,0.65625,0.58,0.513916301208685,0.391983275228003,0.0159199360653689,0.0161162020517959,-0.585371682231033,-0.67068643558941,-0.524048320124376,0.0640619356998796,0.761774048822033,0.312363435808955,0.127290400467621,0.136586595989164,45.9,54.1
"West Virginia",1957,54,0.65625,0.58,0.514549243889786,0.391322299918984,0.0167490547834312,0.0165555048155598,-0.61892246275313,-0.634896750183768,-0.32234218534916,0.19703217156862,0.758682272613758,0.332214973483458,0.14019168951064,0.108748777089234,NA,NA
"West Virginia",1958,54,0.71875,0.85,0.509160425167135,0.396634127218815,0.0169023530365639,0.0167926596863142,-0.649953307848635,-0.703502463176574,-0.391346879890912,-0.0677275560514359,0.757791883590769,0.31335278521391,0.122073828891094,0.129589713894828,NA,NA
"West Virginia",1959,54,0.71875,0.85,0.512114882642895,0.393545242062086,0.0162448534066156,0.0163073875567003,-0.671343494088421,-0.898668936536345,-0.483908427536789,0.122733786310154,0.737464891131528,0.302799893497866,0.130621783812445,0.11476354881054,NA,NA
"West Virginia",1960,54,0.78125,0.82,0.515328966339074,0.389344568102334,0.0167009979790135,0.0167044644666409,-0.678003913101636,-0.818580020436056,-0.458867039195193,0.230991305911175,0.7242764466617,0.312635471986406,0.123720807707298,0.12309307565434,52.7,47.3
"West Virginia",1961,54,0.78125,0.82,0.52030940206199,0.382316943086363,0.0164193823851686,0.0165946983334342,-0.694664022213439,-0.284088071524347,-0.653909603739967,0.436935755697463,0.732436460939446,0.291858563537407,0.114370336303768,0.118635228017685,52.7,47.3
"West Virginia",1962,54,0.71875,0.76,0.52239330560609,0.376844670273111,0.0160698700379432,0.0160779891742912,-0.656589490587579,-0.327487405140475,-0.564394547296969,-0.0298542748258411,0.689343974864388,0.278319433198558,0.186579328784393,0.123267624068346,52.7,47.3
"West Virginia",1963,54,0.71875,0.76,0.528303188830634,0.367507037313504,0.0158803322108324,0.015755405561815,-0.705867044896131,-0.265440569167128,-0.305844662328762,0.264775267585177,0.706246911013121,0.273448999853209,0.156371565766936,0.147384936508617,52.7,47.3
"West Virginia",1964,54,0.7941176,0.91,0.534938085866898,0.356139483311362,0.0154521824490803,0.0156308614518087,-0.767297933734475,-0.305673236388345,-0.475298033932848,0.266749663309133,0.677912784006668,0.280022003550994,0.193263211671956,0.123334941793612,67.9,32.1
"West Virginia",1965,54,0.7941176,0.91,0.538645698937747,0.347318427110546,0.0149764415619897,0.0148987619284669,0.125042693239511,-0.280028098453427,-0.438532072600994,0.326754414888341,0.488107838296734,0.29342812108286,0.125117694267453,0.126934459538005,67.9,32.1
"West Virginia",1966,54,0.7352941,0.65,0.540690453192552,0.339127055130174,0.0159682911979205,0.0156966553710047,0.0567307971145552,-0.296955775569233,-0.474655599567327,0.219159709588893,0.535307095773229,0.299596702034715,0.139547387677668,0.141616706702312,67.9,32.1
"West Virginia",1967,54,0.7352941,0.65,0.544313369661133,0.331402897617842,0.0161325339803381,0.0153204874415409,0.0035994027894114,0.207681363868437,-0.405846281819343,0.218552272317593,0.503343257669169,0.348294861903514,0.147423746008978,0.136211311369715,67.9,32.1
"West Virginia",1968,54,0.6470588,0.63,0.543980471111295,0.326198552437397,0.0161036504605841,0.0153716535361945,-0.0868058231396744,0.112641594251696,-0.431922271442022,0.257335741760634,0.476084915491267,0.318275404314859,0.123515429637382,0.13512112796989,49.6,40.8
"West Virginia",1969,54,0.6470588,0.63,0.541323061969296,0.321094342495483,0.0161026628144423,0.0152306979934449,-0.194478795459988,0.0251746757245011,-0.407031818827905,0.312504684409657,0.532152091388848,0.353827008837199,0.146031692005871,0.13651635328015,49.6,40.8
"West Virginia",1970,54,0.6764706,0.68,0.535596738414039,0.316800453009698,0.0160645401902931,0.0151423702388704,-0.350483551518244,-0.191899437724571,-0.418423613941505,0.312725685389022,0.471476336758663,0.319253238000708,0.164823043326878,0.163654377222834,49.6,40.8
"West Virginia",1971,54,0.6764706,0.68,0.529553117698295,0.313912968379922,0.0162316898383851,0.0151733042202374,0.0253909646146324,-0.0451912515592194,-0.399984731782936,0.267389619127055,0.451758154581311,0.330660695888343,0.159246144495267,0.145880134408781,49.6,40.8
"West Virginia",1972,54,0.7058824,0.57,0.521843877408087,0.311382915307123,0.0167230907282728,0.0155242222386489,0.0635753671279384,0.0953162092741445,-0.436645130784897,0.344814849345367,0.425741136575233,0.330751085885878,0.139418821623052,0.16358164604287,36.4,63.6
"West Virginia",1973,54,0.7058824,0.57,0.516158516365836,0.306315791792334,0.0163649319217793,0.0152424202978723,0.0062859442517703,0.0435863937899536,-0.506106837784993,0.334684334536377,0.425926036571731,0.344701361060522,0.158209350913829,0.14815707470725,36.4,63.6
"West Virginia",1974,54,0.7647059,0.86,0.512738151632274,0.300479194475688,0.0163273565281582,0.0152663253875215,-0.0120022214061223,0.0541293647987194,-0.541087724842725,0.306363249140051,0.426747630306672,0.330379117732059,0.141128973147441,0.156336209974668,36.4,63.6
"West Virginia",1975,54,0.7647059,0.86,0.510468518068419,0.295453171303444,0.01652910439973,0.0151236137825502,-0.0510626171721598,-0.0342281194535216,-0.60206782332818,0.341280737892763,0.427265320579848,0.317216023772652,0.150176632951642,0.188576417677093,36.4,63.6
"West Virginia",1976,54,0.8235294,0.91,0.507594242244302,0.29130059431778,0.0152294581356763,0.0144661930987048,0.152028901846263,-0.0922965244825921,-0.539890705840598,0.174765970420331,0.406424463984429,0.344954819838682,0.136874558183475,0.19400046593907,58.1,41.9
"West Virginia",1977,54,0.8235294,0.91,0.509108122037246,0.28693195878339,0.0153011141083151,0.0139065117488253,0.154796348931373,-0.123633660643153,-0.625497883443735,0.218778945714758,0.387827875365992,0.311708830732436,0.142325495621619,0.245307277322292,58.1,41.9
"West Virginia",1978,54,0.7647059,0.74,0.509337385436878,0.282505384646697,0.0145713897029556,0.0135526768861353,0.107435238571017,-0.119528845867024,-0.721935636743636,0.0284008263679585,0.406246850479067,0.322420697421648,0.156821212133253,0.194865828162417,58.1,41.9
"West Virginia",1979,54,0.7647059,0.74,0.512481552729994,0.278493501598462,0.0139878546307449,0.0132307108433519,0.0856626120020081,-0.1887504445967,-0.526307440271904,0.184308633266594,0.379521127765023,0.321971476500899,0.162752680134318,0.255372893365445,58.1,41.9
"West Virginia",1980,54,0.7941176,0.78,0.511345790033704,0.278137351272125,0.013295419879091,0.0123002810424469,0.0381817200916833,-0.237915937016506,-0.671630085144872,0.0190197737088441,0.400835844105923,0.306117879734267,0.146675335485806,0.175156632686545,49.8,45.3
"West Virginia",1981,54,0.7941176,0.78,0.510745506135278,0.277469785630538,0.0125971017455597,0.0118189089757735,0.263724795385927,-0.167918390106098,-0.5043273188115,0.13399066838995,0.348029248604447,0.3295148240554,0.155945271989656,0.233005533323797,49.8,45.3
"West Virginia",1982,54,0.9117647,0.87,0.507067408390065,0.279354997272698,0.0125480410884233,0.0115033185034397,0.253231826831441,-0.169830303675883,-0.620931844467657,0.0650303353151147,0.334935843202562,0.323802988121738,0.16455740644944,0.202426874578747,49.8,45.3
"West Virginia",1983,54,0.9117647,0.87,0.508111952455144,0.27957454840274,0.0117613235584832,0.0109625764797666,0.249346116365323,-0.175348756701522,-0.408038301807718,0.0244812084276103,0.336296991092582,0.312294167304383,0.149057804289404,0.209133065883193,49.8,45.3
"West Virginia",1984,54,0.8823529,0.73,0.508265008115219,0.278914723932852,0.0121809537962019,0.0107758040772163,0.62937959972202,-0.0532887609052969,-0.496021517502783,0.0437062688666435,0.301567040517159,0.294891769025507,0.138209938041545,0.192495756757564,44.6,55.1
"West Virginia",1985,54,0.8823529,0.73,0.501761367397699,0.278193394741629,0.0120015568362285,0.0104030667394098,0.582126284385174,-0.0321477989269721,-0.369807484796751,-0.0019522661944381,0.291074132358974,0.325103420463017,0.163673715621627,0.176566037877082,44.6,55.1
"West Virginia",1986,54,0.7941176,0.78,0.499362492914364,0.274285924846004,0.0114668165252476,0.0098737049642117,0.518111971766386,-0.149560820777587,-0.361145111944693,0.157193600692284,0.329659453360369,0.312219189703552,0.16464033891859,0.175741294610508,44.6,55.1
"West Virginia",1987,54,0.7941176,0.78,0.497544375742281,0.27079906613669,0.011471963501529,0.0096224021669475,0.520375484740419,0.0196530365003718,-0.349672224718206,0.180424314852313,0.304259363636355,0.335521938676644,0.145748454687787,0.142219603819145,44.6,55.1
"West Virginia",1988,54,0.8529412,0.79,0.498330729100401,0.267631205701201,0.0116790469448252,0.00988986296723,0.478902856603142,-0.061237118890627,-0.422998651636746,0.216449441871408,0.291359432369774,0.330626126341639,0.169003498688495,0.121724592808257,52.2,47.5
"West Virginia",1989,54,0.8529412,0.79,0.499345665913263,0.264778488053114,0.0116483081182145,0.0102660712117686,0.32815850844575,-0.158847736237767,-0.325285810043826,0.373753274472955,0.306460337521254,0.325058383872756,0.186393962522274,0.135611498452203,52.2,47.5
"West Virginia",1990,54,0.9705882,0.74,0.498882558300788,0.263351955284593,0.0120870759004343,0.0104091439294266,0.305440248011206,-0.185796867502102,-0.266116924047093,0.355265592653273,0.293204848566736,0.325611767100767,0.192293967782706,0.123083902601426,52.2,47.5
"West Virginia",1991,54,0.9705882,0.74,0.4968045576139,0.26316898159685,0.0115990637973207,0.0101573836984818,0.275076965786549,-0.297259625055364,-0.240636667022092,0.344369685505321,0.306540612085762,0.332659502801817,0.203842618694935,0.131411199964132,52.2,47.5
"West Virginia",1992,54,0.9411765,0.79,0.493588911141209,0.267191462863392,0.0114033562399267,0.0098691273946278,0.257564891254794,-0.294275920762192,-0.266471187069794,0.335054787303493,0.285259316281159,0.334603355240079,0.193044455817585,0.105007535037855,48.4,35.4
"West Virginia",1993,54,0.9411765,0.79,0.490468198396974,0.268180870856413,0.0118237802816759,0.0103785202399976,0.250334888205513,-0.327840627172944,-0.138315291787606,0.0393760254230352,0.300005420243636,0.382785712579654,0.21059328571107,0.118693538391992,48.4,35.4
"West Virginia",1994,54,0.7647059,0.69,0.487636949298398,0.268612055453136,0.0118125009751038,0.0099722597769059,0.418088720149081,-0.381038391270592,-0.265277260622417,0.0611953185659423,0.348600099812692,0.370421069192214,0.178184355990526,0.134339883389435,48.4,35.4
"West Virginia",1995,54,0.7647059,0.69,0.486977516692576,0.266761246467638,0.0110829412984664,0.009882272086728,0.421103407939768,-0.280719550938617,-0.231935786546716,-0.148270640067303,0.350642751458453,0.376838167376434,0.221748492616704,0.120881399040207,48.4,35.4
"West Virginia",1996,54,0.7352941,0.74,0.486542705698278,0.26483941009941,0.0113896483543254,0.0099377776661992,0.371830058890619,-0.245612314280252,-0.109038972183327,-0.0034078484912507,0.326982376466303,0.369425748602476,0.175524233073695,0.139178897787664,51.5,36.8
"West Virginia",1997,54,0.7352941,0.74,0.484906082167479,0.266897939576111,0.0118091387122893,0.0104144197968031,0.38858131850646,0.0163694899965204,-0.0982981389116293,0.0066450755906807,0.322666695109287,0.393986773406254,0.188745354880654,0.148731873040135,51.5,36.8
"West Virginia",1998,54,0.8529412,0.75,0.484012610277555,0.267094197178509,0.0114990836322802,0.0103007243082014,0.388942588201997,-0.337940994393607,-0.117821073595129,-0.0136914567464026,0.322520509188595,0.389524857289591,0.18141605941814,0.135286066425409,51.5,36.8
"West Virginia",1999,54,0.8529412,0.75,0.48168513340243,0.267855053184234,0.0114543389265321,0.0101018200833618,0.373956984812567,-0.211536958325216,-0.164244742401146,0.168783068736403,0.305757090323881,0.363971150978755,0.2089106342641,0.157708476394021,51.5,36.8
"West Virginia",2000,54,0.8235294,0.75,0.480562425340116,0.268585687376616,0.0112446169636185,0.0095299548935461,0.324034223056191,-0.0721515897733994,-0.174988360705388,-0.0670836478076497,0.306015319190423,0.366886108420547,0.187084370483155,0.121383522502984,45.6,51.9
"West Virginia",2001,54,0.8235294,0.75,0.47247119988347,0.27355297419835,0.0113287039502838,0.0103602633281693,0.280388774550633,0.174815346528811,-0.269147173024314,0.052380435719072,0.327857883645916,0.351500152868613,0.216264081476237,0.159385043171746,45.6,51.9
"West Virginia",2002,54,0.7058824,0.68,0.466658177205227,0.278450624306714,0.0111287481197306,0.0104565914015185,0.254363160352228,0.0904754500239657,-0.309928835452176,-0.0032248312438162,0.332289379220041,0.361538196106974,0.210973954229648,0.141225437229819,45.6,51.9
"West Virginia",2003,54,0.7058824,0.68,0.460367083475124,0.283327819989235,0.0110573305204517,0.0099794562685014,0.18353368068119,0.0984228533335086,-0.408165363883539,0.2258154447855,0.305439369242816,0.351915881114236,0.198885196705763,0.143828933629723,45.6,51.9
"West Virginia",2004,54,0.6176471,0.68,0.455362800699947,0.286372518114841,0.0104029246673183,0.0091469789951599,0.142172078110033,0.0766233242289251,-0.290720159921104,0.170534112294455,0.313014760671295,0.340084823675562,0.158422725433359,0.125151704140462,43.2,56.1
"West Virginia",2005,54,0.6176471,0.68,0.449597490454034,0.286935611923798,0.0100796925381641,0.0092134605632802,0.0894252044239207,-0.101334741383974,-0.297301763602424,-0.0109587675475865,0.310795683928803,0.337110914877404,0.162788766596995,0.132243532867478,43.2,56.1
"West Virginia",2006,54,0.6764706,0.72,0.447103716444237,0.284590559451091,0.0098988630984676,0.0090164961126483,0.0483606297337859,-0.0422622766737379,-0.171546236262485,0.0235164207961531,0.297535092503755,0.333956582929502,0.15459206070942,0.126166473856928,43.2,56.1
"West Virginia",2007,54,0.6764706,0.72,0.446766704323052,0.28141794306795,0.0102069820040849,0.0089830560996044,0.0633236630691883,-0.0287946427208945,-0.235950930267918,0.0749193447402085,0.311722775610652,0.337339379824719,0.176219821621864,0.114971973518361,43.2,56.1
"West Virginia",2008,54,0.8235294,0.71,0.445792272944646,0.280050304239367,0.0103310731016608,0.0087521088220912,-0.135255647306118,0.106256265118119,-0.307369912900328,-0.054561880365541,0.327513128410093,0.3090562888738,0.203506118894261,0.107546490863301,42.5,55.6
"West Virginia",2009,54,0.8235294,0.71,0.441735389158245,0.272899442141342,0.0098515260045353,0.0088961214105755,-0.154866847322806,0.0050150951709435,-0.457891584743193,-0.145619071008585,0.308042019869957,0.320152395126416,0.247363767777684,0.100213288121791,42.5,55.6
"West Virginia",2010,54,0.8235294,0.65,0.436275802608574,0.270312031347151,0.0098389393791221,0.0085650263234929,-0.187291635854323,-0.116008807388883,-0.126584751738981,-0.307444169680466,0.30248615059118,0.329326486336674,0.21406157981162,0.100229562907499,42.5,55.6
"West Virginia",2011,54,0.82352941,0.65,0.43035703816287,0.264862150471184,0.010118997335787,0.0093628779592312,-0.220130096722514,0.0152752370087397,-0.0862134641857297,-0.331158219204424,0.308780650941408,0.323835611840896,0.219310540874939,0.102482124611501,42.5,55.6
"West Virginia",2012,54,0.82352941,0.65,0.422738412715207,0.261233596601636,0.0099318890536795,0.0094478617789775,-0.242859808092736,-0.0161058894687648,-0.0954226724324344,-0.390404385520038,0.306865400815006,0.342884360256987,0.242435371778962,0.118662619113156,35.5,62.1
"West Virginia",2013,54,0.73529412,0.54,0.417079788094331,0.259840821708569,0.0108507691415997,0.0101014523988809,-0.221134652858671,-0.140413799002039,-0.0909961816061367,-0.567993730772663,0.3068290153504,0.369128464885038,0.297344085424285,0.123802280820655,35.5,62.1
"West Virginia",2014,54,0.70588235,0.53,0.412913494817806,0.261980753621798,0.0116631026544584,0.0116741975018448,-0.228024545370845,-0.181420658755393,-0.123528359766655,-0.601262300586629,0.30951090556094,0.3984626862696,0.373292539209892,0.143447776602953,35.5,62.1
"Wisconsin",1946,55,0.15625,0.12,0.362036453594768,0.377477073133729,0.0250624409922369,0.0261999737379718,0.0674767504461281,0.602114018587305,0.117491752020985,0.0379691339288782,0.658136276495389,0.301300493460505,0.133950947264104,0.0719329088987189,NA,NA
"Wisconsin",1947,55,0.15625,0.12,0.361335375516482,0.378570001425889,0.0231112282136332,0.0242935472617677,-0.0087026216036372,0.617979230739357,0.11068455582332,0.0647606653969529,0.610990665614817,0.302631655399739,0.136250542773105,0.0693127876638978,NA,NA
"Wisconsin",1948,55,0.1515152,0.26,0.361482234214392,0.379001125239453,0.0206272251512658,0.02237303340874,-0.0503929719609161,0.596685319577046,0.105297297673791,0.0257988977403847,0.601057471058933,0.300890044195651,0.116715559508247,0.0616805681913555,NA,NA
"Wisconsin",1949,55,0.1515152,0.26,0.360120118124421,0.383313166754971,0.0190529590230163,0.0204348241500496,-0.120779550030461,0.901681070489288,-0.0626735371180858,0.0154990731033926,0.63609991571697,0.284763529354774,0.14749570902155,0.0590611928399142,NA,NA
"Wisconsin",1950,55,0.2121212,0.24,0.361303596143656,0.383386583689978,0.0178108936594419,0.0188045430702222,-0.0623112181010311,0.867967009620427,0.0313141334615941,-0.113868102245191,0.631243941826623,0.297223861832077,0.143721324183082,0.0892927795730327,NA,NA
"Wisconsin",1951,55,0.2121212,0.24,0.364869376035437,0.383517367047033,0.0169044702814813,0.016914867901092,-0.123180975866548,0.959078319608208,-0.123320519118757,-0.194590550225307,0.575738310807915,0.280676272708642,0.20965484501294,0.113484546502879,NA,NA
"Wisconsin",1952,55,0.2121212,0.25,0.366758144108589,0.384885867638789,0.0151404318433951,0.014990730415819,-0.142235426183169,0.850822879564564,-0.0498825718808354,-0.0775013686019008,0.646216959046141,0.296969629868334,0.137811001886229,0.0843075960274273,NA,NA
"Wisconsin",1953,55,0.2121212,0.25,0.371428705363525,0.384166551877959,0.0133467576309952,0.0129927639520467,-0.151504007004017,1.07900563167801,-0.0577428003663485,-0.0785981134463969,0.639822077033149,0.317459787078588,0.137805210588854,0.082212020288733,NA,NA
"Wisconsin",1954,55,0.2424242,0.36,0.375182097754665,0.382589231042827,0.0121924967350377,0.01221271548444,-0.222810555527816,1.1966152924088,0.0723745243145871,-0.0511756237934832,0.608612049389175,0.30807171540588,0.127025853599646,0.0829312450603869,NA,NA
"Wisconsin",1955,55,0.2424242,0.36,0.38120239352683,0.377765013750258,0.0120480456636656,0.0125261258209237,-0.168675009425014,1.18837777359766,0.099817483072105,0.0723718849765409,0.66690859316391,0.300590444169006,0.140180167900303,0.0747473306153486,NA,NA
"Wisconsin",1956,55,0.3030303,0.33,0.38836504970744,0.366165565459435,0.0113032359466152,0.0112752983840826,-0.229505074909566,1.20694595887396,-0.0078048725443316,-0.0892128166592574,0.629080699567336,0.313375978687821,0.126643134255187,0.119532622906406,37.8,61.6
"Wisconsin",1957,55,0.3030303,0.33,0.394515758853341,0.354797763223231,0.0111508114675455,0.0108518709917961,-0.260573849015107,1.34620844980833,0.166142409894505,0.106959773642287,0.618742753554379,0.318343362944175,0.137203828772274,0.0891137706364314,NA,NA
"Wisconsin",1958,55,0.3939394,0.5555556,0.402533214099975,0.343292937716307,0.011741014872525,0.0111264144997725,-0.346414721003991,1.11879832760717,0.0417415669185726,-0.0099676833685713,0.59932810251837,0.288915327389808,0.131037660939622,0.110872519584339,NA,NA
"Wisconsin",1959,55,0.3939394,0.5555556,0.40152915977977,0.335369753483278,0.0123552746608313,0.0119988724605645,-0.365500762106551,1.31287829041258,-0.141731444429752,0.0089926476750693,0.610650304090621,0.282987393667606,0.127217311060427,0.0928517242218788,NA,NA
"Wisconsin",1960,55,0.3939394,0.45,0.402002429941131,0.32506311235312,0.0124040755915177,0.0121866227707389,-0.351333162637986,1.3831281839882,-0.0544972574490293,0.297205598903845,0.619546146013454,0.290303903801182,0.130884402618061,0.116859262555149,48,51.8
"Wisconsin",1961,55,0.3939394,0.45,0.401648664840448,0.316364398099724,0.0122703874162057,0.0119497682550966,0.386445578663379,1.46834583950239,-0.174134247459681,0.234880961156874,0.524074920749228,0.269635370675059,0.116372755366326,0.100871221224179,48,51.8
"Wisconsin",1962,55,0.3333333,0.47,0.397024390314298,0.309236562643773,0.0118955882904699,0.0116520766519066,0.391197088089244,1.30065161523449,-0.214134172819826,0.100610830149458,0.516914340343042,0.273886155667771,0.162086108652404,0.097779945662614,48,51.8
"Wisconsin",1963,55,0.3333333,0.47,0.396102260590183,0.30147750250362,0.0119362482730703,0.0109948782957231,0.344345956654501,1.40689695379059,-0.304380431223988,0.200853803721251,0.491705785796935,0.285355237266207,0.140317496723229,0.144102098973673,48,51.8
"Wisconsin",1964,55,0.3939394,0.52,0.395465629912379,0.294124797225552,0.0123933887473424,0.0113314397463534,0.250614110615143,1.16474054270335,-0.147806193323148,0.0665342608962165,0.537284180668468,0.281958022688176,0.108538640923491,0.0835918660975931,62.1,37.7
"Wisconsin",1965,55,0.3939394,0.52,0.394097067870315,0.28543112419937,0.0115772697610147,0.0105165161344803,0.508386604240631,1.33043241272704,-0.401091221666252,0.111401190138832,0.407258494272823,0.302983388834149,0.115886951909056,0.0956199474839065,62.1,37.7
"Wisconsin",1966,55,0.3636364,0.47,0.391757765489971,0.278330534479505,0.0112774332590731,0.0105216869940109,0.46722590493871,0.853079175291487,-0.220397968361004,0.0983001396589267,0.388222833453157,0.288374959540182,0.0996553099742078,0.104443691819931,62.1,37.7
"Wisconsin",1967,55,0.3636364,0.47,0.390138156771589,0.272163101901921,0.0109445967780277,0.01039137861125,0.411959369017747,0.968194579966611,-0.344613359231677,-0.0240031196362074,0.405358731879374,0.329645410014705,0.123700222837625,0.114944116042572,62.1,37.7
"Wisconsin",1968,55,0.3030303,0.48,0.390292191390479,0.267360623317258,0.0107856578527323,0.0100593529130035,0.359049318966262,1.16467298503108,-0.424198270104917,0.114377803137369,0.428929501829485,0.338329935320904,0.101054077056056,0.110609764059417,44.3,47.9
"Wisconsin",1969,55,0.3030303,0.48,0.388102650378819,0.265708381779629,0.010569034564628,0.0102261006748954,0.258886522019114,1.26198747300327,-0.393370533144376,0.243491302450911,0.440755983647018,0.336033134274254,0.139846162026061,0.127632913939221,44.3,47.9
"Wisconsin",1970,55,0.3939394,0.67,0.389691075259328,0.265340923629136,0.0111476502633214,0.0102053747204723,0.141446891699519,1.04719918686342,-0.23588780233552,0.233170888817624,0.462859134142141,0.334706098679877,0.151571702156941,0.159994465040864,44.3,47.9
"Wisconsin",1971,55,0.3939394,0.67,0.391386206171611,0.263456127713946,0.011111712586052,0.010276683148345,-0.0070575832092932,1.2806894963675,-0.273801535407832,0.164293861898121,0.444672854221078,0.336098040426034,0.136277683783509,0.141638825500779,44.3,47.9
"Wisconsin",1972,55,0.4545455,0.6262626,0.392955086704094,0.257043278477991,0.0118207834975361,0.0101804341708656,0.11080888760361,1.64401596402855,-0.331247018757262,0.18778598782516,0.426282360108664,0.35728453331039,0.128195300150273,0.163330646696445,43.7,53.4
"Wisconsin",1973,55,0.4545455,0.6262626,0.398436010259619,0.250730575237421,0.0114069548654769,0.0104668586672435,0.0054816290906822,1.40231203571196,-0.447093315266012,0.326820073724056,0.461216678924522,0.358770779036586,0.142647623893932,0.121232343275588,43.7,53.4
"Wisconsin",1974,55,0.5757576,0.6363636,0.403523244290464,0.244872907608281,0.010755357573129,0.0098644436263785,-0.0419195175455783,1.13500336992605,-0.218842752214687,0.0571349974236839,0.416701667053034,0.377409483200856,0.124498623224624,0.130137510830912,43.7,53.4
"Wisconsin",1975,55,0.5757576,0.6363636,0.406658589506562,0.241099902278172,0.0111546697781018,0.0096279278591589,-0.0401732340288569,1.31802692178543,-0.340829565048196,-0.0043668666381586,0.421150546466052,0.377974558818918,0.126171087860307,0.155394429760869,43.7,53.4
"Wisconsin",1976,55,0.6969697,0.6666667,0.403833730227707,0.241230421522079,0.0104886369651982,0.0092963899523948,0.0903777208101636,1.24809697802447,-0.196283002052847,-0.196665963325014,0.424387096237171,0.342813964492182,0.121857538974468,0.150081951645481,49.5,47.8
"Wisconsin",1977,55,0.6969697,0.6666667,0.404099844052165,0.24120838295323,0.0103287144307208,0.0089282068069129,0.0223695415123316,1.40962247199033,-0.261826388224512,-0.106157605876541,0.404013555387245,0.345270004668668,0.120264234618017,0.196411103153272,49.5,47.8
"Wisconsin",1978,55,0.6774194,0.6060606,0.397926836224912,0.244645559330515,0.0098126886142044,0.0081598689867872,0.0237302558022554,1.35629957731303,-0.286095761982309,-0.150165244236937,0.390729544566951,0.36634674554102,0.123330585998589,0.180286161806384,49.5,47.8
"Wisconsin",1979,55,0.6774194,0.6060606,0.388446824235932,0.248663995072592,0.0091563260538727,0.0084380734908651,0.0085065966678869,1.23743220936702,-0.126475752647963,-0.132961786096203,0.387867394685874,0.360149225415843,0.127195576931496,0.20725428513003,49.5,47.8
"Wisconsin",1980,55,0.5757576,0.5959596,0.375605569684615,0.250599890862488,0.0095454987285193,0.0088769575044419,-0.00117321121971,1.12049000555544,-0.262425897519279,-0.200762063531969,0.401046912846646,0.359577581526134,0.117501916897137,0.177933791839671,43.2,47.9
"Wisconsin",1981,55,0.5757576,0.5959596,0.362153821152758,0.258410113774841,0.009731959287618,0.0084413481296708,-0.0801687384337148,1.23907654233267,-0.163494879623898,-0.0346339904768943,0.383957918511579,0.369587799994232,0.124362194588812,0.200010012793021,43.2,47.9
"Wisconsin",1982,55,0.5757576,0.5959596,0.353607345657953,0.262104772107592,0.0092606599120732,0.0085761118375303,0.380017996139797,1.26954299962615,-0.127217665283956,-0.158742319063379,0.335580660267832,0.345088804778428,0.124104328731863,0.197690662998594,43.2,47.9
"Wisconsin",1983,55,0.5757576,0.5959596,0.342229645283801,0.26740323489307,0.0088007722984287,0.0085721945949598,0.485520155687465,1.4246883358356,-0.0469617864498414,-0.0879645221999367,0.32134260241055,0.35987326204169,0.130033084901511,0.165809875225422,43.2,47.9
"Wisconsin",1984,55,0.5757576,0.5252525,0.334299684872319,0.276421588449282,0.0087246826103709,0.0085268362583206,0.473921601699672,1.38249087227601,0.0869078307270264,-0.0607623948917592,0.320768686348992,0.352900543904071,0.11993543635053,0.169272682935565,45,54.2
"Wisconsin",1985,55,0.5757576,0.5252525,0.330559358697414,0.282739696472057,0.0082983867441583,0.0084386186011199,0.458426381366803,1.24530867637899,0.0581715836533585,-0.107008819864447,0.306633096268486,0.32352426295308,0.152339600521709,0.162358905903378,45,54.2
"Wisconsin",1986,55,0.6451613,0.5454546,0.327491577999521,0.281485020087344,0.0084349043631659,0.0083952165510374,0.499259768485794,1.20721071857657,0.152213584183,-0.066941507547845,0.320217810955153,0.359347183039423,0.149807004721481,0.171855602285916,45,54.2
"Wisconsin",1987,55,0.6451613,0.5454546,0.324278421695243,0.280828753881014,0.0084684186750552,0.0080507957350954,0.55109127822257,1.29827377926276,0.213240632141263,-0.0389754285781792,0.295298689748555,0.365260593296487,0.125938774898861,0.131786413016541,45,54.2
"Wisconsin",1988,55,0.6060606,0.5656565,0.326242685367583,0.282857487902942,0.0088475661175553,0.0085406539147785,0.511655145957253,1.18817991354928,0.193558899951487,0.0931436158486139,0.29551194202359,0.341912829665859,0.145864823635109,0.125934170539847,51.4,47.8
"Wisconsin",1989,55,0.6060606,0.5656565,0.322919215767608,0.288624046988875,0.0088282489716373,0.0089098996950109,0.443840335027784,1.40424531884774,0.271544003370914,0.204100514776582,0.284468646617125,0.329249476144556,0.157263340905855,0.119454044955045,51.4,47.8
"Wisconsin",1990,55,0.5757576,0.5858586,0.317775747074195,0.293859714525792,0.0091457134297942,0.0088017264623249,0.389814842230587,1.27708971862158,0.370994797052137,0.103612053019193,0.285040321447761,0.343607855105378,0.163882206743584,0.119812364558366,51.4,47.8
"Wisconsin",1991,55,0.5757576,0.5858586,0.317581767109683,0.297702669913316,0.0090073730090107,0.0088545768323243,0.275374735427709,1.18188815126247,0.361265862420481,0.185592638954968,0.281461124113467,0.356922829985895,0.174601974423785,0.118070923083907,51.4,47.8
"Wisconsin",1992,55,0.4848485,0.5252525,0.318754917727305,0.297369087761704,0.0092148417123875,0.0089367206082566,0.443512194849354,1.05137803859132,0.42078238436738,0.0927528857829616,0.294457915519415,0.338816800215569,0.166343981160712,0.0995863070238711,41.1,36.8
"Wisconsin",1993,55,0.4848485,0.5252525,0.315795790050326,0.295584037473922,0.0091324530338128,0.0087908675684456,0.403003133253738,1.11487122347654,0.5228034622439,-0.0603582683876774,0.290772067502711,0.400324180358567,0.179040962559228,0.116823118975012,41.1,36.8
"Wisconsin",1994,55,0.4848485,0.4848485,0.320496326029863,0.289470488329488,0.0082931211854586,0.0084882288466617,0.627471766177513,1.03981357729643,0.376513351331176,-0.182176456211061,0.320475160852605,0.404015864034709,0.155922479152565,0.128281073075488,41.1,36.8
"Wisconsin",1995,55,0.4848485,0.4848485,0.327008979842117,0.286562427969011,0.0081209111998401,0.00863908433247,0.589572858386516,1.11181012469921,0.454751720183766,-0.27700104303845,0.330373048770953,0.357726244084345,0.189200195275819,0.10752843321237,41.1,36.8
"Wisconsin",1996,55,0.5151515,0.4747475,0.330996560177362,0.280995072940424,0.008382106752377,0.008520591921533,0.573750277212485,0.965039634475237,0.434855130642601,-0.204435881465311,0.31067054159681,0.38243289085558,0.142127368978797,0.122646546535749,48.8,38.5
"Wisconsin",1997,55,0.5151515,0.4747475,0.333380928798919,0.279554855555126,0.0083097785320629,0.0087139599440857,0.550521476012502,0.763814135996622,0.443403851144641,-0.180459652526076,0.303358616354962,0.378421424101436,0.185183331289834,0.124890990904025,48.8,38.5
"Wisconsin",1998,55,0.5151515,0.4444444,0.338528592302245,0.279588412403946,0.0087825985199847,0.0081099604716508,0.291695643114994,0.720837663782628,0.362524374933729,-0.209502746917318,0.299153205649341,0.378358549062561,0.157595237531334,0.128352651345072,48.8,38.5
"Wisconsin",1999,55,0.5151515,0.4444444,0.339295360034348,0.280953119693841,0.0079877073842291,0.0075510990294905,0.201210667803682,0.873253779555923,0.350216487211162,-0.0560369061865193,0.295330604885492,0.344275778831191,0.189419254530585,0.146662160075804,48.8,38.5
"Wisconsin",2000,55,0.5454546,0.4343434,0.340645838910035,0.287703675232242,0.0072262846623586,0.0068699417554756,0.196151112135354,0.971163947916573,0.317010965420622,-0.230913044684196,0.30490707349595,0.3439317166752,0.158103548623173,0.105228212476807,47.8,47.6
"Wisconsin",2001,55,0.5454546,0.4343434,0.344438504962182,0.291145439369817,0.0078961310061698,0.0073400876107113,0.36144765135472,0.992111344125221,0.382450065189715,-0.12255175927905,0.318118389055629,0.346778690318652,0.199173246846404,0.147397939327428,47.8,47.6
"Wisconsin",2002,55,0.4545455,0.4141414,0.344610441676187,0.297951068020961,0.0078441390053746,0.0082161092428984,0.420681373297218,1.00759092635718,0.420798609875237,-0.212640855498911,0.332125358067766,0.359401546287599,0.180119992163224,0.143577227155461,47.8,47.6
"Wisconsin",2003,55,0.4545455,0.4141414,0.346944730957527,0.304588011562599,0.0077526364803198,0.0079631537619665,0.398023894998728,0.915687240739458,0.392948472886263,0.0379339497248598,0.300975239765755,0.3330377295393,0.14942128179908,0.161699077025338,47.8,47.6
"Wisconsin",2004,55,0.4242424,0.3939394,0.351286225328934,0.302910497755508,0.0069752092352381,0.0071724790812351,0.349324473504717,0.865367316248211,0.450113396079209,-0.0155309636623127,0.305249662254855,0.340341717425049,0.118875932570445,0.120522449546643,49.7,49.3
"Wisconsin",2005,55,0.4242424,0.3939394,0.349914330435455,0.300994348873163,0.0074425940265561,0.0075708946414541,0.316250317336623,0.862802468741843,0.512716797333085,0.0449740953683132,0.321277755155183,0.345791989349326,0.130636507098319,0.119610597404894,49.7,49.3
"Wisconsin",2006,55,0.5454546,0.4747475,0.34739229094532,0.29772646840956,0.0072162915508274,0.0066847632198561,0.273082243836982,0.74326461959385,0.711262510806587,-0.02350170411394,0.303652148199128,0.33686980227083,0.126233877761821,0.105401774175312,49.7,49.3
"Wisconsin",2007,55,0.5454546,0.4747475,0.355942199549897,0.284374300572942,0.0070446960682055,0.0067299774100947,0.22233930909076,0.692204843843546,0.829422626168791,0.0344809854076076,0.306543965878643,0.343965791353414,0.141850858523549,0.0954481329450073,49.7,49.3
"Wisconsin",2008,55,0.5454546,0.5306122,0.360349966040761,0.280960666545218,0.0072705334146816,0.0066830031199144,0.225799405854288,0.836399150012079,0.899626451964312,0.0024053423359971,0.300318550714125,0.313233813864032,0.158645282766137,0.0873858248315442,56.2,42.3
"Wisconsin",2009,55,0.5454546,0.5306122,0.349012641722172,0.28189682504764,0.0069718126362507,0.0067981361566279,0.467763928048447,0.971811981962984,0.727964430523161,-0.203624646931284,0.285823847102953,0.308464603463807,0.170583923266417,0.0880812161297056,56.2,42.3
"Wisconsin",2010,55,0.4242424,0.3877551,0.343434828141698,0.287521985419238,0.0065597311770311,0.0061784829805217,0.556228855617833,1.13183565069475,0.972660401868918,-0.338149227085894,0.289274251048227,0.315643876180399,0.170657416464547,0.0866715557501255,56.2,42.3
"Wisconsin",2011,55,0.42424242,0.38383838,0.347822012333449,0.281647439836474,0.0068955112706466,0.0067577725098387,0.453343378717772,0.990184471484363,1.02727936158183,-0.286702475217383,0.296936224679767,0.314634312826562,0.187150152493614,0.0847681007762764,56.2,42.3
"Wisconsin",2012,55,0.48484849,0.39393939,0.347848389273544,0.280403307525541,0.0070876778285566,0.0064139519845026,0.391116466185002,0.934203453386797,1.13836534190569,-0.291751707246748,0.292644119212032,0.348657506559257,0.199684798170673,0.080498738452879,52.8,45.9
"Wisconsin",2013,55,0.45454545,0.39393939,0.347135035906073,0.276413815236281,0.0075235060705793,0.0076070795239785,0.294231891845013,0.785126057914819,1.39083024839246,-0.388142773845297,0.318969294640332,0.383782074471007,0.237656771078315,0.104365923125096,52.8,45.9
"Wisconsin",2014,55,0.45454545,0.39393939,0.353613571461946,0.278470086981673,0.0081502540071919,0.0084833352938807,0.329612419705752,0.691191077302903,1.57622250920626,-0.372762919273808,0.293650441455231,0.414498074445192,0.290553045316362,0.115282623102677,52.8,45.9
"Wyoming",1946,56,0.2962963,0.3035714,0.414856270928556,0.318660092117985,0.0375839761976024,0.034094000300199,-0.748258658196707,0.184373308188748,0.103142280459069,0.0503713683770749,0.770742775176128,0.293432935338347,0.153832035427443,0.10047383076957,NA,NA
"Wyoming",1947,56,0.2962963,0.3035714,0.414641920549564,0.318837418438978,0.0350758861218355,0.032658871651847,-0.93520928958763,-0.108807516482238,0.0882516920984808,0.0516782142878026,0.764946733100706,0.296257073274944,0.158239126168757,0.0949387593713865,NA,NA
"Wyoming",1948,56,0.3333333,0.375,0.414709958186654,0.318628647974867,0.0335554837190703,0.0311821123306169,-0.920501312542798,-0.10377064602258,0.0666199945951723,0.0846705227056362,0.778803263275228,0.313630207400624,0.134188838844862,0.0895829864264486,NA,NA
"Wyoming",1949,56,0.3333333,0.375,0.414064410478016,0.318814661590745,0.0316246724637357,0.0305707555270465,-0.514268476192777,-0.0135327246206435,-0.144118303385722,0.126358546832087,0.714706479702793,0.297002506408162,0.167745282420979,0.101869278245333,NA,NA
"Wyoming",1950,56,0.3703704,0.2142857,0.411420762024067,0.319617666610051,0.0295716550347781,0.0295670056951073,-0.595688114772397,-0.0663545986928286,-0.0783896291257809,-0.001647962805502,0.736471662975318,0.299382524171605,0.176978355383712,0.127459874750067,NA,NA
"Wyoming",1951,56,0.3703704,0.2142857,0.411039734810938,0.321220604270313,0.0288471864068847,0.02870333694092,-0.506231561279565,-0.180881277839861,-0.26702002446612,0.0229231842380554,0.6960102578955,0.290758126923471,0.215315732412869,0.135174965658369,NA,NA
"Wyoming",1952,56,0.2222222,0.4285714,0.410235482504124,0.323153672580512,0.0276350151497106,0.0274767701767442,-0.567747026009303,-0.184606873013607,-0.232572196468303,0.0015881783707529,0.732233656003595,0.291158808351731,0.187658630865793,0.128004583728025,NA,NA
"Wyoming",1953,56,0.2222222,0.4285714,0.404855995711723,0.335156872636833,0.0260723615562887,0.025559290197341,-0.611369907818891,-0.173465526412496,-0.206590539251,-0.0102956921227014,0.699457128987549,0.336034808575777,0.18192831090171,0.128546187080282,NA,NA
"Wyoming",1954,56,0.2962963,0.5,0.403766759536287,0.338014844934653,0.0250481288190217,0.0243995170678486,-0.595248866425428,-0.21986242635968,-0.178173123569842,0.0043491048004267,0.693797362828389,0.288081751241183,0.163557852953166,0.110339283596258,NA,NA
"Wyoming",1955,56,0.2962963,0.5,0.401020643987821,0.341637640681041,0.0238650179754986,0.0235123600516061,-0.620933949344161,-0.0409507396954002,-0.11426500238024,0.102347628371854,0.686633204193807,0.306489344904862,0.189165101751489,0.115503052439678,NA,NA
"Wyoming",1956,56,0.4074074,0.4642857,0.398948620104368,0.343561495383771,0.0227551825601703,0.0222112460557525,-0.729421357688493,-0.0397512057947347,-0.341663408598052,0.0052681051711219,0.70292461731732,0.293710948701054,0.189272122768295,0.131756894441901,39.9,60.1
"Wyoming",1957,56,0.4074074,0.4642857,0.394060631621653,0.347999436755664,0.0221378183666579,0.0220088807211571,-0.77278339307151,-0.0663172758851839,-0.189622344272507,0.156728344061427,0.74180496788698,0.285004536347895,0.169918333866739,0.130951785357586,NA,NA
"Wyoming",1958,56,0.4074074,0.5357143,0.390070334706045,0.352110430309762,0.0219361825135235,0.0213139315502859,-0.739600194898891,0.0383109778598184,-0.243380025778217,-0.0376760055677831,0.731255434990044,0.306721226615241,0.197058923622279,0.150798147510128,NA,NA
"Wyoming",1959,56,0.4074074,0.5357143,0.386923066149069,0.355331937642406,0.0216341346582526,0.0216947762713208,0.135456966449365,-0.110553824255013,-0.268049527946924,0.0186706701396415,0.542564571079046,0.288827602110099,0.188484603651928,0.141205210595011,NA,NA
"Wyoming",1960,56,0.3703704,0.375,0.381628451365849,0.359100689418377,0.0212314487460829,0.021037300617502,0.0465043213804726,-0.200103119142737,-0.309513162293386,0.111746401202531,0.551984125786507,0.29394247546186,0.196136163925447,0.156964875525944,45,55
"Wyoming",1961,56,0.3703704,0.375,0.375928965480218,0.361588713615012,0.0213281635675768,0.0202183023564433,0.0578435478640084,-0.0983852139484104,-0.312143339101382,0.241359117408462,0.530872343944858,0.280594436258791,0.171080099038596,0.13403746585542,45,55
"Wyoming",1962,56,0.4074074,0.3392857,0.369836409457544,0.364074570317826,0.0204961222111424,0.0185350299127926,0.0206565109000945,-0.0214476705325102,-0.37251886969923,-0.0599395427459437,0.546579065813868,0.278820264335242,0.206425739165868,0.135141202460812,45,55
"Wyoming",1963,56,0.4074074,0.3392857,0.363414999857101,0.365024910603954,0.0198936511119773,0.0185384050142099,-0.0199629089084457,-0.272155020164249,-0.485142595335724,0.107549565923454,0.574178214119726,0.294887149340421,0.160647099723822,0.138462592047134,45,55
"Wyoming",1964,56,0.48,0.557377,0.359752857607494,0.361609240920876,0.0196045708911049,0.0186306124455361,-0.115217478115496,-0.394115356581449,-0.339108552038742,0.0987079644760856,0.549371592601586,0.285520638691341,0.198104951410601,0.135387516555198,56.6,43.4
"Wyoming",1965,56,0.48,0.557377,0.356414340924039,0.359036673795362,0.019241737265638,0.0189661811889366,0.36289345859422,-0.471451473770354,-0.565724258567358,0.163868346399055,0.427365935068262,0.308073347094582,0.16051228919411,0.135680728164289,56.6,43.4
"Wyoming",1966,56,0.4,0.4590164,0.355291543954985,0.355717795391086,0.0199292449982385,0.0192411501516188,0.315555565471754,-0.666656735022177,-0.568040287147737,0.156012811040658,0.43564185461661,0.32475859543275,0.136807941941368,0.144593224752847,56.6,43.4
"Wyoming",1967,56,0.4,0.4590164,0.351709360121822,0.354061186084604,0.0200379022032615,0.0191431568945958,0.226114897785838,-0.448799271476387,-0.581984960455715,0.0868818682251321,0.432911926125061,0.355762192272935,0.163466138166124,0.151091803958627,56.6,43.4
"Wyoming",1968,56,0.4,0.2622951,0.34986817277129,0.351558430504132,0.0206139151872564,0.0194166923883578,0.178465267061618,-0.571560558924249,-0.50863225833652,0.0987810751216162,0.441202338261124,0.353645368751196,0.138016404514919,0.166672922984813,35.5,55.8
"Wyoming",1969,56,0.4,0.2622951,0.346925614277058,0.349980352611562,0.0206226717847774,0.0195166922294827,0.10589464239651,-0.837960168665184,-0.42511904485717,0.223818142962503,0.419167585172523,0.340717056948575,0.170814386122292,0.17854929767445,35.5,55.8
"Wyoming",1970,56,0.3666667,0.3333333,0.344477645183435,0.347435813584313,0.0211580672269222,0.0200904949283594,-0.0180185672318526,-0.903365944224594,-0.310516994986954,0.171756370763158,0.440946344334805,0.371466489430173,0.201018567525502,0.197549121941908,35.5,55.8
"Wyoming",1971,56,0.3666667,0.3333333,0.340906905774583,0.34603519515394,0.0213142301744912,0.0198549491676998,0.0088776658384625,-0.990150362992499,-0.254162828819737,0.104800172029028,0.447200236054467,0.354393558439076,0.214214582089489,0.158732443443735,35.5,55.8
"Wyoming",1972,56,0.4333333,0.2786885,0.336786685535159,0.344993652192987,0.0214880776147467,0.0200453515141131,-0.267333485742974,-1.05214972306234,-0.23106552998052,0.0443940423589227,0.449396036197071,0.364384027937563,0.190584532963502,0.194303520627152,30.5,69
"Wyoming",1973,56,0.4333333,0.2786885,0.332719634701708,0.343313446076983,0.0211892506518459,0.0198200235155441,-0.059957529422131,-0.920600818737703,-0.285648175114502,0.138752274992162,0.450586897557254,0.352977398110405,0.230224557452098,0.161548898934805,30.5,69
"Wyoming",1974,56,0.5,0.4754098,0.328625215475907,0.342300246224779,0.0206536850068694,0.0200368427565531,-0.0996066074651217,-1.00118263437333,-0.201639394831152,-0.125871447346214,0.427416121781526,0.37555472094499,0.19517176480409,0.18997127360938,30.5,69
"Wyoming",1975,56,0.5,0.4754098,0.324947594589969,0.34108560394496,0.0199604024491494,0.0197092589974243,-0.0710516805166605,-1.11148965392129,-0.228580283401531,-0.193848334218006,0.434320984479892,0.403775787942859,0.23816352765096,0.216682379535914,30.5,69
"Wyoming",1976,56,0.4,0.4754098,0.320774928442441,0.340024331886734,0.0194783389231679,0.0194233975517684,-0.122132036990281,-0.973280336298252,-0.144460767186281,-0.369848328459812,0.424831509656988,0.35984068747889,0.195805173383765,0.186710204395538,39.8,59.3
"Wyoming",1977,56,0.4,0.4754098,0.317168254759004,0.340694192111351,0.0191043579055003,0.019321256919361,-0.105967623294114,-1.21627308097158,-0.206586696756358,-0.41031704627431,0.429565769689064,0.348665591404041,0.21280445168703,0.251819912718919,39.8,59.3
"Wyoming",1978,56,0.3666667,0.3225806,0.31257785595043,0.341986167298089,0.01838327733362,0.0192371323501537,0.0548299690506811,-1.12330326025011,-0.206729420270952,-0.473635121662925,0.406146759276264,0.35293650357262,0.213289472717713,0.228637714617253,39.8,59.3
"Wyoming",1979,56,0.3666667,0.3225806,0.309429567369209,0.344310922564327,0.0178959682021598,0.0186967028112658,0.0558075819862058,-1.21885737446559,-0.0513441711241908,-0.420468166468029,0.391479900519537,0.343003222723349,0.205373964640726,0.252867920321043,39.8,59.3
"Wyoming",1980,56,0.3666667,0.3709677,0.30672137005981,0.346347841490474,0.0178948774007064,0.0185811610086061,0.0118224987276902,-1.21675062613026,-0.154398956785586,-0.569230100405584,0.384662113897802,0.335858084117284,0.20950658639025,0.228436047305692,28,62.6
"Wyoming",1981,56,0.3666667,0.3709677,0.305050531221359,0.348412704480533,0.0174580296846821,0.0177211950823904,-0.0555514366646103,-1.31726705430989,-0.0921957978493085,-0.504854075180876,0.398751057932752,0.3718195936877,0.210913887027669,0.246936998321045,28,62.6
"Wyoming",1982,56,0.3666667,0.3968254,0.303541987400764,0.350143457657765,0.0165840315508411,0.0173173950716922,-0.0411610362966506,-1.38144358580164,-0.0569951481735341,-0.646494219196596,0.363625718448211,0.367485085330879,0.196700717058176,0.227694982896606,28,62.6
"Wyoming",1983,56,0.3666667,0.3968254,0.30076012695741,0.352094811992066,0.0162726508173045,0.0168217008994127,-0.0750387089705157,-1.08502400247671,-0.0610479221506432,-0.682359757865032,0.380430571030409,0.342715394056826,0.164133857096861,0.213556511508084,28,62.6
"Wyoming",1984,56,0.3666667,0.28125,0.29851894582355,0.354022335295265,0.0157685853921454,0.016146526454814,-0.076716393524084,-0.824584183978169,0.0305747700942316,-0.417142658839758,0.39187750864084,0.356776400681474,0.142235952471073,0.219150917639143,28.2,70.5
"Wyoming",1985,56,0.3666667,0.28125,0.295651552130188,0.356986100098777,0.0156376212355674,0.0154040588434051,-0.131298928365753,-0.734221644389777,-0.0901109437913597,-0.54187697425792,0.39831115222576,0.331796192527304,0.167550271477612,0.203083630715168,28.2,70.5
"Wyoming",1986,56,0.3666667,0.3125,0.292579405858068,0.3593739124067,0.014837138985585,0.0154443832668428,-0.113329709600178,-0.69969536501627,0.0528288050505336,-0.416451636677583,0.373297892783278,0.330073084872984,0.159254331472479,0.195447926539094,28.2,70.5
"Wyoming",1987,56,0.3666667,0.3125,0.289878709382815,0.364536006855804,0.014431773074841,0.0152973824910058,-0.155896797366872,-0.785838136042773,-0.0641910075091383,-0.445376310184947,0.38523668282846,0.348000349959629,0.165172836966572,0.164344752073941,28.2,70.5
"Wyoming",1988,56,0.3666667,0.359375,0.285596633129567,0.371860065978648,0.0146699786356919,0.0153621149595352,-0.164697188618561,-0.656506319937752,-0.0134354639505502,-0.283388188134648,0.363293366352868,0.33455688394944,0.173400889628338,0.156244262742082,38,60.5
"Wyoming",1989,56,0.3666667,0.359375,0.280637597275415,0.379283228839129,0.0144418993000921,0.0152623003916725,-0.383435253286382,-0.875111874437324,-0.116408847294058,-0.149656899261767,0.369224605014493,0.333855910904447,0.195783111128743,0.14318064434638,38,60.5
"Wyoming",1990,56,0.3333333,0.34375,0.275377750989658,0.38617306782793,0.0135681463854753,0.0148277068983251,-0.390776583216612,-0.699150183593581,-0.000876083819008,-0.105727556734368,0.363141232504336,0.321032235652467,0.183909101127923,0.135483878218616,38,60.5
"Wyoming",1991,56,0.3333333,0.34375,0.273542978648009,0.391020880472842,0.0136157242878631,0.0152307633274527,-0.423267920663868,-1.04288913880127,-0.0365396703712422,-0.087997954416293,0.361967120757541,0.34698329978931,0.21018879211859,0.150114763874835,38,60.5
"Wyoming",1992,56,0.3333333,0.3166667,0.271486953323763,0.396735210227208,0.0134660354987549,0.0150028006256416,-0.397605783084258,-1.11813498880847,0.0023996186194994,-0.0658899775232128,0.357574017098026,0.333822893435503,0.199154772033819,0.132811384149869,34,39.5
"Wyoming",1993,56,0.3333333,0.3166667,0.268687550203397,0.402367465015394,0.0134385424366243,0.0147750729909064,-0.369942009675172,-1.37755800607451,0.0832312646617685,-0.301632496878479,0.346909824356053,0.392671673190153,0.221420373986384,0.144714933339757,34,39.5
"Wyoming",1994,56,0.3333333,0.2166667,0.265459612884621,0.407928872058241,0.0134809225934507,0.0151912073507714,-0.438082384207654,-1.51410127390275,-0.0660052116950079,-0.361815717561327,0.370105625009843,0.414633418244487,0.217992535158286,0.160934811447979,34,39.5
"Wyoming",1995,56,0.3333333,0.2166667,0.262120517413803,0.41427623639518,0.0133650827104666,0.0149642529234372,-0.435799085630279,-1.43768640266147,-0.0480441427434091,-0.499021638785276,0.364889573494749,0.405514088317768,0.247864936309559,0.152909203952695,34,39.5
"Wyoming",1996,56,0.3,0.2833333,0.261487260111118,0.417042612101896,0.0136783316454552,0.0155415851060855,-0.474215244651728,-1.48883067769931,0.063541987422047,-0.314186503355051,0.332111479534949,0.397809657085352,0.200970452590492,0.166963182374698,36.8,49.8
"Wyoming",1997,56,0.3,0.2833333,0.260458189317919,0.420328819858886,0.0136968304576687,0.0156578796351878,-0.478181934278697,-1.45436705891521,0.0284669918439001,-0.402747364844123,0.336051105926578,0.43195988360141,0.220054147907212,0.169942675876095,36.8,49.8
"Wyoming",1998,56,0.3333333,0.2833333,0.259427573455206,0.425081384177119,0.0134379529598901,0.0155238868954902,-0.45400245545255,-1.77223243971943,0.0235446611530406,-0.353930266654445,0.357729272049822,0.402791289585532,0.220805133373639,0.160339496321322,36.8,49.8
"Wyoming",1999,56,0.3333333,0.2833333,0.257807179677798,0.428899498950322,0.0130694676607592,0.0150979248569568,-0.462155502684372,-1.62090499062601,-0.0157910952764428,-0.282285845719183,0.36242352379768,0.391346445413296,0.228043071532995,0.161279482903009,36.8,49.8
"Wyoming",2000,56,0.3333333,0.2333333,0.255701453043185,0.434145708247082,0.0124639881649945,0.0144958301316434,-0.472852088092176,-1.79105598314355,-0.039070943158113,-0.347019338993648,0.360322219473929,0.410359461311409,0.219670671940061,0.133246416478343,27.7,67.8
"Wyoming",2001,56,0.3333333,0.2333333,0.24986766145418,0.439033946395507,0.0129287869713962,0.0152052760280079,-0.582515518186183,-1.88058599723867,-0.0371969838503867,-0.354744009616781,0.356904507192328,0.423494677988523,0.239593463492282,0.180481551136568,27.7,67.8
"Wyoming",2002,56,0.3333333,0.25,0.243435813237878,0.443868527772782,0.0124828864965468,0.0153773708627156,-0.605313573986089,-1.94087810122369,-0.0461365621446176,-0.398233114450848,0.369380259567214,0.418684623886462,0.223821121168692,0.166099902836845,27.7,67.8
"Wyoming",2003,56,0.3333333,0.25,0.237041810458212,0.44993081010281,0.0116563098675403,0.0146481872184155,-0.550205722645345,-1.44640037576051,-0.113300478276442,-0.293912636828013,0.335813353288559,0.412550879428131,0.219305708497386,0.1965483415494,27.7,67.8
"Wyoming",2004,56,0.2333333,0.2333333,0.230876078778726,0.45463119759786,0.0112870746447977,0.0138066434007511,-0.652759382961851,-1.68403847200684,-0.0383736199956477,-0.361149321008046,0.36094543580996,0.449989826690495,0.17723150670744,0.141498357663211,29.1,68.9
"Wyoming",2005,56,0.2333333,0.2333333,0.227782192918592,0.455016026969817,0.0113990026535874,0.0140913145115637,-0.647470744782466,-1.49382414250573,-0.0120960374146293,-0.464335728895161,0.345212387658968,0.464253929373825,0.182562080737006,0.169958487158814,29.1,68.9
"Wyoming",2006,56,0.2333333,0.2833333,0.225611210959824,0.454568737913983,0.0111777997827541,0.0137089802598692,-0.672612645588452,-1.33125861862192,0.130295284844372,-0.483313687932504,0.368819577168141,0.410185470866277,0.172952510943652,0.132500385228127,29.1,68.9
"Wyoming",2007,56,0.2333333,0.2833333,0.220718254491454,0.455761735533506,0.0111377263715594,0.0138468441290749,-0.595167953203996,-1.35832276907554,0.117776928736168,-0.47613277492434,0.341492616702145,0.397813060641622,0.201555024820628,0.158548263213977,29.1,68.9
"Wyoming",2008,56,0.2333333,0.3166667,0.216631500612591,0.456546158369759,0.0117928161900195,0.0138433191274053,-0.65615445418673,-1.32993841041141,0.202799492512433,-0.532709757366849,0.340364124771233,0.41057557236548,0.238191381268726,0.131681329990739,32.5,64.8
"Wyoming",2009,56,0.2333333,0.3166667,0.21292529791827,0.455334616412695,0.0116265769343147,0.014062850031455,-0.662815506721775,-1.27497961746269,-0.0040316344576791,-0.704389117719329,0.330754918303691,0.397659915888183,0.258957441548268,0.142971593595555,32.5,64.8
"Wyoming",2010,56,0.1333333,0.1666667,0.210968598465144,0.453645744635201,0.011798139220164,0.0139306043056111,-0.726781882473876,-1.84726719804328,0.403563357515346,-0.76454695566897,0.344314104528438,0.419375513733212,0.256360791990186,0.162273365672947,32.5,64.8
"Wyoming",2011,56,0.13333333,0.16666667,0.208524820779871,0.453476681426758,0.0124861854077165,0.0147830718805994,-0.715509528699324,-1.80804342071443,0.379067173695793,-0.67432698593811,0.34030342443595,0.456597397741883,0.273903149453214,0.14634442333916,32.5,64.8
"Wyoming",2012,56,0.13333333,0.16666667,0.205021161666978,0.455478518632132,0.0128384057971941,0.0153353902473025,-0.781642735594788,-1.81679777254837,0.489055805424004,-0.74501687136398,0.344303370478903,0.460241208639289,0.300725247121734,0.156105126426902,27.8,68.6
"Wyoming",2013,56,0.13333333,0.13333333,0.203493516630194,0.457095470942251,0.0138485798581403,0.0170792219863165,-0.605310382835422,-1.64890823381511,0.536810434154628,-0.7672906069221,0.347383629836694,0.548376417517553,0.346084649102587,0.177570791760607,27.8,68.6
"Wyoming",2014,56,0.13333333,0.13333333,0.201522003907678,0.459655149898726,0.0147692193300323,0.0187132860454749,-0.656678353030204,-2.07108633180282,0.642079366812065,-0.846085031938001,0.345261772306595,0.609346290199053,0.393899770961867,0.196561841159544,27.8,68.6
